id,nome,stock,peso_kg,preco_eur,imagem,sku
2731,Bolígrafo de caligrafía con 4 recambios para cuaderno mágico,23958,0.25,0.39,https://dropipro.com/storage/products/2731/WechatIMG2686_1777999894.jpg,
2720,Linterna led con zoom 3modo FA-556,2000,0.24,2.99,https://dropipro.com/storage/products/2720/LINTERNA_1777985004.JPG,
2719,Espuma dental para blanqueamiento,599,0.3,2.49,https://dropipro.com/storage/products/2719/imagen-479561_1777984568.png,
2718,Alfombrilla de tierra (grounding) 60 x 40 cm,104,0.82,7.99,https://dropipro.com/storage/products/2718/almohadilla_1777980740.jpg,
2717,Afeitadora corporal con cuchillas de seguridad,300,0.33,5.69,https://dropipro.com/storage/products/2717/AFEITA_1777972325.jpg,
2716,Enfriador de vino de acero inoxidable,500,0.34,2.99,https://dropipro.com/storage/products/2716/ENFRIA_1777972129.jpg,
2715,Máquina de palomitas vintage,59,1.16,15.99,https://dropipro.com/storage/products/2715/palomi_1777971530.jpg,
2714,Gafas de lectura con ajuste de enfoque,500,0.5,3.49,https://dropipro.com/storage/products/2714/GAFAS_1777916767.jpg,
2712,Abridor eléctrico automático de botes y tarros,187,0.61,8.49,https://dropipro.com/storage/products/2712/abridor_1777732032.jpg,
2710,Escritorio portátil con cojín para ordenador,148,1.47,10.99,https://dropipro.com/storage/products/2710/MESA_1777485184.jpg,
2709,Bidé portátil para inodoro,350,0.66,3.99,https://dropipro.com/storage/products/2709/BIDE_1777484836.jpg,
2708,Pelador automático de frutas y verduras,355,1.03,9.49,https://dropipro.com/storage/products/2708/PELADOR_1777484459.jpg,
2707,Sujetador ultrafino de seda helada blanco ( talla XL = XL/XXL ),200,0.25,2.69,https://dropipro.com/storage/products/2707/sujetado_1777483687.jpg,
2706,Sujetador ultrafino de seda helada blanco ( talla M = M/L ),200,0.25,2.69,https://dropipro.com/storage/products/2706/sujetado_1777483687.jpg,
2705,Sujetador ultrafino de seda helada beige ( talla XL = XL/XXL ),200,0.25,2.69,https://dropipro.com/storage/products/2705/sujetado_1777483687.jpg,
2704,Sujetador ultrafino de seda helada beige ( talla M = M/L ),200,0.25,2.69,https://dropipro.com/storage/products/2704/sujetado_1777483687.jpg,
2703,Batido detox con fibra natural que ayuda a acelerar el metabolismo y apoyar la pérdida de peso en solo 10 días,393,0.6,5.99,https://dropipro.com/storage/products/2703/DETOX_1777472162.jpg,
2702,Aspirador inalámbrico de 120W,392,1.02,10.49,https://dropipro.com/storage/products/2702/ASPI_1777471780.jpg,
2685,Cepillo alisador portátil ( 2Colores ),179,0.52,6.49,https://dropipro.com/storage/products/2685/CEPILLO_1777044506.jpg,
2681,Pestañas magnéticas reutilizables con aplicador,199,0.26,6.49,https://dropipro.com/storage/products/2681/pestana_1776786238.jpg,
2680,Parches antihongos para uñas (16 unidades),2672,0.22,1.69,https://dropipro.com/storage/products/2680/parche_1776768242.jpg,
2679,Parches antihongos para uñas (60 unidades),2554,0.22,1.99,https://dropipro.com/storage/products/2679/hongo_1776352192.jpg,
2678,Funda de almohada satén gris para modelo ( Almohada ergonómica antiestrés ),1497,0.26,1.59,https://dropipro.com/storage/products/2678/FUNDAGRIS_1764872974_1775834363.jpg,
2677,Funda de almohada satén gris para modelo ( Almohada de punto ergonómica 3D ),1485,0.26,1.59,https://dropipro.com/storage/products/2677/FUNDAGRIS_1764872974_1775834363.jpg,
2676,Set de 5 bolsas organizadoras de compresión para maleta,299,0.68,6.99,https://dropipro.com/storage/products/2676/organiza_1775833981.jpg,
2674,"Pintura anticorrosiva para metal con pincel (100 g), convertidor de óxido y restaurador de superficies",126,0.35,2.49,https://dropipro.com/storage/products/2674/RUST_1775127939.jpg,
2673,Farola solar exterior con sensor de movimiento 400 W,103,1.32,11.99,https://dropipro.com/storage/products/2673/61ZPy4JBehL._AC_SL1300__1775126613.jpg,
2645,Gafas fotocromáticas con protección UV para mujer,647,0.23,2.29,https://dropipro.com/storage/products/2645/WechatIMG2588_1773744636.jpg,
2644,Gafas de sol polarizadas con lentes fotocromáticas,65,0.23,1.99,https://dropipro.com/storage/products/2644/gafa_1773742967.jpg,
2643,Probióticos vaginales para el cuidado íntimo femenino,38,0.27,2.89,https://dropipro.com/storage/products/2643/probioti_1773741453.jpg,
2642,Gel exfoliante purificante 50 g para rostro y cuerpo,1149,0.27,1.99,https://dropipro.com/storage/products/2642/613SfrNjUNL._AC_SX569__1775568151.jpg,
2641,Moroccanoil – Tratamientos Capilares con Aceite de Argán 100ml,393,0.46,3.99,https://dropipro.com/storage/products/2641/ACEITE_1773677663.JPG,
2640,Spray de nutrición con queratina para uñas,1151,0.29,1.89,https://dropipro.com/storage/products/2640/613536292_1328564002624683_3167888408250939837_n_1773675731.jpg,
2639,Restaurador de óxido color gris 100g,68,0.24,2.69,https://dropipro.com/storage/products/2639/OXIDO_1773675471.JPG,
2638,Cera de grafeno para coche – protección y brillo de larga duración,381,0.34,2.49,https://dropipro.com/storage/products/2638/car_1773675015.jpg,
2637,Leggins Mujer Push Up negro talla L/XL,1800,0.4,3.99,https://dropipro.com/storage/products/2637/NEGRO_1773393177.jpg,
2636,Leggins Mujer Push Up negro talla S/M,1541,0.4,3.99,https://dropipro.com/storage/products/2636/NEGRO_1773393177.jpg,
2625,Linterna LED recargable de alta potencia,176,0.46,4.69,https://dropipro.com/storage/products/2625/linterna_1771597722.jpg,
2624,Almohada cervical viscoelástica diseño mariposa Celeste,1345,1.5,9.99,https://dropipro.com/storage/products/2624/alm_1771519772.jpg,
2623,Almohada cervical viscoelástica diseño mariposa GRIS,1459,1.5,9.99,https://dropipro.com/storage/products/2623/almgr_1771519727.jpg,
2622,Plantilla ergonómica con tecnología 4D Cloud ( talla mujer ),1693,0.27,1.89,https://dropipro.com/storage/products/2622/71JJpmE7zoL._AC_SL1500__1771503145.jpg,
2621,Plantilla ergonómica con tecnología 4D Cloud ( talla hombre ),1561,0.27,1.89,https://dropipro.com/storage/products/2621/71JJpmE7zoL._AC_SL1500__1771503145.jpg,
2605,Sup Resina orgánica pura del Himalaya SHILAJIT 100g,635,0.34,2.69,https://dropipro.com/storage/products/2605/shilajit_1770820464.jpg,
2604,Kit de restauración cerámica para faros,220,0.43,3.69,https://dropipro.com/storage/products/2604/WechatIMG2554_1770735825.jpg,
2603,Kit de revestimiento cerámico 3 en 1 para arañazos de coche,116,0.35,2.89,https://dropipro.com/storage/products/2603/cera_1770735550.jpg,
2601,"Plantillas para aumentar altura 3,5 cm (2 unidades)",479,0.24,1.99,https://dropipro.com/storage/products/2601/plantilla_1778670461.jpg,
2600,Calcetines de turmalina premium para bienestar y confort,87,0.26,1.99,https://dropipro.com/storage/products/2600/CALCETI_1770304634.jpg,
2599,Limpiador de espuma para tuberías (botes similares),240,0.6,3.69,https://dropipro.com/storage/products/2599/WechatIMG2550_1770303564.jpg,
2582,Sujetador de sábanas bajeras – 4 unidades,360,0.3,1.69,https://dropipro.com/storage/products/2582/COLCHON_1769280841.jpg,
2581,Organizador de almacenamiento bajo escritorio,300,0.54,3.29,https://dropipro.com/storage/products/2581/cajon_1769280152.jpg,
2580,Limpiacristales magnético con depósito para líquido,86,1.06,4.69,https://dropipro.com/storage/products/2580/limpiaclist_1769279986.jpg,
2579,Juego de ollas antiadherentes (5 piezas),432,4.9,12.99,https://dropipro.com/storage/products/2579/salten_1769279846.jpg,
2578,Bolsas protectoras para lavar zapatillas en lavadora,168,0.37,2.89,https://dropipro.com/storage/products/2578/bolsa_1769279577.jpg,
2577,Parche térmico terapéutico lumbar,779,0.23,1.49,https://dropipro.com/storage/products/2577/lumbar_1769279374.jpg,
2576,Parche para aliviar la garganta,1000,0.23,1.49,https://dropipro.com/storage/products/2576/gargan_1769279004.jpg,
2575,Parche alivio dolor de talón,781,0.24,1.49,https://dropipro.com/storage/products/2575/talon_1769278937.jpg,
2574,Rodillera estabilizadora de rótula,768,0.31,3.49,https://dropipro.com/storage/products/2574/RODI_1769278777.jpg,
2573,Parche para el alivio de las venas varicosas,596,0.23,1.89,https://dropipro.com/storage/products/2573/valice_1769278007.jpg,
2572,Protector colchon impermeable 150x200 CM,127,0.8,7.49,https://dropipro.com/storage/products/2572/FUNDA_1769271668.jpg,
2571,Protector colchon impermeable 135x190 CM,136,0.8,6.99,https://dropipro.com/storage/products/2571/FUNDA_1769271668.jpg,
2570,Protector colchon impermeable 90x190 CM,119,0.8,6.29,https://dropipro.com/storage/products/2570/FUNDA_1769271668.jpg,
2569,Nebulizador portátil recargable para niños y adultos,95,0.4,10.49,https://dropipro.com/storage/products/2569/ATOMIZADOR_1769271037.jpg,
2568,Mini altavoz Bluetooth 3 en 1 con cargador inalámbrico y lámpara LED,95,0.43,4.49,https://dropipro.com/storage/products/2568/minialtavoz_1769270456.jpg,
2564,FLYER BYE BYE CELULITIS,57,0.05,1.0,https://dropipro.com/storage/products/2564/Screenshot2026-01-21at11.48.49AM_1769014150.png,
2563,Suplemento dietético para apoyar el metabolismo y controlar el apetito,60,0.37,3.89,https://dropipro.com/storage/products/2563/WechatIMG2516_1768501556.jpg,
2562,Suplemento dietético para controlar el apetito y favorecer hábitos saludables,21,0.36,3.29,https://dropipro.com/storage/products/2562/WechatIMG2514_1768501175.jpg,
2561,Suplemento dietético para perder peso y mantener el azúcar en equilibrio,37,0.26,3.49,https://dropipro.com/storage/products/2561/WechatIMG2513_1768499909.jpg,
2558,Parches GLP-1 – Apoyo diario para el control del apetito y el metabolismo,8429,0.2,1.49,https://dropipro.com/storage/products/2558/glp_1768243447.jpg,
2557,Separadores de cajones,500,0.38,2.49,https://dropipro.com/storage/products/2557/SEPARADOR_1768241223.jpg,
2556,Abridor de botellas retráctil multiusos,392,0.32,3.49,https://dropipro.com/storage/products/2556/ABRIDOR_1768240482.jpg,
2555,Protector contra salpicaduras de agua,420,0.42,2.99,https://dropipro.com/storage/products/2555/PROTEC_1768240309.jpg,
2554,Masajeador abdominal para quemar grasa,437,0.55,7.49,https://dropipro.com/storage/products/2554/ade_1768238807.jpg,
2553,Silla plegable portátil ultraligera,363,0.72,3.69,https://dropipro.com/storage/products/2553/SILLA_1768237222.jpg,
2552,Juego educativo de granja en fieltro para niños,342,0.6,6.99,https://dropipro.com/storage/products/2552/FIELT_1768236680.jpg,
2551,Organizador de cables (6 piezas),399,0.25,1.69,https://dropipro.com/storage/products/2551/cables_1768235384.jpg,
2550,Lámpara solar exterior con sensor de movimiento,770,0.43,3.49,https://dropipro.com/storage/products/2550/lampa_1768234046.jpg,
2549,Basta juego de palabras versión 2.0,391,0.44,4.49,https://dropipro.com/storage/products/2549/BASTA2.0_1768233062.jpg,
2548,Basta juego de palabras,414,0.6,5.49,https://dropipro.com/storage/products/2548/BASTA_1768232962.jpg,
2547,Manguera de conexión para sistema de enfriamiento,120,0.69,6.99,https://dropipro.com/storage/products/2547/IMAGEN_1766140135_1768232005.jpeg,
2546,Tapa de silicona multifunción anti-derrame,439,0.41,3.89,https://dropipro.com/storage/products/2546/TAPA_1768229790.jpg,
2545,Plantillas ortopédicas de EVA para masaje de pies,240,0.31,3.89,https://dropipro.com/storage/products/2545/PLANTILLA_1768226092.jpg,
2543,Juego educativo interactivo de mapa mundial en fieltro para niños – 45 piezas,296,0.7,6.99,https://dropipro.com/storage/products/2543/mapa_1768225228.jpg,
2542,Calcetines terapéuticos con punta abierta,568,0.26,1.99,https://dropipro.com/storage/products/2542/calcet_1768222322.jpg,
2541,Bolsa impermeable reutilizable para limpieza de campana extractora,500,0.32,3.49,https://dropipro.com/storage/products/2541/CAMPANA_1768221850.jpg,
2540,Colchón inflable portátil para coche,150,2.1,14.99,https://dropipro.com/storage/products/2540/COLCHON_1768221453.jpg,
2539,Sofá cama hinchable portátil,296,2.79,16.49,https://dropipro.com/storage/products/2539/SOFACAMA_1768220902.jpg,
2538,Cepillo multifunción 3 en 1,450,0.73,7.49,https://dropipro.com/storage/products/2538/WechatIMG2508_1768495300.jpg,
2537,Mini máquina de sellado al vacío,260,0.54,5.49,https://dropipro.com/storage/products/2537/WechatIMG2499_1768220096.jpg,
2536,Limpiador ultrasónico portátil multifunción,365,0.46,3.99,https://dropipro.com/storage/products/2536/LIMPIE_1768219733.jpg,
2535,Beevana - Crema Para dolores y articulaciones,0,0.0,0.0,https://dropipro.com/storage/products/2535/BEEVANA_1768219571.jpg,
2534,Crema adelgazante para hombres y mujeres,0,0.0,0.0,https://dropipro.com/storage/products/2534/ADELGA_1768219407.jpg,
2533,Spray eliminador de óxido,35,0.24,1.69,https://dropipro.com/storage/products/2533/OXIDO_1768219289.jpg,
2532,Spray de limpieza en seco,468,0.35,1.99,https://dropipro.com/storage/products/2532/WechatIMG2498_1768219149.jpg,
2531,Limpiador de película de aceite para parabrisas,493,0.36,2.49,https://dropipro.com/storage/products/2531/CEPILLO_1768218273.jpg,
2530,Guantes limpieza para mascotas,413,0.37,2.69,https://dropipro.com/storage/products/2530/WechatIMG2519_1768659861.jpg,
2516,Aceite anti-hongos uñas nueva fórmula,2,0.25,1.69,https://dropipro.com/storage/products/2516/WechatIMG2497_1767808248.jpg,
2504,Leggings Push Up anticelulitis 3D negro ( talla M = M/L ),968,0.43,4.99,https://dropipro.com/storage/products/2504/negro_1767025897.jpg,
2503,Alcachofa iónica con doble filtro,1041,0.6,4.09,https://dropipro.com/storage/products/2503/alcachofa_1767016141.jpg,
2501,Aceite calmante after shave con fragancia de fresa y vainilla,11,0.34,2.89,https://dropipro.com/storage/products/2501/WechatIMG2485_1767008831.jpg,
2489,Detector de radar de velocidad,4,0.34,6.99,https://dropipro.com/storage/products/2489/rada_1766406349.jpg,
2487,Filtro para el modelo de alcachofa Pro cromada,12257,0.2,0.45,https://dropipro.com/storage/products/2487/FILTR_1765975247.jpg,
2486,Alcachofa de ducha de alta presión Pro cromada,10962,0.49,4.09,https://dropipro.com/storage/products/2486/WechatIMG2439_1765974189.jpg,
2482,Braga faja reductora con control de abdomen y cintura alta negro M/L,197,0.35,3.69,https://dropipro.com/storage/products/2482/WechatIMG2466_1765972258.jpg,
2429,Funda de almohada satén blanco 35x55cm para modelo ( Almohada cervical viscoelástica Cuello ),946,0.24,1.59,https://dropipro.com/storage/products/2429/FUNDABLANCO_1764873045.jpg,
2428,Funda de almohada satén gris 35x55cm para modelo ( Almohada cervical viscoelástica Cuello ),953,0.24,1.59,https://dropipro.com/storage/products/2428/FUNDAGRIS_1764872974.jpg,
2329,Levanta Cola - Beige/S,0,0.31,9.99,https://dropipro.com/storage/products/2329/Disenosintitulo_1762726480.jpg,
2325,Levanta Cola NEGRO / L,65,0.31,9.99,https://dropipro.com/storage/products/2325/Disenosintitulo1_1762726394.jpg,
2287,Bálsamo antiarrugas VITALIS,25964,0.21,1.99,https://dropipro.com/storage/products/2287/bals_1777634515.jpg,
2249,Creatina para Mujeres,1,0.23,7.99,https://dropipro.com/storage/products/2249/pagina-4_optimized_1757169421.jpg,
2219,Pegatinas filtrantes para desague 10 piezas,3949,0.21,0.89,https://dropipro.com/storage/products/2219/FILTRANTEDESAGUE_1756731473.jpg,
2216,6 Piezas bandeja de silicona para freidora de aire ( colores variado ),8,0.25,2.99,https://dropipro.com/storage/products/2216/bandeja_1756561912.jpg,
2134,Bye Bye Celulitis,373,0.25,15.8,https://dropipro.com/storage/products/2134/Screenshot2025-03-11at12.52.14AM_1753895119.png,
2092,Dispositivo de ayuda para dormir,57,0.33,10.29,https://dropipro.com/storage/products/2092/DORMIR_1752591374.jpg,
2038,Pulseras repelente de mosquitos ultrasónico blanco,405,0.24,3.99,https://dropipro.com/storage/products/2038/MOSQBLAN_1749563788.jpg,
2037,Pulseras repelente de mosquitos ultrasónico negro,571,0.24,3.99,https://dropipro.com/storage/products/2037/pulseras_1749563330.jpg,
1609,Multivitaminico Líquido - Matutino,338,1.4,7.99,https://dropipro.com/storage/products/1609/principal-canva-mod-GRANDE-FINAL_1737469755.jpg,
2481,1 par de fundas de gel hidratantes para codos y rodillas,296,0.35,2.49,https://dropipro.com/storage/products/2481/WechatIMG2463_1765917864.jpg,
2480,Luz nocturna LED con detector de movimiento,171,0.34,3.99,https://dropipro.com/storage/products/2480/LUZ1_1765911257.jpg,
2479,Zapatero de plástico de 8 niveles con puerta,13,2.0,10.99,https://dropipro.com/storage/products/2479/ZAPA_1765910830.JPG,
2478,Recogedor de excrementos portátil para mascotas,222,0.5,5.49,https://dropipro.com/storage/products/2478/MIER_1765910384.jpg,
2477,Cinturón de masaje adelgazante,175,0.54,5.99,https://dropipro.com/storage/products/2477/CINTU_1765909846.jpg,
2476,Nebulizador portátil para adultos y niños,4,0.46,7.49,https://dropipro.com/storage/products/2476/ATOMISA_1765909609.jpg,
2475,Tira LED efecto fuegos artificiales,300,0.32,3.99,https://dropipro.com/storage/products/2475/LED_1765909391.jpg,
2474,Pulidor de coche inalámbrico de mano,120,0.78,9.49,https://dropipro.com/storage/products/2474/WechatIMG2457_1765909265.jpg,
2473,Secadora de ropa eléctrica portátil,17,1.24,10.99,https://dropipro.com/storage/products/2473/WechatIMG2456_1765909003.jpg,
2472,Filtro purificador de agua,472,0.43,3.49,https://dropipro.com/storage/products/2472/GRIFO_1765905908.JPG,
2471,Juego de limpiador de zapatillas de espuma sin agua,439,0.64,4.89,https://dropipro.com/storage/products/2471/WechatIMG2454_1765897754.jpg,
2467,Bragas Moldeadoras de glúteos para Mujer negro M/L,200,0.32,3.49,https://dropipro.com/storage/products/2467/WechatIMG2452_1765895098.jpg,
2463,Faja moldeadora sin tirantes con control de abdomen negro M/L,200,0.35,3.69,https://dropipro.com/storage/products/2463/FAJA_1765891975.JPG,
2459,Body reductor de cintura negro M/L,142,0.34,3.99,https://dropipro.com/storage/products/2459/WechatIMG2448_1765890761.jpg,
2455,Sujetador sin Tirantes Push Up negro XL/XXL,200,0.3,3.69,https://dropipro.com/storage/products/2455/WechatIMG2446_1765888813.jpg,
2454,Manta eléctrica térmica con 3 niveles de temperatura,190,1.0,9.99,https://dropipro.com/storage/products/2454/WechatIMG2443_1765887952.jpg,
2453,Zapatero 5 niveles con cajones,21,2.11,9.99,https://dropipro.com/storage/products/2453/ZAPATERO_1765887711.jpg,
2452,Bandas elásticas de resistencia multifunción,11,0.37,1.99,https://dropipro.com/storage/products/2452/alasti_1765887371.jpg,
2451,Parches para eliminar arrugas faciales 10 pcs,792,0.24,1.99,https://dropipro.com/storage/products/2451/parche_1765887248.jpg,
2450,Perro robot inteligente con mando a distancia,251,0.44,4.99,https://dropipro.com/storage/products/2450/WechatIMG2442_1765887005.jpg,
2449,Regalo osito rosa eterna rojo,635,0.45,6.99,https://dropipro.com/storage/products/2449/OSITO_1765886285.jpg,
2448,Dispensador de jabón líquido,500,0.35,1.99,https://dropipro.com/storage/products/2448/jabon_1765884101.jpg,
2447,Estanteria de almacenamiento de zapatos de 4 niveles,139,1.14,7.99,https://dropipro.com/storage/products/2447/ESTAN_1765883434.jpg,
2446,Armario de tela portátil 105*170CM,0,2.23,9.99,https://dropipro.com/storage/products/2446/ALMARIO_1765882541.jpg,
2445,Lámpara de cristal multifunción para mesita,200,0.67,6.49,https://dropipro.com/storage/products/2445/Lampa_1765881103.jpg,
2442,Pack de 10 parches para aliviar dolores cervicales,917,0.23,1.49,https://dropipro.com/storage/products/2442/61gkwUgxfZL._SL1500__1765470319.jpg,
2441,"Pack de 6 parches de frío para fiebre, Alivio de migrañas y dolores",568,0.28,1.49,https://dropipro.com/storage/products/2441/WechatIMG2426_1765470059.jpg,
2437,Suplemento liposomal NAD+ con resveratrol,672,0.3,3.89,https://dropipro.com/storage/products/2437/NAD_1752592049_1765219687.jpg,
2433,Collar con colgante de trébol transformable oro,1985,0.2,2.49,https://dropipro.com/storage/products/2433/WechatIMG2423_1765214043.jpg,
2432,Spray para crecimiento del cabello de ginseng,319,0.33,1.99,https://dropipro.com/storage/products/2432/WechatIMG2421_1765208158.jpg,
2430,Gel para aliviar el dolor de acción rápida con crioterapia refrescante,79,0.32,2.49,https://dropipro.com/storage/products/2430/GEL_1764873892.jpg,
2401,Adaptador Chromecast inalámbrico para TV,68,0.26,4.99,https://dropipro.com/storage/products/2401/CHROM_1764010683.jpg,
2400,Jabón de cabello con ginseng,498,0.3,1.49,https://dropipro.com/storage/products/2400/jab_1764010165.jpg,
2399,Champú para canas 300 ml negro,98,0.6,4.99,https://dropipro.com/storage/products/2399/WechatIMG2386_1764008878.jpg,
1060,Dron con doble cámara 4K + Maletín Gratis,17008,0.67,11.99,https://dropipro.com/storage/products/1060/WechatIMG10595_2023-06-20-01-21-00.jpeg,
1093,Bateria Dron 4K,14724,0.02,1.89,https://dropipro.com/storage/products/1093/bateria-lipo-dron-e99-pro-2-negro_2023-05-30-18-54-53.jpg,
1638,Smartwatch serie 10 con pantalla 2.2 pulgadas negro,2529,0.31,4.99,https://dropipro.com/storage/products/1638/WechatIMG1928_1735057615.jpg,
1651,Smartwatch Ultra Pro con 2 correas ( negro + blanco ),10,0.35,4.99,https://dropipro.com/storage/products/1651/SMA_1736423499.JPG,
261,Smartwatch Ultra Pro 2 Naranja con 2 correas,570,0.34,5.49,"https://dropipro.com/storage/products/261/51hTWiifnYL_2023-06-06-18-01-31._AC_UF1000,1000_QL80_.jpg",
1468,Smartwatch deportivo negro con correa metalica,1447,0.38,9.99,https://dropipro.com/storage/products/1468/relojmetng_2024-11-12-18-23-34.jpg,
10,Auriculares Inalámbricos 2ª generación,8395,0.26,2.29,https://dropipro.com/storage/products/10/aird_2024-05-30-17-45-19.jpg,
1810,Airpods PRO con pantalla y Cancelación de Ruido,976,0.14,7.99,https://dropipro.com/storage/products/1810/AIR_1739298747.jpg,
213,Auriculares PRO Max gris,474,0.41,4.99,https://dropipro.com/storage/products/213/4c8d65569ecb882dfbafe53d4d01e137_2023-05-30-13-27-14.jpg,
2334,Proyector luces navidad exterior,480,0.68,7.99,https://dropipro.com/storage/products/2334/WechatIMG2356_1762861107.jpg,
1483,Árbol de navidad de fieltro con 25 adornos + luces de 3m,1034,0.4,3.99,https://dropipro.com/storage/products/1483/alber_2024-11-15-15-52-13.jpg,
1549,Máquina de boxeo inteligente yk-001 + guante negro,1866,1.5,15.49,https://dropipro.com/storage/products/1549/WechatIMG1823_2024-11-22-12-15-38.jpg,
43,Proyector LED galaxia,1508,0.65,6.99,https://dropipro.com/storage/products/43/proyector_led_02-11-2022.jpg,
1474,Proyector portátil ultra HD,592,0.63,19.99,https://dropipro.com/storage/products/1474/PROYECTOR_2024-11-13-12-38-38.jpg,
535,Mini Proyector Portátil 1080P,575,0.45,16.49,https://dropipro.com/storage/products/535/PHOTO-2024-03-22-15-30-52_2024-03-22-15-33-13.jpg,
296,Mini OVNI con Luz Spinner con carga USB-Rojo,497,0.06,3.49,https://dropipro.com/storage/products/296/51IG7MjKT6L_2023-07-27-19-21-47._AC_SX425_.jpg,
454,Telescopio Monocular con Soporte para Movil,3751,0.59,5.29,https://dropipro.com/storage/products/454/1697537288767-829fa7086f444c40805ae6ea5724163a-goods_2023-12-22-18-26-08.jpeg,
6,"Amplificador de pantalla 12"" - Negro",0,0.41,2.11,https://dropipro.com/storage/products/6/amplificador_negro_02-11-2022.jpg,
493,Altavoz Bluetooth G - Cargador inalámbrico + Lámpara LED + Reloj despertador,780,0.97,8.99,https://dropipro.com/storage/products/493/169751219792d651b013164840b63647499edb8479_thumbnail_720x_2024-01-27-19-12-33.jpg,
1114,Cortapelo recargable 3 en 1,3459,0.33,5.99,https://dropipro.com/storage/products/1114/RECORTADO_2024-08-24-16-43-06.JPG,
936,Bolso cruzado antirrobo negro,594,0.55,5.99,https://dropipro.com/storage/products/936/bolsos_2024-07-13-13-48-41.jpg,
1910,Cinta de Sellado resistente al agua 5cm*3m,2812,0.57,1.69,https://dropipro.com/storage/products/1910/6880c50517391c1cf08249d18456c70b_2023-10-30-16-34-01_1742234748.jpg,
1377,Spray sellador impermeabilizante transparente,6856,0.5,3.69,https://dropipro.com/storage/products/1377/WechatIMG1740_2024-10-09-16-01-53.jpg,
388,Cepillo 5en1,1718,0.89,7.99,https://dropipro.com/storage/products/388/8435585711980_1_2023-11-01-12-43-19.jpg,
1318,Secador iónico tipo dyson,1836,0.9,13.99,https://dropipro.com/storage/products/1318/WechatIMG1755_2024-10-30-19-29-00.jpg,
784,Sacacorchos eléctrico + abridor de vino,2224,0.48,5.49,https://dropipro.com/storage/products/784/ABRIDOR_2024-04-15-19-23-27.JPG,
93,Cama Perro Grande Gris Oscuro 90 cm,646,1.78,11.56,https://dropipro.com/storage/products/93/oscura_24-11-2022.jpg,
89,Cama Perro Mediana Gris Oscura 70 cm,1312,1.23,8.49,https://dropipro.com/storage/products/89/oscura_24-11-2022.jpg,
85,Cama Perro Pequeña Gris Oscuro 50 cm,570,0.62,5.29,https://dropipro.com/storage/products/85/oscura_24-11-2022.jpg,
409,Calefactor Redondo Portátil 900 Watts negro/blanco,225,0.5,6.99,"https://dropipro.com/storage/products/409/61FdV8Dc1OL_2023-12-08-18-40-34._AC_UF894,1000_QL80_.jpg",
82,Calefactor chimenea con mando 1000 Watts,375,0.67,7.95,https://dropipro.com/storage/products/82/61J9NHNZZ9L_2024-01-18-16-58-37._AC_SL1000_.jpg,
83,Calefactor Enchufe 400 Watts,1255,0.67,6.89,https://dropipro.com/storage/products/83/61Fp8gqS76L_2024-01-18-16-54-37._AC_.jpg,
103,Calefactor Mini 800 Watts,84,0.7,6.99,https://dropipro.com/storage/products/103/61c4yj7BWVL_2024-01-17-16-07-39._AC_SL1000_.jpg,
687,Escritorio de aprendizaje para niños (rosa),4454,0.64,5.59,https://dropipro.com/storage/products/687/MESITA_2024-03-22-19-28-44.jpg,
132,Consola Game Boy retro 2 jugadores,682,0.4,5.37,https://dropipro.com/storage/products/132/game_boy_2023-01-26-14-12-05.png,
678,Consola de juegos inalámbrica retro Stick de 64 GB,1019,0.58,14.99,https://dropipro.com/storage/products/678/61IQW-5Q4L_2024-03-22-17-47-19._AC_SX679_.jpg,
1589,"Consola de Juegos Portátil con pantalla de 4,3 Pulgadas",242,0.33,19.99,https://dropipro.com/storage/products/1589/X7_1733332154.jpg,
1588,"Consola de Juegos x9 con pantalla IPS de 3,5 Pulgadas",0,0.52,21.99,https://dropipro.com/storage/products/1588/CONSO_1733331747.jpg,
1542,Consola retro game stick X2 plus 4k,383,0.55,18.99,https://dropipro.com/storage/products/1542/copia_2024-11-21-18-31-41.jpg,
127,Consola juego Retro,1010,0.62,7.96,https://dropipro.com/storage/products/127/consola_retro_2023-01-25-18-40-38.png,
780,Escritorio de aprendizaje para niños (azul),8027,0.64,5.59,https://dropipro.com/storage/products/780/231793929_max_2024-04-11-15-26-08.jpg,
1533,Escritorio de aprendizaje para niños unicornio azul,3,0.45,5.59,https://dropipro.com/storage/products/1533/PROYEC_2024-11-19-19-52-33.jpg,
1532,Escritorio de aprendizaje para niños unicornio rosa,3053,0.45,5.59,https://dropipro.com/storage/products/1532/escriunic_2024-11-19-19-47-01.jpg,
1531,Escritorio de aprendizaje para niños tigre,465,0.69,5.59,https://dropipro.com/storage/products/1531/escrtitig_2024-11-19-19-34-23.jpg,
1530,Mini escritorio de aprendizaje para niños pato-amarillo,310,0.44,4.79,https://dropipro.com/storage/products/1530/escrpato_2024-11-19-19-16-08.jpg,
382,Dispositivo Antirronquidos,5261,0.12,2.99,https://dropipro.com/storage/products/382/7193eB2zqyL_2023-11-01-11-35-54._AC_SL1500_.jpg,
2337,Kit de Barra de pilates portátil con banda de resistencia,16,0.6,3.99,https://dropipro.com/storage/products/2337/KITPILATES_1765634332.jpg,
2086,Rotulador cejas marron,433,0.21,1.69,https://dropipro.com/storage/products/2086/IMG_20251110_132844_1762780221.jpg,
2294,Cuaderno mágico de escritura para Niños 4und PORTUGUES,5897,0.43,2.49,https://dropipro.com/storage/products/2294/CUADERNOPORTUGUES_1766402064.jpg,
2293,Cuaderno mágico de escritura para Niños 4und INGLES,8478,0.43,2.49,https://dropipro.com/storage/products/2293/LIBRO_2024-08-14-18-48-38.jpg,
2336,Cortapelos recargable resistente al agua,116,0.7,11.99,https://dropipro.com/storage/products/2336/WechatIMG2358_1762872006.jpg,
2320,Parches desintoxicante para pies KINOKI 10 pcs,2846,0.27,1.89,https://dropipro.com/storage/products/2320/kinoki_1762528531.jpg,
2303,Medidor de glucosa portátil,2071,0.24,2.99,https://dropipro.com/storage/products/2303/MEDIDORDEGLUCOSA_1766403685.jpg,
2074,"Aumento Labios Instantaneo , Plumper y brillo para el cuidado de los labios",1598,0.21,0.99,https://dropipro.com/storage/products/2074/IMG_20251110_134427_1762779683.jpg,
2372,Manopla quita pelos mascota,631,0.24,1.89,https://dropipro.com/storage/products/2372/MANOP_1763553626.jpg,
2371,"Suplemento de creatina para mujer - para crecimiento muscular magro, recuperación",0,0.52,6.99,https://dropipro.com/storage/products/2371/WechatIMG2378_1763553414.jpg,
2369,Altavoz Bluetooth magnético multifuncional,271,0.28,3.99,https://dropipro.com/storage/products/2369/ALTAVOZ_1763405328.jpg,
2368,Linterna led solar con kit de herramientas,188,1.2,7.49,https://dropipro.com/storage/products/2368/WechatIMG2376_1763405114.jpg,
2367,Masajeador de rodilla con calefactor,260,0.52,9.49,https://dropipro.com/storage/products/2367/RODI_1763404671.jpg,
2366,Mini amplificador de audifono para anciano,349,0.22,3.99,https://dropipro.com/storage/products/2366/WechatIMG2373_1763404261.jpg,
2365,Masajeador de pecho,63,0.47,12.49,https://dropipro.com/storage/products/2365/WechatIMG2371_1763403298.jpg,
2364,Lámpara de medusa flotante recargable,63,0.47,7.49,https://dropipro.com/storage/products/2364/WechatIMG2370_1763402668.jpg,
2363,Recortadora de pelo de mascotas,2150,0.34,4.99,https://dropipro.com/storage/products/2363/RECO_1763400862.jpg,
2362,Intercomunicador bluetooth para motocicletas,4,0.39,9.99,https://dropipro.com/storage/products/2362/AURICULAR_1763400614.jpg,
2361,Dispositivo antiladridos para Perros Ultrasonido,95,0.4,7.99,https://dropipro.com/storage/products/2361/WechatIMG2368_1763400239.jpg,
2360,Ventilador De Aire Acondicionado Portátil Silencioso,120,0.71,9.49,https://dropipro.com/storage/products/2360/VENTILADOR_1763399354.jpg,
2359,Dispositivo de tratamiento de hongos en las uñas,313,0.44,6.99,https://dropipro.com/storage/products/2359/HONGO_1763399179.jpg,
2358,Mini lavadora portatil recargables,23,0.79,9.49,https://dropipro.com/storage/products/2358/LAVADORA_1763398836.jpg,
2357,Esterilizador UV portátil,102,0.31,3.89,https://dropipro.com/storage/products/2357/WechatIMG2367_1763398626.jpg,
2356,Juguete para gatos pajaro volador,116,0.34,5.49,https://dropipro.com/storage/products/2356/gatos1_1763398168.jpg,
2333,Otoscopio limpiador oidos,191,0.24,3.99,https://dropipro.com/storage/products/2333/WechatIMG2355_1762860717.jpg,
2308,Suero antienvejecimiento con solución concentrada tipo bótox,573,0.24,1.99,https://dropipro.com/storage/products/2308/BOTOX_1766405839.jpg,
2072,Serum Koreano- Liso al Instante,887,0.32,0.99,https://dropipro.com/storage/products/2072/IMG_20251110_133041_1762779429.jpg,
2335,Removedor de callos recargable,317,0.34,2.99,https://dropipro.com/storage/products/2335/WechatIMG2357_1762868462.jpg,
2309,Crema reparadora de veneno de abeja 60g,342,0.27,2.39,https://dropipro.com/storage/products/2309/ABEJA_1761999292.jpg,
2073,Parches para ojos,1738,0.2,0.99,https://dropipro.com/storage/products/2073/IMG_20251110_134010_1762779962.jpg,
2286,Pack de gafas antirayos azules multifocales autograduable mas funda de cuero,16370,0.2,1.79,https://dropipro.com/storage/products/2286/WechatIMG2495_1767359882.jpg,
2087,MagicBooty- Crema agranda gluteos,77,0.25,0.99,https://dropipro.com/storage/products/2087/IMG_20251110_133719_1762780150.jpg,
2302,Leggins Mujer Push Up marron talla unica,81,0.4,3.99,https://dropipro.com/storage/products/2302/WechatIMG2338_1761838074.jpg,
2081,Anillo magnetico detox- Anillo Bisuteria,640,0.2,0.99,https://dropipro.com/storage/products/2081/nNcuROCD8mGPxz4T9NFZpfvnd6dxzCUQxSq5ZEKZ_1753962740.jpg,
2078,Well sleep para apneas de sueño,1140,0.23,1.99,https://dropipro.com/storage/products/2078/IMG_20251110_133306_1762780318.jpg,
2307,Spray veneno de abeja para eliminar verrugas,4252,0.24,1.99,https://dropipro.com/storage/products/2307/ABEJA_1761998282.jpg,
2306,Spray tratamiento oidos,98,0.28,2.49,https://dropipro.com/storage/products/2306/OIDO_1761997723.jpg,
2075,Spray vitamina c,835,0.29,0.99,https://dropipro.com/storage/products/2075/IMG_20251110_133548_1762780060.jpg,
2084,Spray para cicatrices,502,0.24,0.99,https://dropipro.com/storage/products/2084/Q7Weap4XZQ3kcSryLVVibmaTyRucHstwFEgYDuUh_1753962683.jpg,
2085,Spray de granos para el cuerpo,503,0.33,0.99,https://dropipro.com/storage/products/2085/ufwS5fJ1umfCB4mKqdLYAQjXx6P57TRNJ2OK3dqi_1753962658.jpg,
2083,Aceite lumbar 30ml,578,0.25,0.99,https://dropipro.com/storage/products/2083/72MXxoFENVCom5NxbZsFtaSDfH1AHqVWW6eERCul_1753962703.jpg,
2080,REstaurador de plastico,797,0.23,0.99,https://dropipro.com/storage/products/2080/3CUExgJkfiNcUuFYKqGpLdq5Frsz1x1mmEZUFCeN_1753962785.jpg,
2324,Anillo giratorio de trébol de cuatro hojas oro,393,0.2,1.89,https://dropipro.com/storage/products/2324/ANILLO_1762616683.jpg,
2082,Slimory- Masajeador linfático,698,0.29,2.5,https://dropipro.com/storage/products/2082/EGCykXGk7Wu0P7FoUrWbMVgVzlhWgJwXE1RcqVrC_1753962721.jpg,
2077,Rotulador cejas negro,1418,0.21,1.69,https://dropipro.com/storage/products/2077/SAehbmF9gPLWtSJqsaldI1xG1hNMqCNixvgmIdNx_1753962930.jpg,
2079,Pulsera magnética antitabaco,400,0.21,0.49,https://dropipro.com/storage/products/2079/EyL4oMcl1cV1NCrAt1MQjFedA6QnIWhXNMQmHIhb_1753962891.jpg,
2289,Detox estomacal en 15 dias,360,0.29,3.99,https://dropipro.com/storage/products/2289/DETOXESTOMACAL_1766401809.jpg,
2276,Mascarillas facial BIO-COLLAGEN 5 unidades,698,0.52,2.99,https://dropipro.com/storage/products/2276/MASCBIOCOLAGEN_1766401338.jpg,
2273,Pack de 3 paños de limpieza de malla de alambre,654,0.05,0.89,https://dropipro.com/storage/products/2273/PACK3PAO_1766401056.jpg,
2271,Fragancias para mujer 50ml tipo CH N5 (no réplica),1,0.35,2.89,https://dropipro.com/storage/products/2271/COCOORO_1766400888.jpg,
2270,Perfume con Feromonas Hombre 50ml,2105,0.17,2.99,https://dropipro.com/storage/products/2270/FEROMONAS_1766400611.jpg,
2176,Pulseras repelente de mosquitos blanco,1995,0.24,3.99,https://dropipro.com/storage/products/2176/MOSQBLAN_17495637881_1756228545.jpg,
2175,Shine Brown bronceador corporal 100g,1271,0.34,2.89,https://dropipro.com/storage/products/2175/SHINE_1756225978.jpg,
2165,Base de maquillaje resistente al agua y sudor N1 marfil,238,0.26,2.29,https://dropipro.com/storage/products/2165/WechatIMG2255_1755191100.jpg,
2164,Base de maquillaje resistente al agua y sudor N2 buff beige,234,0.26,2.29,https://dropipro.com/storage/products/2164/BASN3D_1765634848.jpeg,
2163,Base de maquillaje resistente al agua y sudor N3 miel dorada,233,0.26,2.29,https://dropipro.com/storage/products/2163/BASN3D_1765634785.jpeg,
2162,Crema para el cabello con peine para cubrir canas marron,177,0.31,2.69,https://dropipro.com/storage/products/2162/CREMADRAGON_1765634674.jpg,
2161,Crema para el cabello con peine para cubrir canas negro,331,0.31,2.69,https://dropipro.com/storage/products/2161/CREMADRAGON_1765634505.jpg,
2323,Suplemento TURKESTERONE 60 Cápsulas - aumento de masa muscular y recuperacion,28,0.26,3.99,https://dropipro.com/storage/products/2323/TURKESTERONE_1766407719.jpeg,
2338,Suplemento gummies de vinagre de manzana 60 unidad,25,0.38,4.69,https://dropipro.com/storage/products/2338/WechatIMG2363_1762959140.jpg,
2296,Suplemento Natural para la Próstata,139,0.26,3.89,https://dropipro.com/storage/products/2296/PROSTATA_1766402212.jpg,
2321,Suplemento CANDIDA apoyo intestinal y colon 60 cápsulas,41,0.26,3.99,https://dropipro.com/storage/products/2321/CANDIDA_1762528959.jpg,
2263,"SUP Berberina 30 Cápsulas -  Regulador de Glucosa, Colesterol y Peso | Antioxidante Natural",480,0.2,3.49,https://dropipro.com/storage/products/2263/BERBERINA_1766323332.jpg,
2304,SUP Gummies SHILAJIT 30 unidades,650,0.31,3.69,https://dropipro.com/storage/products/2304/shila_1777895955.jpg,
2147,SUP Cúrcuma 30 Cápsulas – Apoyo Articular y Antioxidante Natural,1059,0.21,3.19,https://dropipro.com/storage/products/2147/CURCUMA_1766320838.jpg,
2305,Sup Alimenticio para desintoxicacion y un sueño reparador,315,0.32,3.99,https://dropipro.com/storage/products/2305/WechatIMG2567_1771671242.jpg,
2146,SUP Antiestrés Doble Acción 30 Comprimidos – Relajación y Energía Positiva,389,0.24,3.19,https://dropipro.com/storage/products/2146/ANTIESTRES_1766320443.jpg,
2145,SUP Gominolas Relax 60 Unidades – Sueño Reparador y Antiestrés Natural,321,0.4,4.19,https://dropipro.com/storage/products/2145/GOMIRELAX_1766320040.jpg,
2144,SUP Gummies de Vinagre de Manzana – Apoyo Digestivo y Energía Natural,3677,0.41,4.15,https://dropipro.com/storage/products/2144/MANZANAANTIGUA_1766318916.jpg,
2142,SUP Aceite de Onagra 30 Perlas – Equilibrio Hormonal y Bienestar Femenino,1096,0.24,3.49,https://dropipro.com/storage/products/2142/ONAGRA_1766318701.jpg,
2141,SUP Colágeno Hidrolizado 120 Comprimidos – Salud Articular y Cuidado de la Piel,525,0.33,2.99,https://dropipro.com/storage/products/2141/COLAGENO_1766318133.jpg,
2140,"SUP Multivitaminas 60 Cápsulas – Energía, Inmunidad y Bienestar",409,0.25,2.79,https://dropipro.com/storage/products/2140/MULTIVITAMINAS_1765627319.jpg,
2139,SUP Intelecto Forte 60 Cápsulas – Memoria y Rendimiento Mental,441,0.26,3.19,https://dropipro.com/storage/products/2139/INTELECTOO_1765627132.jpg,
2138,SUP Probiótico 30 Cápsulas – Salud Digestiva e Inmunidad,354,0.23,3.49,https://dropipro.com/storage/products/2138/PROBIOTICO_1765626953.jpg,
2137,SUP Melatonina Duerme Plus 60 Cápsulas – Sueño Profundo y Reparador,454,0.25,2.29,https://dropipro.com/storage/products/2137/MELATONINA_1765626367.jpg,
2136,"SUP Suplemento Cabello, Piel y Uñas – 60 Cápsulas Fortalecedoras",357,0.26,3.09,https://dropipro.com/storage/products/2136/CABELLOYPIELYUAS_1765564560.jpg,
2254,Collar de acero inoxidable con sello de los 7 Arcángeles plata,0,0.0,0.0,https://dropipro.com/storage/products/2254/WechatIMG2285_1757177555.jpg,
2250,Collar creativo de corazon hueco plata,0,0.15,1.49,https://dropipro.com/storage/products/2250/WechatIMG2282_1757175446.jpg,
2388,Sofá Cama Inflable Portátil con Reposapiés,146,2.1,14.99,https://dropipro.com/storage/products/2388/sofa_1763812192.jpg,
2389,Dispositivo Láser para Hongos en las Uñas,612,0.26,2.49,https://dropipro.com/storage/products/2389/HONGO_1763812535.jpg,
2390,juguetes educativos 26 Tarjetas flash del alfabeto,155,0.65,4.89,https://dropipro.com/storage/products/2390/WechatIMG2380_1763812833.jpg,
2391,Estante de almacenamiento multifunción de baño sin perforaciones,199,0.5,3.89,https://dropipro.com/storage/products/2391/ESTANTE_1763814172.jpg,
2392,Cepillo de limpieza 2 en 1 ajustable de 120°,637,0.41,1.99,https://dropipro.com/storage/products/2392/CEPILLO_1763815885.jpg,
2393,Giroscopio de mano para fortalecer muñeca,174,0.6,6.99,https://dropipro.com/storage/products/2393/GIROSCOPIO_1763816427.jpg,
2394,Rodillo de quitapelusa lavable,268,0.35,1.99,https://dropipro.com/storage/products/2394/RODILLO_1763818770.jpg,
2395,Reloj deportivo 3D en forma de llanta,158,0.35,12.49,https://dropipro.com/storage/products/2395/LLANTA_1763819797.jpg,
2253,Collar de doble anillo de corazón oro rosado,0,0.15,1.69,https://dropipro.com/storage/products/2253/https-media-prod-eu-1.mirakl.net-SOURCE-bef8c9dce60a437692b8c2a3daa7620a_1757176798.jpg,
2252,Collar en forma de corazón con Amor Eterno en 100 idiomas,494,0.25,1.99,https://dropipro.com/storage/products/2252/WechatIMG2284_1757176224.jpg,
1969,Sup Maca extra strength 1900mg,87,0.06,3.89,https://dropipro.com/storage/products/1969/MACA_1765301765.jpg,
1941,Cesto organizador de ropa,313,1.5,10.99,https://dropipro.com/storage/products/1941/CESTO-24309_1765301540.jpg,
2102,Oxímetro de dedo profesional con pantalla LED,3115,0.23,2.39,https://dropipro.com/storage/products/2102/OXIMETRO_1765564364.jpg,
2025,Ventilador de cuello portátil,308,0.49,3.99,https://dropipro.com/storage/products/2025/51UpWPpBcpL._AC_UF350350_QL50__1778085792.jpg,
2014,Ventilador de mesa portátil blanco con luz RGB,363,0.66,5.89,https://dropipro.com/storage/products/2014/VENTILADOR_1747675188.jpg,
846,Arctic Air Enfriador de aire ultra evaporativo,5950,0.73,5.89,https://dropipro.com/storage/products/846/WechatIMG22_2024-05-27-17-51-35.jpg,
865,Ventilador humidificador de nebulización blanco,2326,0.94,6.99,https://dropipro.com/storage/products/865/WechatIMG1330_2024-06-05-17-49-43.jpg,
1052,Aire acondicionado portátil hexagonal,199,0.77,6.99,https://dropipro.com/storage/products/1052/miniair_2024-08-09-12-30-20.jpg,
1825,Mini aire acondicionado portátil sin aspa,470,0.62,7.99,https://dropipro.com/storage/products/1825/WechatIMG2023_1739625374.jpg,
1875,Ventilador repelente de mosca para mesa,415,0.4,3.99,https://dropipro.com/storage/products/1875/REPERENTE_1741110875.jpg,
1034,Ventilador de techo 2 en 1,96,0.55,9.49,https://dropipro.com/storage/products/1034/VENTILADOR_2024-08-01-20-40-36.jpg,
1876,Aire acondicionado evaporativo portátil,548,1.17,8.49,https://dropipro.com/storage/products/1876/AIRE_1741111713.jpg,
858,Ventilador portatil GO FAN,82,0.38,5.45,https://dropipro.com/storage/products/858/GOFAN_2024-05-29-17-26-20.jpg,
841,Mini aire acondicionado portátil,20,0.41,5.25,https://dropipro.com/storage/products/841/WechatIMG19_2024-05-27-14-57-19.jpg,
947,Ventilador Coche Doble Cabeza USB,0,0.68,6.05,https://dropipro.com/storage/products/947/ventilador_2024-07-16-16-52-05.jpg,
1479,Mini aire acondicionado portátil 2 en 1,5427,1.5,16.99,https://dropipro.com/storage/products/1479/AIRE_2024-11-13-18-25-32.jpg,
1418,Ventilador recargable portátil alta potencia,58,1.53,16.99,https://dropipro.com/storage/products/1418/WechatIMG1758_2024-11-01-17-28-30.jpg,
1077,Malla magnetica antimosquitos para ventana,259,0.31,2.79,https://dropipro.com/storage/products/1077/cortina_2024-08-15-12-35-20.jpg,
840,Mosquito Killer blanco,0,0.64,3.99,https://dropipro.com/storage/products/840/MOS_2024-05-27-14-45-55.JPG,
51,Mosquito Killer,174,0.65,3.99,https://dropipro.com/storage/products/51/mosquito_killer_02-11-2022.jpg,
96,Cortina Magnética Antimosquitos,707,0.48,2.79,https://dropipro.com/storage/products/96/cortina_24-11-2022.jpg,
1378,Spray reparacion de arañazos 120ml,388,0.32,1.99,https://dropipro.com/storage/products/1378/WechatIMG1741_2024-10-09-16-15-25.jpg,
893,Cera para reparación de arañazos de coche,970,1.47,3.29,https://dropipro.com/storage/products/893/CERA_2024-06-19-17-51-25.JPG,
1841,Lámpara repelente de mosquitos 3 en 1,334,0.46,7.49,https://dropipro.com/storage/products/1841/WechatIMG2029_1740074882.jpg,
1913,Máquina automática para hacer Dumpling,144,0.58,6.49,https://dropipro.com/storage/products/1913/DUMPLING_1742409629.jpg,
1914,Cepillo limpiador de zapatos eléctrico,200,0.37,2.99,https://dropipro.com/storage/products/1914/WechatIMG2053_1742410559.jpg,
1915,Kit blanqueador dental,991,0.21,0.99,https://dropipro.com/storage/products/1915/KITBLANQUEADOR-24403_1764700970.jpg,
1925,Limpiadores de Desagües Potente 110G,1490,0.32,0.99,https://dropipro.com/storage/products/1925/LIMPIADOR-24446_1764701080.jpg,
1926,Manta ignífuga universal,417,0.52,2.89,https://dropipro.com/storage/products/1926/MANTAIGNIFUGA-24516_1764701292.jpg,
1927,Manta Térmica Supervivencia Reutilizable,994,0.24,0.99,https://dropipro.com/storage/products/1927/MANTATERMICA-24547_1764701481.jpg,
1928,Soporte de zapatos de 4 capas,202,0.98,5.89,https://dropipro.com/storage/products/1928/ZAPATERO-24310_1764701647.jpg,
1970,Pulsera de terapia magnética titanio con regulador,870,0.04,2.99,https://dropipro.com/storage/products/1970/61RlhysVALL._AC_SX425__1765302222.jpg,
1971,Inhalador nasal para mejorar la respiración,705,0.03,2.69,https://dropipro.com/storage/products/1971/INHALADOR_1765302522.jpg,
1972,Dilatador nasal magnetico 30pcs,1162,0.26,2.99,https://dropipro.com/storage/products/1972/DILATADOR_1765302629.jpg,
1973,Mini teléfono inteligente negro,747,0.34,21.99,https://dropipro.com/storage/products/1973/signal-2025-11-25-112528_1764066520.jpeg,
1,Smartwatch PRO Negro,15,0.31,8.95,https://dropipro.com/storage/products/1/smartwatch_negr_02-11-2022.jpg,
76,Smartwatch T500+ Negro,0,0.14,9.55,https://dropipro.com/storage/products/76/smartwatch_negr_17-11-2022.jpg,
166,Correa smartwatch PRO Nylon,0,0.01,1.49,https://dropipro.com/storage/products/166/Correa-de-Nylon-para-Apple-Watch-5-4-bandas-44mm-40mm-iWatch-Series-42mm-38mm-pulsera_2023-03-27-13-30-33.jpg,
447,Correa Smartwatch Ultra8 Metalica Negro,98,0.07,2.19,https://dropipro.com/storage/products/447/correa-metalica-eslabones-apple-watch-42-44-45mm-compatible-con-apple-watch-3-4-5-6-se-negro_2023-12-19-16-37-09.jpg,
60,Correa smartwatch PRO silicona,35,0.01,0.83,https://dropipro.com/storage/products/60/prod_1159_1632711455_2023-04-10-15-56-53.jpeg,
366,Correa Smartwatch Ultra8 Metalica Plata,8330,0.07,1.95,https://dropipro.com/storage/products/366/eb75f09b7e1641cbdb30b33cea6770f9902f4d6d_original_2023-10-14-19-59-07.jpeg,
312,Correa smartwatch PRO metálica negro,4311,0.04,1.49,https://dropipro.com/storage/products/312/71J6IufQioL_2023-08-17-19-13-27._AC_SX679_.jpg,
469,Auriculares inalámbricos deportivo control táctil con pantalla LED,507,0.27,3.89,https://dropipro.com/storage/products/469/61Swlvdf-FS_2024-01-15-12-24-20._AC_SL1000_.jpg,
1499,Cinturon reductor de grasa efecto sauna,724,1.0,7.49,https://dropipro.com/storage/products/1499/CINTU_2024-11-18-17-41-08.jpg,
179,Camiseta reductora mujer efecto sauna S/M,444,0.34,2.95,https://dropipro.com/storage/products/179/133710943_874609166699005_409935243912883255_n-600x600_480x480_2023-04-05-20-27-48.jpg,
182,Camiseta reductora hombre efecto sauna S/M,1978,0.35,2.95,https://dropipro.com/storage/products/182/D_NQ_NP_870851-MLM51138250095_082022-W_2023-04-05-20-34-11.jpg,
2032,Pack de 2 rollos de dibujo para niños,1503,0.33,2.99,https://dropipro.com/storage/products/2032/ROLLODIBUJO_1765303910.jpg,
2029,Sujetador deportiva sin costuras negro S/M,29,0.24,1.99,https://dropipro.com/storage/products/2029/TOPNG_1748528584.jpg,
2026,Sujetador deportiva sin costuras beige S/M,242,0.24,1.99,https://dropipro.com/storage/products/2026/61AUsIZfymL._AC_SX679__1775648647.jpg,
2024,Organizador de ropa Interior,143,0.64,4.89,https://dropipro.com/storage/products/2024/ORGANIZADOOORR_1765303658.jpg,
2015,Soplador de aire potente,65,0.54,14.99,https://dropipro.com/storage/products/2015/613ukb6tN9L._AC_SL1500__1775649454.jpg,
2013,Almohada ergonómica antiestré,5297,1.12,6.89,https://dropipro.com/storage/products/2013/ALMOHADA_1747674454.jpg,
2012,Vendaje de compresión para hombres y mujeres,296,0.36,3.89,https://dropipro.com/storage/products/2012/VENDAJE_1765302896.jpg,
563,Chaleco Sauna Deportivo Hombre M/L,564,0.4,3.89,https://dropipro.com/storage/products/563/71vl6I38WgL_2024-02-09-12-01-11._AC_SL1500_.jpg,
230,Pantalón cortos sauna hombre S/M,192,0.46,3.3,https://dropipro.com/storage/products/230/71DmhUT6fdL_2023-11-16-12-19-18._AC_SL1500_.jpg,
772,Pantalones cortos de sauna para mujer S/M,350,0.12,3.29,https://dropipro.com/storage/products/772/sauna_2024-04-08-12-47-42.jpg,
939,Cinturón reductor adelgazante XL,203,0.32,2.75,https://dropipro.com/storage/products/939/fajastermicas_2024-07-13-15-18-19.JPG,
359,Set 5 Parche Adelgazante del Abdomen,2273,0.26,1.89,https://dropipro.com/storage/products/359/646_2023-10-13-13-46-22.jpg,
1548,Máquina de boxeo inteligente modelo yk-003 + guante negro,107,2.12,17.79,https://dropipro.com/storage/products/1548/PANEL_2024-11-21-19-45-53.jpg,
1456,Máquina de boxeo inteligente infantil azul + guante rojo,9,0.94,15.99,https://dropipro.com/storage/products/1456/PANELAZ_2024-11-07-13-25-01.JPG,
806,Rodillera Deportiva Ajustable 1pcs (Talla unica),52,0.11,2.35,https://dropipro.com/storage/products/806/RODI_2024-04-23-13-17-34.jpg,
328,Rodillera 1pcs Deportiva Ajustable S/M,905,0.2,2.29,https://dropipro.com/storage/products/328/cf9350f6a11f396f4b0e8b3cb98f9490_2023-08-23-18-23-36.jpg,
1624,Estimulador muscular para entrenamiento de abdominales modelo pila,1947,0.38,3.69,https://dropipro.com/storage/products/1624/ESTIMULADOR_1734536930.JPG,
385,Estimulador muscular para entrenamiento de abdominales,867,0.38,4.99,https://dropipro.com/storage/products/385/ESTIMULADOR_1734536930_1777470886.jpeg,
577,Rodillo de entrenamiento para abdominales con soporte para codos,2547,1.76,9.95,https://dropipro.com/storage/products/577/61TturXa4gL_2024-02-10-19-44-21._AC_SL1200_.jpg,
754,Corrector de Postura Para Mujer XL/XXL,3398,0.38,3.89,https://dropipro.com/storage/products/754/71RB2RRWOdL_2023-11-01-13-43-15._SL1500_.jpg,
390,Corrector de Postura Para Mujer M/L,1755,0.38,3.89,https://dropipro.com/storage/products/390/71RB2RRWOdL_2023-11-01-13-43-15._SL1500_.jpg,
367,Corrector Juvenil,689,0.13,2.49,https://dropipro.com/storage/products/367/2_2023-10-14-20-02-14.jpg,
379,Corrector de Postura Reforzada,4630,0.3,1.55,https://dropipro.com/storage/products/379/51UUnzxFr6L_2023-10-16-19-59-33.jpg,
157,Corrector de postura ortopédico ajustable,0,0.28,7.5,https://dropipro.com/storage/products/157/BN4624-1_2023-02-28-16-30-31.jpg,
21,Corrector de postura,2462,0.1,1.99,https://dropipro.com/storage/products/21/81mf3obqwpL_2023-11-23-14-01-25._SL1500_.jpg,
303,Faja térmica para el dolor correctora de postura,2814,0.4,2.89,https://dropipro.com/storage/products/303/711Wcu2poPL_2023-07-30-13-41-13._SL1000_.jpg,
741,Faja Reductora Mujer Adelgazante Beige M/L,50,0.47,3.89,https://dropipro.com/storage/products/741/719pNSSys5L._AC_SX679__1777824948.jpg,
141,Faja reductora moldeadora M,367,0.17,3.29,https://dropipro.com/storage/products/141/71GtfNNPPCL_2024-01-18-13-51-34._AC_SX569_.jpg,
498,Faja Reductora Mujer Adelgazante Negro M/L,1003,0.25,3.95,https://dropipro.com/storage/products/498/24031_2024-01-27-19-54-43.jpg,
1024,Faja reductora body beige S/M,188,0.0,3.99,https://dropipro.com/storage/products/1024/BODYBEIGE_2024-08-01-15-39-56.jpg,
616,Body Reductor Mujer Negro M/L,1587,0.29,3.69,https://dropipro.com/storage/products/616/bodyng_2024-03-07-19-26-57.jpg,
614,Body Reductor Mujer Beige M/L,0,0.29,4.05,https://dropipro.com/storage/products/614/bodybeig_2024-03-07-19-16-28.jpg,
172,Gafas amplificadoras con luz,360,0.09,2.95,https://dropipro.com/storage/products/172/95915498_2023-04-05-12-26-20.jpeg,
826,Gafas de lectura antirayos azules multifocales graduacion +1.50,0,0.21,1.49,https://dropipro.com/storage/products/826/714NVmUTEKL_2024-05-15-17-13-07._AC_SX679_.jpg,
1507,Gafas de sol magnéticas ópticas polarizadas 5 en 1,391,0.11,5.49,https://dropipro.com/storage/products/1507/GAF_2024-11-05-06-47-21_2024-11-19-11-48-26.jpeg,
1506,Gafas Multifocal de lectura OnePower,33890,0.05,1.79,https://dropipro.com/storage/products/1506/GAFA_2024-11-19-11-41-04.jpg,
1819,Pack de gafas antirayos azules multifocales +1.50 mas funda de cuero,10049,0.01,1.79,https://dropipro.com/storage/products/1819/714NVmUTEKL_2024-05-15-17-13-07._AC_SX679_.jpg,
995,Lámpara LED portátil de agua salada,395,0.0,6.49,https://dropipro.com/storage/products/995/SALADA_2024-07-25-19-21-43.jpg,
378,Bell+Howell Linterna LED X22,191,0.35,2.95,https://dropipro.com/storage/products/378/61votUYPHXL_2023-10-16-19-54-26._AC_SX522_.jpg,
1110,Linterna led con zoom 3modo,12075,0.14,2.89,https://dropipro.com/storage/products/1110/LINTERNACOB_2024-08-24-16-11-58.JPG,
1108,Linterna alta potencia impermeable con zoom,10,0.0,5.49,https://dropipro.com/storage/products/1108/linternazom_2024-08-24-13-50-14.jpg,
1109,Mini linterna 3 led con iman,246,0.15,3.99,https://dropipro.com/storage/products/1109/MINILIN_2024-08-24-15-59-28.JPG,
860,Mini linterna recargable zoom,1568,0.28,1.99,https://dropipro.com/storage/products/860/WechatIMG1326_2024-05-31-16-48-16.jpg,
859,Linternas LED alta potencia 5 modos,49,0.37,3.49,https://dropipro.com/storage/products/859/WechatIMG1325_2024-05-31-16-32-05.jpg,
360,Linterna Llavero Mini COB LED,420,0.05,1.59,https://dropipro.com/storage/products/360/1696660871850_2023-10-14-18-49-31.jpg,
690,Linterna recargable USB,163,0.15,3.25,https://dropipro.com/storage/products/690/141-3f83e96cf40f2495fd16915233630554-1024-1024_2024-03-25-12-07-38.jpg,
1896,Linterna eléctrica alta luminosidad 4 modos,730,0.38,4.49,https://dropipro.com/storage/products/1896/LINTERNA4MODOS_1764700564.jpg,
1883,Lámpara solar de pared exterior con 8 LED,165,0.5,3.99,https://dropipro.com/storage/products/1883/LED_1741113780.jpg,
1881,Lámpara Solar LED superbrillante para exteriores con mando,0,0.77,8.99,https://dropipro.com/storage/products/1881/farora_1741113366.jpg,
1839,Lámpara telescópica 5M para acampada,142,1.3,18.99,https://dropipro.com/storage/products/1839/WechatIMG2028_1740073157.jpg,
1882,Luz solar LED con mando y sensor de movimiento FA-120B,1415,0.57,4.89,https://dropipro.com/storage/products/1882/SOLAR_1741113571.jpg,
1111,Luz solar led cob magnetica 20W,1208,0.22,3.69,https://dropipro.com/storage/products/1111/COB_2024-08-24-16-18-50.jpg,
384,Luz LED Blanca Recargable Con Sensor Movimiento 60CM,639,0.44,4.49,https://dropipro.com/storage/products/384/61jOmrmzczL_2023-11-01-11-47-41._AC_SL1500_.jpg,
1112,Luz solar de pared con mando 72 LED,1038,0.45,4.49,https://dropipro.com/storage/products/1112/LED_2024-08-24-16-24-09.jpg,
1880,Mini luz solar LED con mando y sensor de movimiento FA-526,656,0.39,3.49,https://dropipro.com/storage/products/1880/miniluz_1741113135.jpg,
578,Bateria Externa  Inalámbrico tipo Magsafe 5000mAh,0,0.35,4.99,https://dropipro.com/storage/products/578/51i9ZiTTVaL_2024-02-10-19-54-03._AC_SL1411_.jpg,
1497,Bolsa de Agua portátil de 8L,991,0.11,2.49,https://dropipro.com/storage/products/1497/BOLSAAGUA_2024-11-18-17-18-33.jpg,
771,Lámpara LED recargable con USB,81,0.83,8.99,https://dropipro.com/storage/products/771/WechatIMG1230_2024-04-05-20-04-13.jpg,
1132,Lámpara personalizada para escribir forma redondo,322,0.19,2.99,https://dropipro.com/storage/products/1132/luzredon_2024-08-29-18-27-32.jpg,
1133,Lampara personalizada para escribir forma rectangular,462,0.19,2.99,https://dropipro.com/storage/products/1133/TABLERO_2024-08-29-18-30-35.jpg,
1446,Trampa para cucarachas Reutilizable,987,0.17,2.69,https://dropipro.com/storage/products/1446/TRAMPA_2024-11-06-16-51-32.jpg,
1452,Tijera electrica,0,1.95,23.99,https://dropipro.com/storage/products/1452/TIJERA_2024-11-06-19-42-49.jpg,
1471,Juego destornillador de alta precisión 51 en 1,336,0.29,6.99,https://dropipro.com/storage/products/1471/DESTORNILLADOR_2024-11-12-18-39-09.jpg,
1447,Destornillador eléctrico recargable,305,0.6,10.99,https://dropipro.com/storage/products/1447/WechatIMG1769_2024-11-06-16-59-02.jpg,
1950,Motosierra eléctrica con doble bateria (Pedir INFO),0,1.37,19.99,https://dropipro.com/storage/products/1950/MOTOSIERRA_2024-07-25-20-01-27.jpg,
1949,Juego de taladro eléctrico de mano (Pedir INFO),0,2.17,18.99,https://dropipro.com/storage/products/1949/TALADRO_2024-07-26-19-48-37.jpg,
1951,Amoladora Angular Eléctrica (Pedir INFO),0,1.65,16.99,https://dropipro.com/storage/products/1951/AMOLADORA_1742232736.jpg,
123,Medidor de contornos y ángulos,132,0.5,2.89,https://dropipro.com/storage/products/123/615FR9TcMbL_2024-05-24-16-39-01._AC_SX679_.jpg,
1135,Cinta doble cara extrafuerte nanotech 3cm x 3m,3985,0.27,1.49,https://dropipro.com/storage/products/1135/CINTA_2024-04-20-18-55-18.jpg,
380,Cinta de Sellado resistente al agua 10cm*5m,4525,0.74,2.69,https://dropipro.com/storage/products/380/6880c50517391c1cf08249d18456c70b_2023-10-30-16-31-47.jpg,
1155,Medidor de contornos y ángulos bloqueable,2373,0.33,3.89,https://dropipro.com/storage/products/1155/615FR9TcMbL_2024-05-24-16-39-01._AC_SX679_.jpg,
1045,Cinta antideslizante negro 50MMx5M,0,0.21,2.45,https://dropipro.com/storage/products/1045/CINTADES_2024-08-05-17-05-58.jpg,
381,Cinta de Sellado resistente al agua 5cm*1m,2238,0.15,1.69,https://dropipro.com/storage/products/381/6880c50517391c1cf08249d18456c70b_2023-10-30-16-34-01.jpg,
910,Cinta adhesiva impermeable PVC 75mmx1.5m,0,0.11,1.95,https://dropipro.com/storage/products/910/CINTAPVC_2024-06-25-17-33-31.jpg,
1044,Cinta de reparación mosquiteras transparente 50MMx2M,826,0.05,1.49,https://dropipro.com/storage/products/1044/CINTA_2024-08-04-18-23-48.jpg,
909,Cinta de sellado autoadhesiva para cocina y baño 22mmx3.35m,3022,0.15,1.69,https://dropipro.com/storage/products/909/CINTA_2024-06-25-17-24-05.JPG,
801,"Cinta doble cara extrafuerte nanotech 2,4cm x 2m",1179,0.07,1.29,https://dropipro.com/storage/products/801/CINTA_2024-04-20-18-55-18.jpg,
368,Cinta FLEX TAPE,1004,0.28,1.89,https://dropipro.com/storage/products/368/71y9x0tddaL_2023-10-14-20-06-26._AC_SL1500_.jpg,
1116,Barra bastón senderismo autodefensa,1401,0.5,7.99,https://dropipro.com/storage/products/1116/PALO_2024-08-24-17-11-56.jpg,
1071,Adaptador de llave universal,693,0.22,3.99,https://dropipro.com/storage/products/1071/61ntrDr6ydL._AC_SL1024__1739208960.jpg,
1070,Kit 3 cepillo para taladro,495,0.27,3.49,https://dropipro.com/storage/products/1070/CEPILLOTALA_2024-08-14-18-29-16.jpg,
1583,Pistola para pintar eléctrica inalámbrica con doble batería,538,2.18,24.99,https://dropipro.com/storage/products/1583/pistola_1732896853.jpg,
1571,Boquilla 6 en 1 para pistola alta presión,2895,0.26,1.89,https://dropipro.com/storage/products/1571/BOQUILLA_1732558459.JPG,
1152,Pistola  alta presión profesional portátil doble bateria,3822,2.18,19.99,https://dropipro.com/storage/products/1152/PISTOLA_2024-10-04-13-26-42.jpg,
1137,Pistola  alta presión profesional portátil,78,2.3,18.99,https://dropipro.com/storage/products/1137/519xr69zAJL_2023-08-23-18-37-28._AC_SX569_.jpg,
101,Pistola de Agua Presion,646,0.45,3.69,https://dropipro.com/storage/products/101/pistolaaguapresion_28-11-2022.jpg,
1115,Pistola de clavos con accesorios,440,1.46,8.99,https://dropipro.com/storage/products/1115/PISTOLAC_2024-08-24-16-57-59.JPG,
1035,Cortador de bordes de césped,379,0.38,5.69,https://dropipro.com/storage/products/1035/CESPED_2024-08-01-20-44-48.jpg,
1909,Rodillo masajeador de pies ( tres colores ),281,0.58,3.99,https://dropipro.com/storage/products/1909/RODILLO-24303_1764700799.jpg,
1897,Sierra de sable con dos bateria,289,2.95,24.99,https://dropipro.com/storage/products/1897/SIERRA_1741971421.jpg,
1484,Sartén antiadherente de doble cara,349,0.76,5.69,https://dropipro.com/storage/products/1484/sarten_2024-11-15-17-12-07.jpg,
1423,Soplador y aspiradora eléctrico con baterías recargables,0,0.0,21.0,https://dropipro.com/storage/products/1423/soplador_2024-11-02-12-51-39.jpg,
949,Kit destornillador electrico,1772,0.86,5.49,https://dropipro.com/storage/products/949/DESTORN_2024-07-16-23-00-24.jpg,
568,Kit Destornillador de Precisión 115 en 1,1846,0.68,3.99,https://dropipro.com/storage/products/568/115_2024-03-19-16-56-12.jpg,
657,Juego de destornilladores de precisión 152 en 1,277,1.0,9.99,https://dropipro.com/storage/products/657/DEST_2024-03-19-17-00-27.jpg,
566,Llave multifuncion 48 en 1,1135,0.51,3.99,https://dropipro.com/storage/products/566/71sLnkR8STL_2024-02-09-13-08-08._AC_SL1500_.jpg,
448,Nivel Láser multifuncional 4 en 1,1155,0.5,3.95,https://dropipro.com/storage/products/448/7104yLVu05L_2023-12-20-13-41-06._AC_SL1500_.jpg,
47,Taburete plegable,568,1.22,5.79,https://dropipro.com/storage/products/47/taburete_plegable_02-11-2022.jpg,
1443,Amplificador pantalla bluetooth 9D,289,0.75,7.99,https://dropipro.com/storage/products/1443/PANTALLA_2024-11-06-16-31-00.jpg,
408,Aspirador de coche portátil 3 en 1,6163,0.56,4.99,https://dropipro.com/storage/products/408/aspirador_2024-03-13-14-31-08.jpg,
1398,Altavoz Bluetooth de audio de inducción inalámbrico 5 en 1,101,0.3,6.99,https://dropipro.com/storage/products/1398/61sAFehgqHL_2024-10-30-16-55-22._AC_SL1500_.jpg,
483,Altavoz Bluetooth G 3 en 1 + Cargador inalámbrico + Lámpara Led,309,0.78,7.95,https://dropipro.com/storage/products/483/24021_2024-01-24-16-49-06.jpg,
57,Mini altavoz parlante,143,0.31,2.49,https://dropipro.com/storage/products/57/mini_speaker_03-11-2022.jpg,
2067,Soporte para sábanas con tiras de bloqueo 4pcs,230,0.59,3.89,https://dropipro.com/storage/products/2067/signal-2025-11-28-125951_1764331294.jpeg,
2066,Juguete educativo creativo alivio del estrés,424,0.31,1.89,https://dropipro.com/storage/products/2066/JUGUETEDEALIVIO_1765561249.jpg,
2065,Masajeador de cabello con luz roja,2,0.68,13.99,https://dropipro.com/storage/products/2065/CEPILLOOO_1765561035.jpg,
2064,Ventilador de refrigeración con lámpara de noche y humidificador,96,0.84,8.99,https://dropipro.com/storage/products/2064/ventila_1750853413.jpg,
2063,Barra de luz de monitor,98,0.37,6.99,https://dropipro.com/storage/products/2063/BARRALED_1765560930.jpg,
2062,Cepillo alisador de pelo inalámbrico,0,0.57,6.49,https://dropipro.com/storage/products/2062/CEPILLOALISADOR_1765560736.jpg,
229,Cargador portátil con llavero IP,0,0.08,3.48,https://dropipro.com/storage/products/229/61pDK-i0Z0L_2023-06-01-13-49-13.jpg,
228,Cargador portátil con llavero type-c,0,0.9,3.48,https://dropipro.com/storage/products/228/61QET1iUUUL_2023-06-01-13-47-32._AC_SX679_.jpg,
992,Bomba de aire alta calidad,307,0.71,16.89,https://dropipro.com/storage/products/992/COMPRESOR_2024-07-25-17-58-59.jpg,
892,Removedor de arañazos,3125,0.33,2.85,https://dropipro.com/storage/products/892/removedor_2024-06-19-17-43-07.jpg,
316,Mini Cámara Espia 1080p HD,2165,0.26,4.49,"https://dropipro.com/storage/products/316/61pGU4rP-cL_2023-08-23-16-22-44._AC_UF1000,1000_QL80_.jpg",
2056,Pack de 10 perchas individuales,1985,0.21,1.39,https://dropipro.com/storage/products/2056/PERCHAS_1765560547.jpg,
2055,Soporte de teléfono con ventosa giratoria de 360°,78,0.21,2.89,https://dropipro.com/storage/products/2055/SOPORTETEL_1765560376.jpg,
2054,Juego de destornilladores aislados de 10 piezas,400,0.53,5.49,https://dropipro.com/storage/products/2054/DESTORNI_1750438120.jpg,
2053,Afilado profesional 6 en 1 con mango antideslizante,299,0.45,4.89,https://dropipro.com/storage/products/2053/ALISADOR_1765560115.jpg,
2051,Peluche relajante para bebé que simula respiración (Koala gris),993,0.46,5.99,https://dropipro.com/storage/products/2051/IMG_20251021_163713_1761058622.jpg,
2050,Repuesto de incienso de reflujo 50pcs,1207,0.28,0.89,https://dropipro.com/storage/products/2050/INCIENSO_1765558960.jpg,
2119,Auriculares traductor IA,1350,0.28,6.99,https://dropipro.com/storage/products/2119/AURICTRADUCTOR_1765564476.jpg,
2103,Juego de Destornillador Portátil 51 en 1,200,0.49,7.99,https://dropipro.com/storage/products/2103/61B2fOF3qyL._AC_SL1361_1_1753200598.jpg,
2101,Funda gafas de cuero,374,0.24,1.49,https://dropipro.com/storage/products/2101/FUNDAGAFACUEROO_1765562784.jpg,
2100,Gafas con filtro de luz azul ( lentes rojo ),233,0.22,2.99,https://dropipro.com/storage/products/2100/LENTESNARANJA_1765562260.jpg,
2099,Gafas con filtro de luz azul ( lentes transparentes ),322,0.22,2.89,https://dropipro.com/storage/products/2099/LENTESTRANSPARENTE_1765562069.jpg,
2049,Masajeador linfático ultrasónico portátil,0,0.29,5.49,https://dropipro.com/storage/products/2049/MASJ_1750434984.jpg,
2048,Dispositivo de hipnoterapia para insomnio,507,0.28,4.99,https://dropipro.com/storage/products/2048/51Y5A6buDIL._AC_SX569__1765558795.jpg,
2047,Pulsera chapada en plata con abalorios,348,0.2,2.29,https://dropipro.com/storage/products/2047/PULSERACHAPADA_1765558525.jpg,
2046,Pulsera elegante de hojas doradas,136,0.2,2.29,https://dropipro.com/storage/products/2046/PULSERAX3_1765306787.jpg,
2045,Polvos eliminador de poros,997,0.23,2.29,https://dropipro.com/storage/products/2045/signal-2025-11-25-151327_1764080069.jpeg,
2044,Bálsamo antiarrugas,849,0.21,2.29,https://dropipro.com/storage/products/2044/signal-2025-11-25-150138_1764079407.jpeg,
2043,Bandas nasales mejora el sueño y reduce los ronquidos 10pcs,384,0.21,1.99,https://dropipro.com/storage/products/2043/NASAL_1765304576.jpg,
2042,Adhesivo de estiramiento facial 120pcs,320,0.22,2.49,https://dropipro.com/storage/products/2042/PATCH_1765304408.jpg,
2041,Resina orgánica pura del Himalaya SHILAJIT 100g,866,0.34,2.89,https://dropipro.com/storage/products/2041/SHILAJIT_1765304189.jpg,
1005,Señal de mano LED control remoto,292,0.1,5.49,https://dropipro.com/storage/products/1005/61ktby1piDL_2024-07-27-16-05-05._AC_SX679_.jpg,
950,Luz led RGB con bateria,1099,0.05,2.19,https://dropipro.com/storage/products/950/LUZ_2024-07-16-23-06-30.jpg,
914,luces LED sumergibles multicolores,632,0.3,3.19,https://dropipro.com/storage/products/914/RGB_2024-06-30-15-17-00.JPG,
1873,Pack de 5 paquetes removedor de obstrucciones,150,0.4,1.99,https://dropipro.com/storage/products/1873/WechatIMG2046_1741110554.jpg,
1872,Almohada de brazo Anti-presión para parejas,152,1.7,12.99,https://dropipro.com/storage/products/1872/ALMOHADA_1741108827.jpg,
1853,Hucha de madera con contador,1676,0.21,2.49,https://dropipro.com/storage/products/1853/HUCHA_1740132772.jpg,
1850,Deslizadores de muebles sin esfuerzo,436,0.54,4.49,https://dropipro.com/storage/products/1850/DESLIZADOR_1740132106.jpg,
1826,Desatascador inodoros para baños,679,0.78,5.99,https://dropipro.com/storage/products/1826/DESATAS_1739636034.jpg,
1809,Altavoz LED de medusas que cambian de color,25,0.64,15.99,https://dropipro.com/storage/products/1809/ALTAVOZ_1739298411.jpg,
1808,Cojín de asiento frio y calor,200,1.6,11.99,https://dropipro.com/storage/products/1808/cojin_1739294751.jpg,
1797,Plumero eléctrico recargable 2 en 1,212,0.6,7.49,https://dropipro.com/storage/products/1797/PLUM_1739206078.JPG,
1791,Pack de 2 atrapapelusas flotante para lavadora,1357,0.17,1.99,https://dropipro.com/storage/products/1791/PELUSA_1738952962.jpg,
1789,Caja de almacenamiento de ropa plegable,200,1.0,3.69,https://dropipro.com/storage/products/1789/cajaorganizador_1738941529.jpg,
1769,Taza para hacer granizado de silicona,357,0.54,5.99,https://dropipro.com/storage/products/1769/TAZA_1738176308.jpg,
1545,Sacacorchos eléctrico 4 en 1,927,0.28,6.29,https://dropipro.com/storage/products/1545/sacacol_2024-11-21-18-59-36.jpg,
1543,Proyector de galaxia con diseño de huevo dinosaurio,394,0.48,9.99,https://dropipro.com/storage/products/1543/PROYECT_2024-11-21-18-46-39.jpg,
1449,Lámpara de escritorio 4 en 1 ( blanco negro ),468,0.71,8.49,https://dropipro.com/storage/products/1449/lampara_2024-11-06-18-14-01.jpg,
1397,Lámpara de botella de vino recargable LED negro,329,0.29,5.69,https://dropipro.com/storage/products/1397/LAMP_2024-10-30-16-34-24.jpg,
1553,Repuesto bateria solo para aspiradora potente ( no sirve para otro modelos ),1775,0.29,3.69,https://dropipro.com/storage/products/1553/BATERIA_2024-11-06-16-36-00.JPG,
1517,Cinta impermeable autoadhesiva de asfalto 10CM X 10M,772,1.9,4.89,https://dropipro.com/storage/products/1517/CINTAASF_2024-11-19-13-31-22.jpg,
1516,Cinta impermeable autoadhesiva de asfalto 5CM X 2.5M,3118,0.25,1.99,https://dropipro.com/storage/products/1516/CINTAASF_2024-11-19-13-28-06.jpg,
1493,Tendedero retráctil plegable pared,276,0.44,4.49,https://dropipro.com/storage/products/1493/TENDERR_2024-11-18-16-53-24.jpg,
1476,Limpiador de mancha 150ml,425,0.0,3.49,https://dropipro.com/storage/products/1476/LIMPIA_2024-11-13-12-49-37.jpg,
1475,Enchufe plano pared giratorio 180º,403,0.33,1.69,https://dropipro.com/storage/products/1475/ENCHUFE_2024-11-13-12-42-43.jpg,
1459,Pack 10 ventosas de silicona para móviles,296,0.0,1.99,https://dropipro.com/storage/products/1459/VENT_2024-11-07-16-31-44.jpg,
1450,Bombilla led para espejo 10und,432,0.0,4.89,https://dropipro.com/storage/products/1450/MIRRO_2024-11-06-19-20-20.jpg,
1448,Tira de led para espejo,273,0.17,4.69,https://dropipro.com/storage/products/1448/LED_2024-11-06-17-35-06.jpg,
1445,Candado de alarma con llave,563,0.37,3.49,https://dropipro.com/storage/products/1445/CANTADO_2024-11-06-16-46-38.jpg,
1437,Cámara de Seguridad Inteligente para el Hogar,359,0.32,15.99,https://dropipro.com/storage/products/1437/CAMARAA_2024-11-06-13-26-08.jpg,
1436,Cadena de Luces LED RGB,1168,0.0,6.49,https://dropipro.com/storage/products/1436/LEDCOLORES_2024-11-06-13-09-25.jpg,
1435,Cadena de Luces LED calida,394,0.0,5.99,https://dropipro.com/storage/products/1435/luz_2024-11-06-13-06-49.jpg,
1434,Cámara de seguridad inalámbrica adaptador bombilla,1065,0.4,6.49,https://dropipro.com/storage/products/1434/product-file_2024-11-06-12-24-59.jpg,
1422,Estantería para debajo fregadero,307,0.0,7.99,https://dropipro.com/storage/products/1422/FREGA_2024-11-01-17-53-32.jpg,
1421,Perchero multifuncional,283,0.0,8.49,https://dropipro.com/storage/products/1421/PERCHERO_2024-11-01-17-48-21.jpg,
1419,Estantería sobre Lavadora negro,197,2.4,12.99,https://dropipro.com/storage/products/1419/ESTANTERIA_2024-11-01-17-36-41.jpg,
1413,Candado de huella digital,276,0.12,6.89,https://dropipro.com/storage/products/1413/WechatIMG1757_2024-11-01-16-52-58.jpg,
1401,Timbre inteligente con lente gran angular,452,0.12,6.89,https://dropipro.com/storage/products/1401/timb_2024-10-30-17-30-53.jpg,
1396,Licuadora de frutas de 450ml 8 cuchillas,94,0.56,7.99,https://dropipro.com/storage/products/1396/WechatIMG1751_2024-10-30-16-20-18.jpg,
686,Fiambrera Electrica Comida 40w,0,0.66,7.99,https://dropipro.com/storage/products/686/FIAMBR_2024-03-22-19-19-23.jpg,
943,Fregona de Limpieza telescópica autoescurrible,1814,0.6,4.49,https://dropipro.com/storage/products/943/WechatIMG1410_2024-07-13-16-05-16.jpg,
363,Fregona de Limpieza telescópica 360* autoescurrible,10797,0.63,3.99,https://dropipro.com/storage/products/363/1696664837898_2023-10-14-18-55-05.jpg,
414,Recambio Mopa 360 1ud,5715,0.15,0.49,https://dropipro.com/storage/products/414/MOPA_2023-12-13-11-53-09.jpg,
942,Fregona giratoria con separacion de agua limpia y residuales,406,1.76,10.99,https://dropipro.com/storage/products/942/AAA_2024-07-13-15-43-59.JPG,
941,Fregona autolimpiante giratoria 360,2191,0.7,2.99,https://dropipro.com/storage/products/941/MOPA_2024-07-13-15-34-00.JPG,
587,Mopa Esponja PVA con autoescurrido,296,0.4,5.99,https://dropipro.com/storage/products/587/mopa_2024-02-19-16-56-12.jpeg,
237,Mini Fregona Portátil absorbente,1897,0.17,1.99,https://dropipro.com/storage/products/237/61eXh08x-2L_2023-06-01-18-02-25._AC_SL1500_.jpg,
449,Repuesto Mini Fregona Portátil Pack 1,9340,0.22,0.49,https://dropipro.com/storage/products/449/61UOcDYE9qL_2023-12-20-13-46-01._AC_SL1500_.jpg,
775,Mopa microfibra con spray pulverizador,221,0.62,4.99,https://dropipro.com/storage/products/775/mopaspray_2024-04-08-17-27-55.jpeg,
12,Mopa Fregona 7L,3091,1.31,4.99,https://dropipro.com/storage/products/12/4508605748809_1_2023-10-04-11-43-38.jpg,
362,Mopa Fregona 8L,755,1.5,7.89,https://dropipro.com/storage/products/362/61I8VQ0JxHL_2024-01-17-18-24-37._AC_SL1500_.jpg,
361,Mopa Fregona 10L,79,1.6,8.9,https://dropipro.com/storage/products/361/714eLGXEFyL_2024-01-17-18-41-59._AC_SL1500_.jpg,
297,Repuesto Mopa Fregona 7/8L,30385,0.02,0.25,https://dropipro.com/storage/products/297/Trapos-de-repuesto-para-mopa-cabezal-de-limpieza-giratorio-360-pa-o-de-fibra-de-carbono_2023-07-30-11-57-01.jpg,
938,Cepillo limpieza esponja plegable,901,0.3,1.79,https://dropipro.com/storage/products/938/CEPILLO_2024-07-13-13-57-48.jpg,
263,Cepillo de Limpieza eléctrico,651,0.54,3.49,https://dropipro.com/storage/products/263/61-t8lvthL_2023-06-12-12-04-50._AC_SL1500_.jpg,
1399,Limpiador de tazas automática de alta presión,480,0.18,2.99,https://dropipro.com/storage/products/1399/WechatIMG1752_2024-10-30-17-10-59.jpg,
524,Cepillo inodoro de goma para pared,822,0.28,2.59,https://dropipro.com/storage/products/524/cepillo_2024-04-23-11-54-54.jpg,
557,Ducha portátil recargable,3,0.53,11.95,https://dropipro.com/storage/products/557/61Bh1H--urL_2024-02-08-14-22-47._AC_SL1500_.jpg,
1124,Alfombra exfoliante con esponja gris,262,0.0,3.49,https://dropipro.com/storage/products/1124/ALFGRIS_2024-08-28-19-58-00.jpg,
1079,Zapatilla exfoliante 1und azul,374,0.42,4.49,https://dropipro.com/storage/products/1079/ZAPAAZUL_2024-08-15-13-01-49.jpg,
1118,Cepillo de silicona para limpieza de ducha,474,0.16,2.89,https://dropipro.com/storage/products/1118/CEPILLOSILICO_2024-08-24-17-25-53.jpg,
521,Cepillo Masajeador de baño exfoliante,274,0.05,2.55,https://dropipro.com/storage/products/521/71srwnuegmL_2024-01-30-17-46-26._AC_SL1500_.jpg,
1119,Set 2 toalla para el Cabello ( color sultido ),727,0.12,1.99,https://dropipro.com/storage/products/1119/TOALLA_2024-08-24-17-29-50.jpg,
1000,Calentador de agua eléctrico instantáneo de 3500W,238,1.05,16.99,https://dropipro.com/storage/products/1000/CALENTADOR_2024-07-26-19-43-16.jpg,
1074,Juego de ducha de lavabo,288,0.35,4.95,https://dropipro.com/storage/products/1074/DUCHA_2024-08-14-19-56-21.jpg,
688,Manguera ducha 1.5m,655,0.35,1.85,https://dropipro.com/storage/products/688/MANGUERA_2024-03-23-18-02-07.jpg,
160,Manguera de ducha extraible portátil,1,0.44,1.99,https://dropipro.com/storage/products/160/BN4712-4_2023-02-28-16-36-49.jpg,
675,Soporte ducha,906,0.29,2.99,https://dropipro.com/storage/products/675/reposapies_2024-03-22-16-44-12.jpg,
670,Cabezal ducha (varios modelos),3747,0.15,1.39,https://dropipro.com/storage/products/670/22139_2024-03-21-18-56-26.jpg,
671,Cabezal de ducha iónico con 3 modos,3052,0.25,2.89,https://dropipro.com/storage/products/671/22138_2024-03-21-18-26-23.jpg,
672,Cabezal de ducha alta presión acero,245,0.16,1.49,https://dropipro.com/storage/products/672/22135_2024-03-21-18-41-24.jpg,
225,Cabezal de ducha giratorio alta presión 360º,3,0.4,4.02,https://dropipro.com/storage/products/225/51kSMLTRcpL_2023-06-01-13-27-39._AC_.jpg,
575,Alcachofa de ducha de alta presión,11379,0.48,3.49,https://dropipro.com/storage/products/575/71V4BmYbMPL_2024-02-10-18-39-26._AC_SL1500_.jpg,
375,Filtro para alcachofa de ducha de alta presión,32635,0.21,0.29,https://dropipro.com/storage/products/375/619KX7ddJbL_2024-01-17-17-55-32._AC_SL1050_.jpg,
861,Alfombras antideslizantes gris cocina 2und,312,1.33,4.69,https://dropipro.com/storage/products/861/WechatIMG231_2024-05-31-19-26-33.jpg,
815,Alfombra de ducha súper absorbente ovalada gris,1293,0.45,2.49,https://dropipro.com/storage/products/815/ALFOVGRIS_2024-05-06-15-46-04.jpg,
862,Alfombras antideslizantes azul cocina 2und,110,1.3,4.69,https://dropipro.com/storage/products/862/WechatIMG24_2024-05-31-19-28-09.jpg,
821,Alfombra antideslizante y absorbente de secado rápido gris,1202,0.63,2.49,https://dropipro.com/storage/products/821/ALFGRIS_2024-05-06-16-47-48.jpg,
962,Tapón de botella de vino al vacío,242,0.06,1.89,https://dropipro.com/storage/products/962/TAPON_2024-07-19-13-03-14.jpg,
355,Sacacorchos eléctrico + abridor de vino transparente,622,0.45,5.99,https://dropipro.com/storage/products/355/61trtqYCGBL_2024-01-18-12-23-54._AC_SL1500_.jpg,
396,Batamanta,551,0.6,5.49,https://dropipro.com/storage/products/396/A1bhHe40RoL_2023-11-01-16-28-35._AC_SL1500_.jpg,
459,Manta Luminosa en la Oscuridad Color Gris 120cm x150cm,275,0.56,4.45,https://dropipro.com/storage/products/459/8178o3UYtLL_2023-12-23-16-52-20._AC_SL1500_.jpg,
332,Pastillas eliminadoras de manchas amarillas y blanqueadoras de inodoro,732,0.25,1.99,https://dropipro.com/storage/products/332/855823806_max_2023-09-08-16-14-13.jpg,
659,Bolsa De Almacenamiento 1PC,3040,0.16,2.29,https://dropipro.com/storage/products/659/618JsSl0gGL_2024-03-19-17-31-01._AC_SL1264_.jpg,
573,Tapete para planchar,206,0.7,3.99,https://dropipro.com/storage/products/573/66849793Iron-Express-the-Portable-Ironing-Pad-0_2024-02-10-18-10-12.jpg,
1117,Set de 3 organizador de zapato,1603,0.24,2.89,https://dropipro.com/storage/products/1117/ZAP_2024-08-24-17-21-34.jpg,
1033,Almohada peluche tiburon,239,0.31,7.49,https://dropipro.com/storage/products/1033/TIBURON_2024-08-01-20-28-30.JPG,
1032,Almohada peluche unicornio,257,0.31,7.49,https://dropipro.com/storage/products/1032/UNICON_2024-08-01-20-27-27.JPG,
1028,Almohada de punto ergonómica 3D,13455,1.2,6.49,https://dropipro.com/storage/products/1028/ALMOHADA_2024-08-01-19-58-12.jpg,
466,Batamanta Huggia,642,0.68,6.29,https://dropipro.com/storage/products/466/BATAMANTA_2024-01-09-13-35-17.jpg,
485,Ganchos Para Colgar Ropa (18 uds),809,0.24,1.49,https://dropipro.com/storage/products/485/24064_2024-01-24-19-02-51.jpg,
490,Esterilizador UV para inodoro,293,0.35,2.99,https://dropipro.com/storage/products/490/24088_2024-01-27-18-40-02.jpg,
494,Almohadillas de Goma para Lavadoras,3131,0.21,0.99,https://dropipro.com/storage/products/494/24026_2024-01-27-19-19-27.jpg,
506,Agarraderas de Baño con Ventosa,1163,0.47,2.79,https://dropipro.com/storage/products/506/24057_2024-01-29-17-20-31.jpg,
680,Máquina para Hacer Helados en Rollo,318,0.98,3.99,https://dropipro.com/storage/products/680/ICE_2024-03-22-18-14-51.jpg,
552,Secadora de ropa portátil,1530,0.06,1.59,https://dropipro.com/storage/products/552/51ElygGYyIL_2024-02-08-13-14-51._AC_SL1000_.jpg,
305,Organizador Zapatos,206,1.5,7.99,"https://dropipro.com/storage/products/305/61e6HZ10-XL_2023-07-30-15-17-45._AC_UF1000,1000_QL80_.jpg",
137,Esterilizador de cepillos de dientes,115,0.48,3.79,https://dropipro.com/storage/products/137/1_2024-03-11-23-09-02.jpeg,
235,Espejo maquillaje con led ( vario colores ),121,0.24,3.05,https://dropipro.com/storage/products/235/a_2024-04-30-17-50-20.jpeg,
217,Parasol de coche,717,0.56,4.25,https://dropipro.com/storage/products/217/61EK4iTUUPL_2023-05-30-16-47-17.jpg,
174,Calzador de calcetines y medias,67,0.56,3.47,https://dropipro.com/storage/products/174/Sock_helper_slider_-_Simple_use_2023-04-05-12-52-21.jpg,
161,Percha multifuncional ahorra espacio,2113,0.25,1.49,https://dropipro.com/storage/products/161/BN5532-8_2023-02-28-16-48-08.jpg,
48,Máquina de coser,560,0.3,2.99,https://dropipro.com/storage/products/48/coser_2024-08-22-13-01-33.jpg,
28,Carrito de compra plegable - Azul,1379,0.55,2.89,"https://dropipro.com/storage/products/28/519msnT4tiL_2023-07-28-19-21-56._AC_UF1000,1000_QL80_.jpg",
655,Limpiacristales 3en1,306,0.33,6.99,https://dropipro.com/storage/products/655/LIMPIACRISTA_2024-03-19-13-28-18.jpeg,
484,Limpiacristales Telescópico 360*,414,0.28,2.59,https://dropipro.com/storage/products/484/crista_2024-08-22-13-07-39.jpg,
13,Limpiacristales magnético,1128,0.73,2.49,https://dropipro.com/storage/products/13/limpiacristales_02-11-2022.jpg,
31,Levantador de muebles,763,0.87,3.99,https://dropipro.com/storage/products/31/levantador_muebles_02-11-2022.jpg,
19,Set Rodillo de Pintura recargable,1220,0.87,4.49,https://dropipro.com/storage/products/19/rodillo_pintura_02-11-2022.jpg,
553,Luces LED con sensor de movimiento,721,0.17,4.99,https://dropipro.com/storage/products/553/61RkIlqlMxL_2024-02-08-13-37-04._AC_SL1500_.jpg,
1406,Cámara de videollamada bidireccional,148,0.47,17.99,https://dropipro.com/storage/products/1406/CAMARA_2024-10-30-18-12-35.jpg,
1877,Luces LED de espejo 14 modulos,305,0.37,4.49,https://dropipro.com/storage/products/1877/LUCES_1741111839.jpg,
1869,Caja fuerte en forma de libro con cerradura 180x115x55mm,522,0.72,4.49,https://dropipro.com/storage/products/1869/caja_1741108127.jpg,
1844,Lámpara de mesa flotante giratoria,147,0.6,13.99,https://dropipro.com/storage/products/1844/WechatIMG2032_1740077290.jpg,
1838,Proyector de estrella con función de repetición de alienígenas,98,0.93,21.99,https://dropipro.com/storage/products/1838/PROYECTOR_1740072325.jpg,
1811,Lámpara de astronauta con altavoz,217,0.58,10.99,https://dropipro.com/storage/products/1811/ASTRO_1739298989.jpg,
1778,Zapatero multicapa creativo con diseño de orejas de gato,444,0.98,3.99,https://dropipro.com/storage/products/1778/WechatIMG1986_1738235632.jpg,
1777,Zapatero de plástico multifuncional 4 nivel,373,0.75,6.49,https://dropipro.com/storage/products/1777/ZAPATE_1738234790.jpg,
1776,Perchero para ropa con 3 estante y colgador,194,1.5,8.99,https://dropipro.com/storage/products/1776/PERCHE_1738232110.jpg,
1775,Estanteria de almacenamiento de metal sobre el inodoro,573,1.3,8.99,https://dropipro.com/storage/products/1775/ESTANRIA_1738231972.jpg,
1644,lámpara de pared con impresión 3D de resina búho,237,0.44,7.49,https://dropipro.com/storage/products/1644/BUO_1735222762.JPG,
1643,lámpara de pared con impresión 3D de resina águila,297,0.46,8.49,https://dropipro.com/storage/products/1643/PROY_1735222283.jpg,
1635,Lámpara mesita noche para niños,189,0.4,3.99,https://dropipro.com/storage/products/1635/51UxZHEeXL._AC_SL1000__1739883785.jpg,
1569,Lámina decorativa efecto mármol 60 x 300cm,1793,0.44,2.89,https://dropipro.com/storage/products/1569/MALMO_1732550574.jpg,
987,Proyector astronauta con altavoz bluetooth ( dos modelo ),568,0.59,9.05,https://dropipro.com/storage/products/987/PROYECTOR_2024-07-25-16-55-39.jpg,
465,Lámpara de mesa de cristal,0,0.5,4.85,https://dropipro.com/storage/products/465/71L2oVLf1eL_2023-12-29-13-57-10._AC_SL1500_%20(1).jpg,
464,Lámpara LED con diamantes de cristal de 16colores,637,0.57,3.49,https://dropipro.com/storage/products/464/815Vzu603tL_2023-12-29-13-50-11._AC_SL1500_.jpg,
463,Lámpara de mesa LED dorada,0,0.33,5.85,https://dropipro.com/storage/products/463/517TzPWED8L_2023-12-29-13-44-54._AC_SL1001_.jpg,
462,Lámpara luna recargable,0,0.32,5.65,https://dropipro.com/storage/products/462/71ni04qCBbL_2023-12-29-13-39-16._AC_SL1500_.jpg,
461,Lámpara de cristal recargable,3,0.38,4.95,https://dropipro.com/storage/products/461/61KFzhPJGvL_2023-12-29-13-34-56._AC_SL1000_.jpg,
50,Lampara proyector ambiente,0,0.28,3.3,https://dropipro.com/storage/products/50/lampara_proyector_02-11-2022.jpg,
39,Lampara lunar galaxia,165,0.58,4.99,https://dropipro.com/storage/products/39/lampara_lunar_02-11-2022.jpg,
481,Organizador de Maquillajes 4 planta,48,0.87,4.99,https://dropipro.com/storage/products/481/24074_2024-01-24-16-36-06.jpg,
534,Sofá Inflable PVC alta calidad,395,1.34,9.99,https://dropipro.com/storage/products/534/61gu3i1xayL_2024-02-07-13-46-24._AC_SL1500_.jpg,
410,Quemador de Incienso de Reflujo con aromas y alfombrilla,905,0.8,4.95,https://dropipro.com/storage/products/410/71uK2niPUtL_2024-01-17-17-46-14._AC_SL1500_.jpg,
383,Difusor de Aceites Esenciales LED Humidificador,66,0.45,5.99,https://dropipro.com/storage/products/383/61ZoXQBmINL_2023-11-01-11-40-31._AC_SX522_.jpg,
24,Humidificador LED - Negro,134,0.35,2.99,https://dropipro.com/storage/products/24/61JVXBr0NeL_2024-01-18-17-26-13._AC_SL1002_.jpg,
16,Incienso Cascada,786,0.87,3.99,https://dropipro.com/storage/products/16/incienso_02-11-2022.png,
1894,Lavadora portatil plegable 8L,1010,1.57,15.49,https://dropipro.com/storage/products/1894/WechatIMG2051_1741876911.jpg,
1890,Aspiradora de ventana 5 en 1,147,1.13,14.99,https://dropipro.com/storage/products/1890/WechatIMG2050_1741864197.jpg,
1824,Secadora de ropa portátil eléctrica con temporizado,420,1.2,13.99,https://dropipro.com/storage/products/1824/secadora_1739554119.jpg,
1458,Lavadora portátil plegable,402,1.1,11.99,https://dropipro.com/storage/products/1458/lavad_2024-11-07-15-22-18.jpg,
1402,Hervidor de Agua Portátil 600ML,369,0.8,5.49,https://dropipro.com/storage/products/1402/HERVI_2024-10-30-17-34-55.jpg,
1351,Fiambrera Electrica 40w rosa con enchufe casa,46,0.86,6.49,https://dropipro.com/storage/products/1351/WechatIMG1647_2024-09-17-11-40-15.jpg,
1350,Fiambrera Electrica 40w azul con enchufe casa,46,0.86,6.49,https://dropipro.com/storage/products/1350/WechatIMG1647_2024-09-17-11-40-15.jpg,
1311,Fiambrera Electrica 40w azul enchufe de coche,72,0.86,6.49,https://dropipro.com/storage/products/1311/WechatIMG1647_2024-09-17-11-40-15.jpg,
299,Mini licuadora de vaso portatil blanco,1272,0.52,3.95,https://dropipro.com/storage/products/299/61Z-oPc0rL_2024-01-18-12-46-59._AC_SL1500_.jpg,
570,Mini Batidora Portatil,21,0.64,4.8,https://dropipro.com/storage/products/570/_2024-02-10-12-39-01.jpg,
234,Licuadora portátil rosa,67,0.39,4.75,https://dropipro.com/storage/products/234/LICUAROSA_2024-05-21-19-22-38.JPG,
451,Calefactor de cerámica PTC de 1200 W blanco,317,0.77,6.99,https://dropipro.com/storage/products/451/71PX0rosE9L_2023-12-21-13-40-27._AC_SL1500_.jpg,
551,Mini aspiradora USB inalámbrica,427,0.15,2.99,https://dropipro.com/storage/products/551/61oz9h5i-kL_2024-02-08-12-27-56._AC_SL1500_.jpg,
531,Aspiradora de mano portátil,601,0.4,6.99,https://dropipro.com/storage/products/531/61aPquTByhL_2024-02-06-16-35-09._AC_.jpg,
173,Aspirador de coche portátil,3501,0.52,4.19,https://dropipro.com/storage/products/173/61X2feVi2JL_2023-04-05-12-36-50._AC_SL1500_1024x.webp,
38,Aspirador de coche portátil PRO,224,0.69,6.69,https://dropipro.com/storage/products/38/aspirador_coche_02-11-2022.jpg,
576,Cepillo de Limpieza Portátil Recargable,104,0.28,4.99,https://dropipro.com/storage/products/576/Sa253502644df47d8adbfb1930ce39b47b_2024-02-10-19-18-15.jpg_640x640Q90.jpg,
1138,Termo frio y calor con pantalla negro,383,0.28,3.99,https://dropipro.com/storage/products/1138/TERMO_2024-09-02-22-35-15.jpg,
1072,Botella de agua de hidrógeno portátil,1183,0.47,10.99,https://dropipro.com/storage/products/1072/BOTELLA_2024-08-14-19-24-07.jpg,
565,Dispensador de Agua Eléctrico de Sobremesa (azul oscuro),134,0.41,7.99,https://dropipro.com/storage/products/565/71fFTTPsa-L_2024-02-09-12-51-30._AC_SL1500_.jpg,
549,Calentador secador de zapatos portátil,491,0.75,8.99,https://dropipro.com/storage/products/549/24081_2024-02-08-12-04-20.jpg,
1068,Plancha vaporizador de mano,259,1.16,14.89,https://dropipro.com/storage/products/1068/VAPORIZADOR_2024-08-14-18-13-06.jpg,
685,Secadora de zapatos eléctricos,268,0.22,4.95,https://dropipro.com/storage/products/685/ZAP_2024-03-22-19-09-38.jpg,
1003,Mini plancha de vapor,364,0.29,4.89,https://dropipro.com/storage/products/1003/WechatIMG1559_2024-07-26-19-59-13.jpg,
152,Plancha Vapor Vertical,0,0.97,12.0,https://dropipro.com/storage/products/152/BN3215-2_2023-02-28-16-06-12.jpg,
151,Limpiador de vapor eléctrico,52,0.9,18.99,https://dropipro.com/storage/products/151/LIMPIA_1763398999.jpg,
1417,Robot limpieza electrico para vidrio,214,0.81,15.99,https://dropipro.com/storage/products/1417/VIDRIO_2024-11-01-17-21-52.jpg,
40,Luces LED inalámbricas x3 con mando,1197,0.41,3.59,https://dropipro.com/storage/products/40/luz_2024-06-03-18-11-58.jpg,
990,Lámpara de ondulación de agua giratoria,591,0.3,4.95,https://dropipro.com/storage/products/990/LAMPARA_2024-07-25-17-38-13.jpg,
1893,Trituradora de hielo multifuncional,349,0.87,7.49,https://dropipro.com/storage/products/1893/tritu_1741865853.jpg,
1878,Taza de café agitadora de 400 ml,274,0.55,4.49,https://dropipro.com/storage/products/1878/TAZA_1741112009.jpg,
1874,Afilador cuchillos electrico 4 en 1,325,0.24,2.99,https://dropipro.com/storage/products/1874/AFIRA_1741110712.jpg,
1770,Inyector de salsa para carne,347,0.53,4.99,https://dropipro.com/storage/products/1770/inyector_1738176578.jpg,
1550,Cuchillo de chef profesional japonés,9,0.57,6.49,https://dropipro.com/storage/products/1550/CUCHI_2024-11-22-14-00-47.jpg,
1525,Pack 3 fundas de silicona para mango de olla con aislamiento térmico,825,0.17,3.49,https://dropipro.com/storage/products/1525/OLLA_2024-11-19-17-57-30.jpg,
1520,Separador de cajones ajustable 1 und,395,0.29,2.99,https://dropipro.com/storage/products/1520/SEPARADIOR_2024-11-19-15-22-04.jpg,
1154,Freidora de aire 4L 1200w,444,3.31,24.99,https://dropipro.com/storage/products/1154/FREIDORA_2024-09-07-17-27-11.JPG,
1519,Bolígrafo de decoracion eléctrico para café y repostería,760,0.25,2.49,https://dropipro.com/storage/products/1519/SPECIQA_2024-11-19-15-16-06.jpg,
1518,Guante de acero inoxidable resistente al corte,969,0.13,3.49,https://dropipro.com/storage/products/1518/GUANTE_2024-11-19-13-43-08.jpg,
1495,Juego de picador de verduras de mano 9 en 1,412,0.87,7.99,https://dropipro.com/storage/products/1495/JUEGOPICADOR_2024-11-18-17-05-22.jpg,
1494,Cortadora multiusos de Acero inoxidable,72,0.45,4.49,https://dropipro.com/storage/products/1494/CORTADOR_2024-11-18-16-59-49.jpg,
1492,Molde de silicona para hacer cubitos de hielo,723,0.32,2.89,https://dropipro.com/storage/products/1492/HIELO_2024-11-18-16-48-08.jpg,
1491,Estanteria extensible para microondas,408,1.19,7.49,https://dropipro.com/storage/products/1491/estante_2024-11-18-16-42-45.jpg,
1490,Parrilla de barbacoa plegable,564,1.32,6.99,https://dropipro.com/storage/products/1490/711b9GyFEL_2024-11-18-16-09-32._AC_SL1500_.jpg,
394,Cortador de Verduras Eléctrico 4 en 1,262,0.7,4.95,https://dropipro.com/storage/products/394/61bpDRTyeL_2023-11-01-14-06-35._AC_SL1000_.jpg,
27,Cortadora de alimentos 4 en 1,2863,0.94,5.95,https://dropipro.com/storage/products/27/cortaverdura_2024-08-22-12-52-18.jpg,
199,Rallador de verdura 3in1,27,0.98,6.65,https://dropipro.com/storage/products/199/712jOL51ShL_2024-01-18-13-10-16._AC_SL1500_.jpg,
298,Cortador multifuncional de verduras y frutas,2157,1.0,6.99,https://dropipro.com/storage/products/298/71RghnRgSTL_2023-07-30-13-10-24._AC_SL1500_.jpg,
1134,Rallador 5 en 1,486,0.29,3.89,https://dropipro.com/storage/products/1134/RALLADOR_2024-08-29-18-37-21.JPG,
548,Trituradora de alimentos,273,0.21,2.49,https://dropipro.com/storage/products/548/71nJirJsCL_2024-02-08-11-49-17._AC_SL1500_.jpg,
153,Picadora eléctrica de alimentos,0,0.94,7.5,https://dropipro.com/storage/products/153/BN3528_2023-02-28-16-08-36.jpg,
239,Mini Picadora Multifunción,163,0.64,2.99,"https://dropipro.com/storage/products/239/61jIo8yEH4L_2023-06-01-18-33-30._AC_UF1000,1000_QL80_.jpg",
198,Exprimidor Portátil,1452,0.95,8.99,https://dropipro.com/storage/products/198/fddc6778-6832-4114-9ba2-c4cde675a9b1_2023-05-19-12-54-06.jpg,
1004,Batidora de mano electrico,492,0.21,4.95,https://dropipro.com/storage/products/1004/71cuNDDmS8L_2024-07-26-20-03-23._AC_SX679_.jpg,
311,Afilador de cuchillos con ventosa,1636,0.1,1.59,https://dropipro.com/storage/products/311/Afilador-profesional-con-ventosa-piedra-de-afilar-cuchillos-herramienta-de-cocina-piedra-de-afilar_2023-08-09-13-08-25.jpg,
569,Juego de 6 cuchillos de cocina profesionales,4,0.63,3.49,https://dropipro.com/storage/products/569/71ZMyXskOVL_2024-02-09-18-15-21._AC_SL1500_.jpg,
69,Afilador de cuchillos,81,0.48,2.48,https://dropipro.com/storage/products/69/afilador_cuchillos_09-11-2022.png,
492,Cubo de Basura Inteligente Waste Fold - Azul,297,1.52,9.75,https://dropipro.com/storage/products/492/24098_2024-01-27-19-03-50.jpg,
125,Cubo de basura plegable,596,0.74,4.49,https://dropipro.com/storage/products/125/basura_plegable_2023-01-25-18-36-49.jpg,
1078,Cepillo con dispensador de jabon,372,0.15,2.59,https://dropipro.com/storage/products/1078/CEPDISP_2024-08-15-12-49-36.jpg,
1168,Pack de 5 paños de limpieza de malla de alambre,755,0.05,1.0,https://dropipro.com/storage/products/1168/PANO_2024-09-11-15-05-58.jpg,
677,Organizador para fregadero extensible,109,0.31,2.99,https://dropipro.com/storage/products/677/ESCURRIDOR_2024-03-22-17-15-15.jpeg,
1102,Protector contra salpicaduras para fregadero de cocina 2colores,203,0.16,1.89,https://dropipro.com/storage/products/1102/PROTECTOR_2024-08-20-13-08-06.jpg,
660,Estantería de Cocina retráctiles para fregadero,572,0.47,3.49,https://dropipro.com/storage/products/660/FREGA_2024-03-19-17-39-41.jpg,
611,Escurridor para platos y vasos,7,0.56,5.95,https://dropipro.com/storage/products/611/escurreplatos-escurridor-para-platos-y-vasos-draining-board_2024-03-07-17-28-15.jpg,
148,Escurridor para fregadero,110,0.31,3.5,https://dropipro.com/storage/products/148/BN1144-4_2023-02-28-15-46-49.jpg,
612,Botella de aceite con cepillo de silicona,133,0.32,2.55,https://dropipro.com/storage/products/612/1_2024-05-02-13-51-12.jpeg,
831,Pulverizador Aceite Spray 220ml,432,0.24,2.69,https://dropipro.com/storage/products/831/PULVE_2024-05-21-19-15-15.jpg,
393,Papel de Horno para Freidora de Aire 20CM*50PCS,922,0.38,1.89,https://dropipro.com/storage/products/393/71CeAi7oWgL_2023-11-01-13-54-38._AC_SL1500_.jpg,
392,Papel de Horno para Freidora de Aire 16CM*50PCS,1508,0.32,1.49,https://dropipro.com/storage/products/392/713iIjJx7FL_2023-11-01-13-52-38._AC_SL1500_.jpg,
99,Kit para hacer Sushi,193,0.58,4.99,https://dropipro.com/storage/products/99/S9b82bd950e2845c99c23f23cd2f239b2t_28-11-2022.jpg,
1097,Molde para sushi,227,0.25,2.69,https://dropipro.com/storage/products/1097/SUSHI_2024-08-17-16-33-07.jpg,
377,Molde para hacer empanadillas dumplings,1390,0.52,3.49,https://dropipro.com/storage/products/377/61tELHHuHBL_2023-10-16-19-51-58._AC_SL1500_.jpg,
1002,Maquina para hacer pasta electrica,27,1.34,16.95,https://dropipro.com/storage/products/1002/WechatIMG1558_2024-07-26-19-53-35.jpg,
989,Maquina de café  portatil eléctrico,243,0.42,8.95,https://dropipro.com/storage/products/989/CAFE_2024-07-25-17-32-35.jpg,
998,Sellador de alimentos al vacío,460,0.27,5.95,https://dropipro.com/storage/products/998/BOLSAVACIO_2024-07-25-19-56-07.jpg,
656,Taza autoagitable de acero inoxidable,383,0.27,2.49,https://dropipro.com/storage/products/656/TAZA_2024-03-19-16-14-03.jpg,
956,Bandeja para cubitos de hielo 2 en 1,240,0.45,3.99,https://dropipro.com/storage/products/956/HIELO_2024-07-18-17-00-51.jpg,
834,Organizador de cajones de plástico para nevera ( colores variados ),1251,0.12,1.69,https://dropipro.com/storage/products/834/NEVERA_2024-05-21-19-27-59.jpg,
832,Jarra dispensador de masa con tapa,760,0.32,4.49,https://dropipro.com/storage/products/832/DISPENSADOR_2024-05-21-19-18-18.jpg,
777,Set de 6 Tapas de Silicona Reutilizables,1389,0.1,1.79,https://dropipro.com/storage/products/777/TAPA_2024-04-10-14-50-52.jpg,
1069,Limpiador de microondas Angry Mom,891,0.12,2.59,https://dropipro.com/storage/products/1069/MICROODAS_2024-08-14-18-20-44.jpg,
665,Caja organizadora de plástico,290,3.11,3.99,https://dropipro.com/storage/products/665/605641059_max_2024-03-20-12-43-47.JPG,
610,Tablero Multifuncional Tipo De Cajón,21,1.14,5.95,https://dropipro.com/storage/products/610/TABLA_2024-03-07-17-18-34.jpg,
371,Tabla Descongelacion,362,0.39,3.95,https://dropipro.com/storage/products/371/1696667796996_2023-10-14-20-17-12.jpg,
608,Colador giratorio doble capa escurridor,337,0.31,3.49,https://dropipro.com/storage/products/608/j_2024-04-26-12-40-35.jpeg,
286,Prensa Ajos Acero Inoxidable,1725,0.27,1.19,https://dropipro.com/storage/products/286/71OldEEX5wL_2023-07-10-19-11-19._AC_SX522_.jpg,
120,Sellador de bolsas al vacio,263,0.79,5.99,https://dropipro.com/storage/products/120/sellador_vacio_2023-01-25-18-27-09.png,
131,Organizador de cocina multifunción,719,0.96,7.89,https://dropipro.com/storage/products/131/organizador_cocina_2023-01-25-18-52-48.png,
176,Sartén Doble Mágico Grill 32cm,0,1.9,14.61,https://dropipro.com/storage/products/176/Capturadepantalla2023-04-05alas19_2023-04-05-19-09-35.08.png,
59,Sartén huevos 4 en 1,13,0.77,5.49,https://dropipro.com/storage/products/59/sarten_4_1_07-11-2022.jpg,
676,Grifo giratorio con cascada para extensión 4en1,1222,0.36,3.49,https://dropipro.com/storage/products/676/GRIFO_2024-03-22-16-54-55.jpg,
264,Grifo Giratorio Plastico,5379,0.27,2.44,"https://dropipro.com/storage/products/264/716NuF7x6aL_2023-06-13-15-51-06._AC_UF1000,1000_QL80_.jpg",
285,Filtro de agua dos posiciones ajustable,2203,0.01,1.69,https://dropipro.com/storage/products/285/61DVKMdPM9L_2023-07-10-19-08-08._AC_SX522_.jpg,
514,Filtro purificador de agua Shower Booster,252,0.21,2.95,https://dropipro.com/storage/products/514/24090_2024-01-29-18-42-10.jpg,
262,Filtro de agua para grifo,591,0.49,4.45,https://dropipro.com/storage/products/262/bbeee0c8fd07e3441c9c2a1f9fca7d06-product_2023-06-12-12-02-48.jpg,
284,Adaptador grifo Turbo Flex 360 Instantáneo,2226,0.07,1.29,https://dropipro.com/storage/products/284/71i3CaplMNL_2024-01-18-12-56-39._AC_SL1500_.jpg,
227,Cabezal de grifo flexible 2 modos,4969,0.1,1.49,https://dropipro.com/storage/products/227/kit-2pzs-de-boquilla-grifo-flexible-para-la-cocina-360-la-boquilla-giratoria_2023-06-01-13-39-49.jpg,
1892,Set vajilla de silicona para bebe rosa,387,0.91,6.49,https://dropipro.com/storage/products/1892/JUEGO_1741865572.JPG,
1849,Kit limpia biberones,359,0.57,4.99,https://dropipro.com/storage/products/1849/WechatIMG2034_1740131930.jpg,
1767,Mochila portabebes 3 en 1,256,0.25,3.99,https://dropipro.com/storage/products/1767/PORTABEBE_1738175485.jpg,
1630,Plato Giratorio 360 Antiderrames,450,0.2,3.09,https://dropipro.com/storage/products/1630/24481_1734977411.jpg,
1538,Set para Cuidado del Bebé 10 en 1 celeste,450,0.17,2.99,https://dropipro.com/storage/products/1538/SETBEBE_2024-11-20-17-00-07.jpg,
1537,Set para Cuidado del Bebé 13 en 1 rosa,452,0.37,4.99,https://dropipro.com/storage/products/1537/BEBEROSA_2024-11-20-16-53-44.JPG,
1403,Agitador de biberones de leche para bebés,305,0.43,7.49,https://dropipro.com/storage/products/1403/BIBERON_2024-10-30-17-39-45.jpg,
984,Cepillo electrico para biberon ( dos colores ),133,0.35,6.95,https://dropipro.com/storage/products/984/WechatIMG1548_2024-07-25-16-26-56.jpg,
1063,Protector de esquinas para Bebe 4pcs,781,0.05,1.49,https://dropipro.com/storage/products/1063/ESQUINA_2024-08-14-18-34-32.jpg,
1042,Almohadilla anticaida para bebe azul,352,0.29,5.89,https://dropipro.com/storage/products/1042/BEBEAZUL_2024-08-04-18-05-34.JPG,
1041,Gorros de ducha de dibujos animados para bebé,271,0.02,1.89,https://dropipro.com/storage/products/1041/CORRO_2024-08-04-18-00-16.JPG,
1037,Portabebés transpirable,346,0.21,3.59,https://dropipro.com/storage/products/1037/PORTABEBE_2024-08-04-14-54-56.jpg,
985,Cepillo limpiador de botellas automático ( dos colores ),300,0.36,6.55,https://dropipro.com/storage/products/985/CEPILLO_2024-07-25-16-38-30.jpg,
1891,Arrancador de batería de coche de 12V,292,0.82,24.99,https://dropipro.com/storage/products/1891/61jJDqPBcPL._AC_SL1500__1741865336.jpg,
1856,Cepillo giratorio de pulverización profesional,229,1.0,13.99,https://dropipro.com/storage/products/1856/CEPILLO_1740133791.jpg,
1852,Soporte de teléfono para Bicicletas y motos,199,0.42,4.69,https://dropipro.com/storage/products/1852/SOPORTE_1740132476.jpg,
1843,Instrumento de diagnóstico OBD para automóvil,198,0.22,15.99,https://dropipro.com/storage/products/1843/OBD_1740076594.jpg,
1837,Pulidora para coche 12V,108,1.87,32.99,https://dropipro.com/storage/products/1837/PULI_1740071922.jpg,
1812,Tira de luz ambiente multifuncional 7 colores RGB para coches,16,0.13,3.89,https://dropipro.com/storage/products/1812/TIRA_1739299163.jpg,
1636,Pantalla portátil de 7 Pulgadas para Coche,192,0.93,31.99,https://dropipro.com/storage/products/1636/715bP8WxmL._AC_SL1500__1740418330.jpg,
1634,Espejo de tocador LED para coche con 3 modos,315,0.52,4.99,https://dropipro.com/storage/products/1634/24486_1734979471.jpg,
1552,Aspiradora portátil potente,1922,0.99,10.99,https://dropipro.com/storage/products/1552/ASPIRADO_2024-11-06-16-18-20.JPG,
1526,Ecofuel dispositivo de ahorro de combustible,164,0.23,1.89,https://dropipro.com/storage/products/1526/ahorrador_2024-11-19-18-41-14.jpg,
1482,Soplador de aire potente + dos baterías,2322,1.71,16.99,https://dropipro.com/storage/products/1482/SOPLADO_2024-11-06-19-33-35.jpg,
1478,Spray de revestimiento cerámica 3 en 1 (235ml),1756,0.3,3.99,https://dropipro.com/storage/products/1478/ARMO_2024-11-13-16-45-59.jpg,
1473,Sistema de control de presión de neumáticos,291,0.19,12.99,https://dropipro.com/storage/products/1473/SISTEMA_2024-11-13-12-31-24.jpg,
1889,Pistola de hidrogel,65,0.74,8.99,https://dropipro.com/storage/products/1889/PIST_1741863757.JPG,
1858,Proyector 2 en 1 con videojuegos,174,1.23,49.99,https://dropipro.com/storage/products/1858/WechatIMG2035_1740153317.jpg,
1851,Juego de papelería de dinosaurio 5 en 1,446,0.41,4.69,https://dropipro.com/storage/products/1851/PAPELERIA_1740132293.jpg,
1845,Pato bailarín hablador,397,0.54,10.99,https://dropipro.com/storage/products/1845/PATO_1740129810.jpg,
598,Blanqueador Dental Morada v34,9826,0.27,2.29,https://dropipro.com/storage/products/598/v34_2024-07-15-17-13-37.jpg,
1823,Microscopio Digital para niños,144,0.7,10.49,https://dropipro.com/storage/products/1823/WechatIMG2020_1739553635.jpg,
1815,Mini barco de control remoto,183,0.42,10.49,https://dropipro.com/storage/products/1815/BARCO_1739355678.jpg,
1690,Coche teledirigido drift 1:24 GTR,0,0.67,10.99,https://dropipro.com/storage/products/1690/GTR_1736517658.jpg,
1648,Peluche relajante para bebé que simula respiracion ( nutria gris ),0,0.43,5.99,https://dropipro.com/storage/products/1648/24466_1736331689.jpg,
1646,Peluche relajante para bebé que simula respiración azul,0,0.47,6.99,https://dropipro.com/storage/products/1646/24469_1735227731.jpg,
1633,Coche teledirigido 4WD RC con sensor de gestos de acrobacias,8,0.79,15.99,https://dropipro.com/storage/products/1633/24473_1734979118.jpg,
106,Pizarra mágica 3D,2697,0.4,4.95,https://dropipro.com/storage/products/106/pizarra_07-12-2022_09-01-2023.jpg,
452,Pizarra mágica de dibujo,75,0.32,2.99,https://dropipro.com/storage/products/452/gsc_125421509_4303036_1_2023-12-22-17-25-52.jpg,
1535,Juego de mesa y silla con bloques de construcion 120 pcs,6,1.22,13.99,https://dropipro.com/storage/products/1535/JUEGO120_2024-11-20-13-05-48.jpg,
1534,Juego de mesa y silla con bloques de construcion 63 pcs,3,1.23,13.99,https://dropipro.com/storage/products/1534/JUEGO63_2024-11-20-13-03-39.JPG,
1529,Juguetes educativos de aprendizaje para niños,376,1.02,6.89,https://dropipro.com/storage/products/1529/JUEGOMADERA_2024-11-19-19-09-14.jpg,
1528,Juego de tapete Musical 2 En 1,375,0.47,8.49,https://dropipro.com/storage/products/1528/TAPETE_2024-11-19-19-02-50.jpg,
1527,Juego de bloques de construcción magnetica 42pcs,469,0.44,5.99,https://dropipro.com/storage/products/1527/juego_2024-11-19-18-53-41.jpg,
609,Libro de sonido de aprendizaje en español,0,0.55,5.25,https://dropipro.com/storage/products/609/WechatIMG1178_2024-03-07-17-14-34.jpg,
1461,Juego creativo purpurina,327,0.33,7.99,https://dropipro.com/storage/products/1461/JUEGO_2024-11-07-17-40-52.JPG,
1440,Juegos educativos azul,1359,0.27,3.89,https://dropipro.com/storage/products/1440/CELES_2024-11-06-15-55-30.jpg,
1392,Avion teledirigido (3 colores),904,0.98,12.99,https://dropipro.com/storage/products/1392/WechatIMG1750_2024-10-30-15-52-30.jpg,
1394,Walkie-Talkie para niños recargables 2pcs,109,0.39,16.99,https://dropipro.com/storage/products/1394/713DexMChL_2024-10-30-16-07-34._AC_SX679_.jpg,
1169,Controlador de juegos movil inalambrico,107,0.02,11.99,https://dropipro.com/storage/products/1169/Controlador_2024-09-11-15-19-04.jpg,
502,Tienda de Campaña Infantil 87 Piezas,567,0.74,5.95,https://dropipro.com/storage/products/502/182387519_max_2024-01-29-16-37-15.jpg,
501,Tienda de Campaña Infantil 155 Piezas,449,0.9,6.99,https://dropipro.com/storage/products/501/24110_2024-01-29-14-08-54.jpg,
322,Bolígrafo 3D para impresión de Objetos Rosa,221,0.44,6.49,https://dropipro.com/storage/products/322/71kODXdCF1L_2023-08-31-22-09-50._AC_SX679_.jpg,
177,Inductive Truck,282,0.32,4.49,https://dropipro.com/storage/products/177/Cami-n-inductivo-m-gico-coche-de-juguete-m-gico-sigue-cualquier-l-nea-dibujada-para_2023-04-05-20-22-24.jpg,
321,"Pack de 10 filamentos PLA de color de 1,75 mm",846,0.16,1.89,"https://dropipro.com/storage/products/321/71aPjfTvwNL_2023-08-23-18-44-18._AC_UF894,1000_QL80_.jpg",
1050,Mini dron bola giratoria mágica azul,2565,0.27,2.99,https://dropipro.com/storage/products/1050/PELOTAAZUL_2024-08-08-16-50-44.jpg,
1886,Cortasetos y desbrozadora 2 en 1 sin Cable,110,1.64,24.99,https://dropipro.com/storage/products/1886/signal-2025-11-17-160838_1763392164.jpeg,
574,Rodillera de espuma ultra gruesas,770,0.1,3.99,https://dropipro.com/storage/products/574/71EgMgA5pTL_2024-02-10-18-28-28._SL1020_.jpg,
306,Pistola aspersora de espuma 4in1,201,0.41,4.99,https://dropipro.com/storage/products/306/1688124928823_2023-07-30-15-21-12.png,
185,"Manguera extensible 7,5 metros",80,0.32,3.99,https://dropipro.com/storage/products/185/0-04e28e_2023-04-19-12-24-31.jpeg,
53,Pest Reject - Matainsectos,3508,0.13,3.49,https://dropipro.com/storage/products/53/8430478540609_1_2023-05-31-18-49-25.jpg,
308,Repelente insectos Pest Reject,2240,0.27,2.45,https://dropipro.com/storage/products/308/ahuyentador-pest-reject_2023-08-02-10-32-33.jpg,
572,Tijeras resistentes multiusos,202,0.55,4.99,https://dropipro.com/storage/products/572/71MP6eBTAIL_2024-02-10-17-35-43._AC_SL1500_.jpg,
1049,Luz solar para escaleras pack 2und,213,0.11,2.45,https://dropipro.com/storage/products/1049/aplique_2024-08-08-13-27-58.jpg,
986,Luces solares para jardín 2pcs 8LED,405,0.29,3.95,https://dropipro.com/storage/products/986/LUZ_2024-07-25-16-45-02.jpg,
191,Aplique luz solar con sensor 100 LED,194,0.18,3.5,https://dropipro.com/storage/products/191/aplique-solar-led-kira-fabrilamp_2023-04-19-14-35-47.jpg,
190,Aplique luz solar con sensor 40 LED Strong,169,0.19,3.25,https://dropipro.com/storage/products/190/IP-1535_det_4_2023-04-19-14-32-51.jpg,
1879,Asiento de bastón Plegable,0,0.97,9.49,https://dropipro.com/storage/products/1879/ASIENTO_1741112545.jpg,
945,Vibrador,628,0.26,2.49,https://dropipro.com/storage/products/945/2024-07-1410_2024-07-14-10-14-42.08.png,
304,Mochila para pañales con cuna,146,1.13,9.99,https://dropipro.com/storage/products/304/81KKrfW4WnL_2023-07-30-15-13-51._AC_UX679_.jpg,
1047,Plantillas magnéticas de terapia hombre 40/45,0,0.09,1.75,https://dropipro.com/storage/products/1047/plantilla_2024-08-07-16-45-01.jpg,
30,Reloj Encendedor,522,0.29,3.49,https://dropipro.com/storage/products/30/reloj_encendedor_02-11-2022.jpg,
1065,Cuaderno mágico de escritura para Niños 4und Español,8622,0.43,2.49,https://dropipro.com/storage/products/1065/LIBRO_2024-08-14-18-48-38.jpg,
1038,Soporte reposabrazos para escritorio,214,0.32,3.99,https://dropipro.com/storage/products/1038/reposabrazo_2024-08-04-15-43-38.jpg,
961,Eliminador profesional de arañazos en 20 seg para coche,3930,0.36,3.89,https://dropipro.com/storage/products/961/ARANAZO_2024-07-19-12-55-22.jpg,
940,Trampas para Ratones,543,0.44,2.79,https://dropipro.com/storage/products/940/RATONES_2024-07-13-15-27-14.jpg,
915,Pack 3 atomizador recargable perfume 5ml (color surtido),155,0.03,2.35,https://dropipro.com/storage/products/915/ATOMISADO_2024-06-30-15-22-36.JPG,
597,PROPINA,99407,0.0,0.0,https://dropipro.com/storage/products/597/gratefully-accept-a-tip_2024-02-19-23-21-08.jpg,
596,SEGURO DE GARANTIA,93453,0.0,0.0,https://dropipro.com/storage/products/596/garantia_de_productos-02-03-02_2024-02-19-23-17-38.jpeg,
149,Mango extensible limpia cristales para coche,761,0.22,3.69,https://dropipro.com/storage/products/149/BN1527-1_2023-02-28-15-48-49.jpg,
595,ENVIO PRIORITARIO,98525,0.0,0.0,https://dropipro.com/storage/products/595/envioprioritario_1400x_2024-02-19-23-04-36.jpeg,
42,Hucha electrónica digital,30,0.45,4.3,https://dropipro.com/storage/products/42/hucha_digital_02-11-2022.jpg,
143,Metralleta Burbujas,108,0.39,1.89,https://dropipro.com/storage/products/143/PISTOLA-DE-20-CM-3_2024-01-18-13-51-02.jpg,
1871,Bastón plegable de doble asa con linterna,328,0.76,8.89,https://dropipro.com/storage/products/1871/BASTON_1741108678.jpg,
155,Almohada cervical viscoelástica Cuello,6464,0.59,7.49,https://dropipro.com/storage/products/155/ALMOHADACERVICALBAJA-REBOTE_1024x10242x_2023-02-28-16-24-08.png,
1863,Pack 30 parche bucales antirronquidos,270,0.1,1.49,https://dropipro.com/storage/products/1863/CINTA_1740680076.jpg,
1846,Calentador de pies eléctrico,111,0.75,16.99,https://dropipro.com/storage/products/1846/ZAPATO_1740130051.jpg,
1842,Amplificador de sonido para mayores,439,0.13,6.99,https://dropipro.com/storage/products/1842/WechatIMG2030_1740076236.jpg,
1828,Kit de cepillo y peine desenredante,398,0.44,4.09,https://dropipro.com/storage/products/1828/WechatIMG2026_1739813655.jpg,
1814,Masajeador de cabeza eléctrica,157,0.72,14.99,https://dropipro.com/storage/products/1814/masajeadorq_1739355469.jpg,
1788,Calcetines de peluche hasta la rodilla para mujer,119,0.31,2.99,https://dropipro.com/storage/products/1788/CALCETINES_1738932552.jpg,
1485,Pack 6 parche antifiebre para niños,768,0.11,1.89,https://dropipro.com/storage/products/1485/PARCHE_2024-11-15-17-26-41.jpg,
1404,Extractor de leche eléctrico,321,0.4,9.49,https://dropipro.com/storage/products/1404/WechatIMG1753_2024-10-30-17-49-50.jpg,
121,Cepillo de dientes para niños - forma U,10527,0.23,0.99,https://dropipro.com/storage/products/121/cepillo_dientes_ninos_2023-01-25-18-29-06.jpg,
1602,Aceite esencial reparacion de colageno 50ml,1724,0.29,2.89,https://dropipro.com/storage/products/1602/COLAG_1733763849.jpg,
1597,Cinturón de maternidad para embarazo,385,0.08,3.99,https://dropipro.com/storage/products/1597/materny_1733497427.jpg,
1572,Plantillas de masaje magnético de acupresión unisex,2492,0.05,1.89,https://dropipro.com/storage/products/1572/PLANTILLAHOM_1732558883.jpg,
1544,Almohadilla de calentamiento menstrual,501,0.16,5.89,https://dropipro.com/storage/products/1544/ALMOHADILLA_2024-11-21-18-51-08.jpg,
1540,Pack 30 Parches para dejar de fumar,972,0.21,1.99,https://dropipro.com/storage/products/1540/FUMA_2024-11-20-17-35-37.JPG,
1511,Pack 10 pegatinas levanta pechos,1480,0.22,1.49,https://dropipro.com/storage/products/1511/PECHO_2024-11-19-12-39-50.jpg,
1508,Cepillo voluminizador con omnia botanica,884,0.06,2.29,https://dropipro.com/storage/products/1508/CEPILLO_2024-11-19-12-11-09.JPG,
1498,Masajeador para cuello con 6 puntos activación para simular dedos,360,0.39,5.49,https://dropipro.com/storage/products/1498/MASAJEADOR_2024-11-18-17-31-32.jpg,
1472,Dispositivo antiasfixia,41,0.44,6.49,https://dropipro.com/storage/products/1472/ASF_2024-11-13-12-24-45.jpg,
1470,Lápiz antipicaduras para aliviar el dolor y la hinchazón,340,0.06,8.49,https://dropipro.com/storage/products/1470/ANTIPICADURA_2024-11-12-18-31-16.jpg,
1463,Champú para canas 100ml negro,2267,0.33,2.79,https://dropipro.com/storage/products/1463/CAMPU-NEG_2024-11-07-18-44-14.JPG,
1462,Set de 4 botellas de viaje,810,0.15,2.89,https://dropipro.com/storage/products/1462/BOTELLA_2024-11-07-17-53-38.jpg,
1439,Cepillo mata piojos,696,0.52,5.99,https://dropipro.com/storage/products/1439/PIOJOS_2024-11-06-13-47-56.jpg,
1438,Limpiador de oídos electrico,287,0.28,1.99,https://dropipro.com/storage/products/1438/OIDO_2024-11-05-06-16-50_2024-11-06-13-31-56.JPG,
1405,Tensiómetro inteligente,1124,0.5,5.99,https://dropipro.com/storage/products/1405/TENSIO_2024-10-30-18-02-49.jpg,
799,Cortapelo 3in1,6,0.31,6.8,https://dropipro.com/storage/products/799/WechatIMG1288_2024-04-30-13-28-04.jpg,
236,Mini afeitadora eléctrica portátil (colores variado),0,0.29,3.95,https://dropipro.com/storage/products/236/03a73acf6fea404904f9b37efabbf5562f0650fb_original_2023-11-02-13-55-20.jpeg,
993,Mini afeitadora compacta resistente al agua,394,0.01,3.95,https://dropipro.com/storage/products/993/AFEITADO_2024-07-25-18-14-05.jpg,
326,Mini afeitadora eléctrica portátil azul/plata,745,0.29,3.29,https://dropipro.com/storage/products/326/MNAZUL_2023-08-31-22-50-54.jpg,
504,Mini Plancha 2en1,25,0.4,7.49,https://dropipro.com/storage/products/504/_20240129165032_2024-01-29-17-02-42.jpg,
679,Masajeador Capilar,444,0.26,3.99,https://dropipro.com/storage/products/679/RASPA_2024-03-22-17-59-49.jpg,
365,Cepillo Masajeador Cuero Cabelludo,1160,0.1,0.99,https://dropipro.com/storage/products/365/16965167185fbdc11a6b431018b823e377e698b5c4_thumbnail_720x_2024-01-17-18-11-45.jpg,
512,Masajeador Facial eléctrico con Parche Estimulación EMS,447,0.2,2.99,https://dropipro.com/storage/products/512/71thLJ5zICL_2024-01-29-18-00-27._AC_SL1500_.jpg,
487,Máscara de refrigeración cara,500,0.25,1.99,https://dropipro.com/storage/products/487/24032_2024-01-24-19-30-59.jpg,
567,Masajeador de Cuello y Hombros 5D,425,1.6,13.99,https://dropipro.com/storage/products/567/71hP3R2PJqL_2024-02-09-17-35-59._AC_SL1500_.jpg,
547,Cojines de Masaje Eléctricos,336,0.63,9.99,https://dropipro.com/storage/products/547/71atGA5KxL_2024-02-07-19-56-59._AC_SL1500_.jpg,
482,Masajeador térmico de columna cervical con 6 cabezales de masaje,958,0.34,6.99,https://dropipro.com/storage/products/482/24070_2024-01-24-16-42-41.jpg,
147,Masajeador Cervical,1744,0.41,3.99,https://dropipro.com/storage/products/147/WechatIMG175_2023-02-28-15-35-07.jpeg,
988,Masajeador cervical profesional modo frio y calor con mando distancia,171,0.98,17.95,https://dropipro.com/storage/products/988/MASAJEADOR_2024-07-25-17-21-07.jpg,
351,Masajeador cervical mariposa,4428,0.26,1.99,https://dropipro.com/storage/products/351/MASAJEADORCERVICAL_2023-09-15-13-15-34.jpeg,
415,Almohadilla de Repuesto para Masajeador Cervical 1ud,850,0.01,0.49,https://dropipro.com/storage/products/415/61Y73FCHOqL_2024-01-17-17-41-22._AC_SL1500_.jpg,
613,Masajeador cervical mariposa 2.0,0,0.25,1.99,https://dropipro.com/storage/products/613/MASAJ_2024-03-07-17-57-26.jpg,
395,Masajeador de Cuello Portátil,381,0.32,3.99,https://dropipro.com/storage/products/395/51H2sR3VzKL_2023-11-01-16-24-14._AC_SL1000_.jpg,
1400,Masajeador de cabeza eléctrico inalámbrico,299,0.25,8.49,https://dropipro.com/storage/products/1400/MASA_2024-10-30-17-17-53.JPG,
453,Almohada de viaje con memoria,1142,0.57,5.89,https://dropipro.com/storage/products/453/e0e77219003cd755c06cdf7de3fd0f84_2023-12-22-17-30-22.jpg,
500,Almohadilla térmica para Hombros,591,0.18,4.99,https://dropipro.com/storage/products/500/24086_2024-01-27-20-04-44.jpg,
499,Masajeador de hombros ajustables con calefacción y vibración,36,0.19,5.99,https://dropipro.com/storage/products/499/24086_2024-01-27-20-04-44.jpg,
122,Esterilla masajeadora de acupresión,132,0.76,7.99,https://dropipro.com/storage/products/122/1_2024-03-20-18-58-24.jpeg,
1393,Masajeador Anticelulítico Recargable por Succión y Calor,69,0.39,9.99,https://dropipro.com/storage/products/1393/MASA_2024-10-30-16-02-31.JPG,
1407,Masajeador de celulitis,343,0.65,9.49,https://dropipro.com/storage/products/1407/masajeador_2024-10-30-18-25-28.jpg,
682,Masajeador de cuello enrollable con 6 bolas,349,0.47,1.99,https://dropipro.com/storage/products/682/2024-03-2218_2024-03-22-18-42-58.38.png,
556,Masajeador de piernas eléctrico con calor,79,0.59,12.99,https://dropipro.com/storage/products/556/61oZv2YEEVL_2024-02-08-14-10-24._AC_SL1200_.jpg,
511,Calcetines Autocalentables,4743,0.3,1.39,https://dropipro.com/storage/products/511/418DJHMYKL_2024-01-29-17-48-47._AC_.jpg,
1153,Calcetines de acupuntura (talla unica),591,0.13,2.49,https://dropipro.com/storage/products/1153/CALCETINE_2024-09-06-17-59-45.JPG,
937,Calcetines de silicona hidratantes,685,0.09,1.69,https://dropipro.com/storage/products/937/CALSETINE_2024-07-13-13-53-18.jpg,
1157,Calcetines hidratantes de silicona,289,0.0,1.99,https://dropipro.com/storage/products/1157/CALCETINEHID_2024-09-09-15-27-25.jpg,
1064,Calcetines ortopedicos para aliviar juanete,1830,0.34,1.99,https://dropipro.com/storage/products/1064/CALCETINE_2024-08-14-18-41-11.jpg,
44,Corrector de Juanetes pack 2 uds,1990,0.23,1.29,https://dropipro.com/storage/products/44/s-l500_2023-05-23-19-26-47.jpg,
1073,Taloneras ortopédicas 1 par,731,0.09,2.55,https://dropipro.com/storage/products/1073/TALONERA_2024-08-14-19-41-56.JPG,
310,Masajeador de pies ems,2385,0.35,2.39,https://dropipro.com/storage/products/310/81iJyIFhKL_2023-06-17-16-16-16._AC_SL1500_.jpg,
370,Media de Compresion 2pcs Negro,1198,0.31,1.99,https://dropipro.com/storage/products/370/gsc_119368965_2326484_1_2023-11-02-17-06-35.jpg,
369,Rodillera con frío/calor,741,0.26,4.59,https://dropipro.com/storage/products/369/1696666227079_2023-10-14-20-12-12.jpg,
134,Rodilleras para las articulaciones (2 uds),373,0.65,5.99,https://dropipro.com/storage/products/134/rodilleras_2023-01-26-14-21-34.png,
346,Parches de Alivio del Dolor de Rodilla 12pcs,4004,0.23,1.49,https://dropipro.com/storage/products/346/61Ci5srEa8L_2023-09-09-12-10-32._AC_SL1000_.jpg,
895,Parches para Aliviar el Dolor Menstrual,1777,0.01,0.99,https://dropipro.com/storage/products/895/MENSTRUA_2024-06-19-18-01-19.jpg,
558,Parches para dormir 28 piezas,764,0.22,1.49,https://dropipro.com/storage/products/558/1200121188_max_2024-02-08-17-07-59.jpg,
489,Parche de alivio del dolor (8 Parches),641,0.15,0.99,https://dropipro.com/storage/products/489/GHGJBV_2024-01-26-14-05-29.jpg,
519,Chaleco autocalentable Unisex talla unico,31,0.45,5.45,https://dropipro.com/storage/products/519/41nUcURKp2L_2024-01-30-15-22-41._AC_.jpg,
110,Parches desintoxicantes de pies,1563,0.27,1.99,https://dropipro.com/storage/products/110/parches_pies_2023-01-25-18-04-15.png,
1006,Cepillo masajeador para cabello,591,0.11,4.75,https://dropipro.com/storage/products/1006/71FC6zzFvKL_2024-08-08-14-42-29._AC_SL1500_.jpg,
972,Jabón comprimido para cubrir el cabello,1467,0.07,2.69,https://dropipro.com/storage/products/972/JABONjpg_2024-07-19-19-08-46.jpeg,
337,Spray de Crecimiento del Cabello,4009,0.33,1.79,https://dropipro.com/storage/products/337/61Rpaz4-IoL_2023-09-08-18-57-51._AC_SL1500_.jpg,
117,Crema para hemorroides,1760,0.23,0.99,https://dropipro.com/storage/products/117/crema_hemorroides_2023-01-25-18-15-38.png,
345,Crema aclarante blanqueadora,3172,0.27,1.99,https://dropipro.com/storage/products/345/61ttt4MjghL_2024-01-18-12-39-30._AC_SL1500_.jpg,
1594,Crema reafirmante para el contorno de los ojos,1338,0.22,1.69,https://dropipro.com/storage/products/1594/OJO_1733396991.jpg,
109,Serum crece pelos,8386,0.28,0.99,https://dropipro.com/storage/products/109/serum_2024-06-03-14-18-31.jpg,
824,Mascarilla de carbón para blanquear los poros,1302,0.08,2.49,https://dropipro.com/storage/products/824/WechatIMG1307_2024-05-09-18-03-33.jpg,
894,Mascarilla reafirmante de colágeno hidrolizado,557,0.02,1.99,https://dropipro.com/storage/products/894/MASCARILLA_2024-06-19-17-58-28.jpg,
1610,Gafa de lectura antiluz azul,0,0.2,2.89,https://dropipro.com/storage/products/1610/61fpBImbaRL._AC_SX522__1775933229.jpg,
1348,Antifaz para dormir,1,0.01,1.09,https://dropipro.com/storage/products/1348/ANTI_2024-09-27-17-14-35.jpg,
695,Protector bucal antirronquido,2164,0.23,3.19,https://dropipro.com/storage/products/695/WhatsAppImage2024-04-02at15_2024-04-02-15-38-14.37.jpg,
683,Gorro de máscara para migraña,646,0.26,2.99,https://dropipro.com/storage/products/683/MASCA_2024-03-22-18-50-27.jpg,
620,Cinta de silicona para cicatrices (rollo de 5 x 500cm ),624,0.02,0.99,https://dropipro.com/storage/products/620/3_2024-04-30-13-41-44.jpeg,
591,Blanqueador Dental Morada v34,6592,0.2,1.99,https://dropipro.com/storage/products/591/v34_2024-07-15-17-13-37.jpg,
520,Cepillo eléctrico infantil Rosa,409,0.3,2.49,https://dropipro.com/storage/products/520/24093_2024-01-27-19-34-55.jpg,
518,Limpiador Dental Sonic Pic con luz LED,269,0.05,2.49,https://dropipro.com/storage/products/518/24078_2024-01-30-14-59-38.jpg,
495,Cepillo electrico infantil Blanco,383,0.1,2.49,https://dropipro.com/storage/products/495/24093_2024-01-27-19-34-55.jpg,
403,Spray Eliminacion Cicatrices,1403,0.05,1.99,https://dropipro.com/storage/products/403/71IQtXuwAlL_2023-11-09-12-13-33._SL1500_.jpg,
387,Juego de Ventosa Eléctrica Recargable,0,0.35,6.85,https://dropipro.com/storage/products/387/61HOnByx8AL_2023-11-01-12-07-46._AC_SX679_.jpg,
386,Juego de Ventosa Eléctrica con Cable,393,0.35,4.89,https://dropipro.com/storage/products/386/61HOnByx8AL_2023-11-01-12-06-29._AC_SX679_.jpg,
376,Bastón Plegable con luz LED,1012,0.67,6.69,https://dropipro.com/storage/products/376/512DtUMxc6L_2023-10-16-19-49-39._AC_SX679_.jpg,
342,Spray de Tratamiento de Articulaciones,201,0.05,0.99,https://dropipro.com/storage/products/342/_20230909114841_2023-09-09-11-50-52.jpg,
336,Spray Aceite Castor,0,0.07,0.99,https://dropipro.com/storage/products/336/932479071_max_2023-09-08-18-44-33.jpg,
335,Spray para venas y varices,325,0.53,0.99,https://dropipro.com/storage/products/335/71qi2xlAmwL_2023-09-08-18-39-59._AC_SL1500_.jpg,
330,Removedor de Verrugas,1838,0.23,1.49,https://dropipro.com/storage/products/330/71qabnM0i2S_2023-09-08-16-01-28._AC_SL1500_.jpg,
309,Set 3 perfumes con feromonas,1585,0.29,1.99,https://dropipro.com/storage/products/309/71If68o68gL_2023-08-02-13-53-22._AC_SX679_.jpg,
142,Lápiz electrónico acupuntura,775,0.29,2.99,https://dropipro.com/storage/products/142/WechatIMG174_2023-02-28-15-22-50.jpeg,
128,Cojín ergonómico de gel,1482,1.2,5.55,https://dropipro.com/storage/products/128/cojin_gel_2023-01-25-18-42-45.png,
114,Aceite anti-hongos uñas,2006,0.24,1.49,https://dropipro.com/storage/products/114/71zBLtTwYwL_2024-01-18-16-37-31._AC_SL1500_.jpg,
113,Spray para Varices,1331,0.25,0.99,https://dropipro.com/storage/products/113/710vPCL-b6L_2024-01-17-16-16-15._SL1500_.jpg,
52,Limpiador de oidos,182,0.08,2.99,https://dropipro.com/storage/products/52/limpiador_oidos_02-11-2022.jpg,
948,Lima electrica para pies,0,0.35,3.75,https://dropipro.com/storage/products/948/gallo_2024-07-16-22-50-38.jpg,
505,Antifaz Bluetooth con Altavoces Integrados,284,0.09,3.29,https://dropipro.com/storage/products/505/24084_2024-01-29-17-11-56.jpg,
994,Almohadilla ortopédica vibratoria con calefacción,188,0.62,15.99,https://dropipro.com/storage/products/994/LUMBAR_2024-07-25-19-17-12.jpg,
124,Cepillo de ducha exfoliante,7640,0.33,1.59,https://dropipro.com/storage/products/124/exfoliante_ducha_2023-01-25-18-34-54.jpg,
22,Batidora Licuadora Portable Azul,268,0.54,3.99,https://dropipro.com/storage/products/22/mini-licuadora-azul-portatil-usb-380ml-batidora-de-vaso-individual_2023-06-12-13-11-09.jpg,
789,Cojin ortopedico calentable,302,1.2,10.99,https://dropipro.com/storage/products/789/WechatIMG1266_2024-04-19-11-29-52.jpg,
571,Almohada cervical viscoelástica para el cuello,1020,0.83,5.99,https://dropipro.com/storage/products/571/COJIN_2024-09-24-18-00-10.jpg,
372,Almohada cervical quiropráctica,1106,0.35,2.95,https://dropipro.com/storage/products/372/almohada_2024-06-03-14-13-18.jpg,
46,Almohada relajante ortopédica piernas,5194,0.22,3.69,https://dropipro.com/storage/products/46/cojin_ergonomico_02-11-2022.png,
781,Estimulador muscular masajeador con electrodos adhesivos,5,0.49,4.99,https://dropipro.com/storage/products/781/61rJzfkINdL_2024-04-11-16-14-02._AC_SL1500_.jpg,
1870,Rodillo de masaje corporal 6 bolas,353,0.42,2.89,https://dropipro.com/storage/products/1870/masajjeado_1741108568.jpg,
1868,Pack 6 parches jengibre para aliviar el dolor,484,0.1,1.49,https://dropipro.com/storage/products/1868/WechatIMG2045_1741107580.jpg,
1867,Faja lumbar con terapia magnetica,140,0.3,7.49,https://dropipro.com/storage/products/1867/FAJA_1741104289.JPG,
1861,Cinta de estiramiento,532,0.2,2.49,https://dropipro.com/storage/products/1861/61E4wbk7wL._AC_SL1500__1740677695.jpg,
1855,Entrenador de agarre de fuerza de mano 15KG,218,1.16,7.99,https://dropipro.com/storage/products/1855/EJERCI_1740133555.jpg,
1854,Dispositivo de ejercicio de respiración para pulmones,470,0.27,2.49,https://dropipro.com/storage/products/1854/REPOIRA_1740132945.jpg,
1847,Masajeador muscular con mango extencion,141,1.2,17.99,https://dropipro.com/storage/products/1847/MASAJEADOR_1740130360.jpg,
1840,Masajeador de pantorrilla para circulación y alivio del dolor 1 unidad,145,0.55,14.99,https://dropipro.com/storage/products/1840/MASAJEA_1740074457.jpg,
1829,Calcetines de yoga antideslizante ( colores variados ),680,0.1,1.29,https://dropipro.com/storage/products/1829/calcetine_1739883080.jpg,
1804,Camiseta de compresion moldeadora M/L,388,0.23,3.69,https://dropipro.com/storage/products/1804/camiseta_1739278231.jpg,
1790,Rodillo de ejercicio multifuncional,264,1.71,10.49,https://dropipro.com/storage/products/1790/GYM_1738952320.jpg,
1779,Almohadilla de gel frío y calor para dedos,291,0.25,3.99,https://dropipro.com/storage/products/1779/TERAPIA_1738237542.jpg,
1768,Correctora de juanetes con Correa Ajustable,554,0.1,1.99,https://dropipro.com/storage/products/1768/JUANETE_1738175813.jpg,
1704,Rodilleras 1pcs tejido 3D con almohadilla ( talla unica ),1578,0.47,2.69,https://dropipro.com/storage/products/1704/615AW88DOGL._AC_SL1500__1737041907.jpg,
1645,Esterilla de golf 80*150,192,0.78,11.99,https://dropipro.com/storage/products/1645/GOLF_1735223217.jpg,
1598,Bandas de Resistencia 5 und,806,0.29,1.89,https://dropipro.com/storage/products/1598/CINTA_1733499007.jpg,
1570,Almohadilla ortopédico para juanetes 1 pares,882,0.24,1.99,https://dropipro.com/storage/products/1570/ALMOHADI_1732552296.jpg,
1539,Pack 12 parche para ciática,1181,0.22,1.89,https://dropipro.com/storage/products/1539/CIATICA_2024-11-20-17-05-56.jpg,
1522,Plantillas ortopédicas con amortiguacion para hombre 40-46,916,0.08,2.39,https://dropipro.com/storage/products/1522/PLANTILLA_2024-11-19-15-33-18.jpg,
1521,Plantillas ortopédicas con amortiguacion para mujer 36-41,818,0.07,2.29,https://dropipro.com/storage/products/1521/PLANTILLA_2024-11-19-15-33-18.jpg,
1513,Masajeador multifuncion de brazos y cervicales,368,0.59,6.99,https://dropipro.com/storage/products/1513/MASAJEADORM_2024-11-19-12-55-48.jpg,
1512,Corrector de postura unisex con chip de piedra energetica,87,0.08,2.99,https://dropipro.com/storage/products/1512/CORRECTOR_2024-11-19-12-45-25.jpg,
1509,Sistema de adelgazamiento Tummy Tuck,376,0.53,5.89,https://dropipro.com/storage/products/1509/ADELG_2024-11-19-12-25-28.JPG,
1504,Tobillera ultrafina de alta elasticidad 1 und,186,0.04,2.09,https://dropipro.com/storage/products/1504/TOBILL_2024-11-18-18-44-46.jpg,
1505,Cinta de kinesiología 1 rollo 5cm x 5m,495,0.1,1.89,https://dropipro.com/storage/products/1505/CINTA_2024-11-18-18-54-12.jpg,
1503,Calcetín de terapia de frío y calor de Gel reutilizable,418,0.48,4.49,https://dropipro.com/storage/products/1503/CALCETINE_2024-11-04-12-14-08_2024-11-18-18-39-39.jpeg,
1502,Hombrera de gel frío y calor reutilizable,608,0.56,5.09,https://dropipro.com/storage/products/1502/HOMBRO_2024-11-18-18-35-51.jpg,
1501,Faja de terapia de frío y calor de Gel reutilizable,367,0.94,4.89,https://dropipro.com/storage/products/1501/FAJA_2024-11-04-13-00-07_2024-11-18-18-26-59.jpeg,
1500,Almohadilla de gel reutilizable para cuello frío y calor,537,0.6,4.49,https://dropipro.com/storage/products/1500/ALMOHADILLACUELLO_2024-11-04-11-46-17_2024-11-18-18-22-46.jpeg,
1496,Botella de agua portátil de silicona,278,0.17,2.89,https://dropipro.com/storage/products/1496/WechatIMG1810_2024-11-18-17-14-16.jpg,
1460,Masajeador muscular de 4 cabezas,568,1.5,14.99,https://dropipro.com/storage/products/1460/MASA_2024-11-07-17-36-19.jpg,
1415,Masajeador de rodilla infrarrojo con terapia de calor y luz roja,229,0.88,29.99,https://dropipro.com/storage/products/1415/RODILLA_2024-11-01-17-12-36.jpg,
1015,Rodilleras 1pcs tejido 3D con almohadilla S/M,1448,0.47,2.79,https://dropipro.com/storage/products/1015/rodillera_2024-07-29-19-11-45.jpg,
1039,Balón de fútbol holográfico luminoso,259,0.43,5.99,https://dropipro.com/storage/products/1039/BALON_2024-08-04-15-47-13.jpg,
697,Electroestimulador de glúteos pro,433,0.35,3.85,https://dropipro.com/storage/products/697/71BIbpNsWOL_2024-04-03-15-54-55._AC_SX679_.jpg,
1113,Entrenador de ejercicios para dedos 1und,342,0.05,1.49,https://dropipro.com/storage/products/1113/DEDOS_2024-08-24-16-29-26.JPG,
130,Soporte masajeador lumbar / espalda,235,0.64,3.5,https://dropipro.com/storage/products/130/masajeador_lumbar_2023-01-25-18-45-48.jpg,
550,Revoflex Xtreme,366,1.11,8.89,https://dropipro.com/storage/products/550/81jeZhnMPyL_2024-02-08-12-11-54._AC_SL1500_.jpg,
491,Correas para entrenamiento de piernas,54,0.39,4.99,https://dropipro.com/storage/products/491/24047_2024-01-27-18-51-04.jpg,
480,"Entrenador de Cadera, para Piernas y Glúteos",7,0.66,3.89,https://dropipro.com/storage/products/480/24100_2024-01-24-16-23-59.jpg,
533,"Máquina adelgazante de masaje, removedor de celulitis",547,0.94,12.89,https://dropipro.com/storage/products/533/61BSM4fLPpL_2024-02-06-17-35-39._AC_SL1140_.jpg,
339,Crema Reduccion de Grasa Jengibre,850,0.27,1.99,https://dropipro.com/storage/products/339/712bQ8WoigL_2023-09-09-11-24-55._AC_SL1500_.jpg,
14,Parches adelgazantes magnéticos - 30 uds,2107,0.05,1.99,https://dropipro.com/storage/products/14/parches_02-11-2022.jpg,
334,Jabón quemador de grasa Esencial Natural,290,0.92,1.49,https://dropipro.com/storage/products/334/_20230908183126_2023-09-08-18-33-48.jpg,
391,Cinturón Sacroilíaco,3648,0.16,3.55,https://dropipro.com/storage/products/391/61-hKqmddcL_2023-11-01-13-47-49._SL1500_.jpg,
140,Faja Lumbar quemadora de grasa,817,0.31,2.75,https://dropipro.com/storage/products/140/8434921023015_1_2024-01-18-16-23-27.jpg,
126,Tabla de ejercicios multifunción,310,1.47,9.05,https://dropipro.com/storage/products/126/tabla_multifuncion_2023-01-25-18-38-38.png,
112,Aceite de Jengibre,9649,0.24,0.99,https://dropipro.com/storage/products/112/jengibre_1777571045.jpg,
100,Pistola de masaje grande con maletín + cabezales,458,1.62,16.49,https://dropipro.com/storage/products/100/Pistolaheikel_28-11-2022.jpg,
75,Pistola de masaje - mediana,0,1.15,9.99,https://dropipro.com/storage/products/75/pistola_mediana_16-11-2022.png,
11,Pistola de masaje,731,0.87,8.99,https://dropipro.com/storage/products/11/pistola_masaje_02-11-2022.png,
785,Auriculares Bluetooth diadema,227,0.1,3.99,https://dropipro.com/storage/products/785/3_2024-04-23-20-36-40.jpeg,
838,Anillo inteligente tipo Oura talla 9,104,0.27,11.99,https://dropipro.com/storage/products/838/anillon_2024-05-27-13-22-30.jpg,
1862,Bragas Embarazo Maternidad Sin Costura,600,0.14,2.49,https://dropipro.com/storage/products/1862/BRAGA_1740677858.jpg,
1800,Faja moldeadora 2 en 1 negro s/m ( camiseta + faja ),497,0.45,4.69,https://dropipro.com/storage/products/1800/x-min_1739899580.jpg,
238,Sujetador Deportivo talla S/M,55,0.11,2.09,https://dropipro.com/storage/products/238/61EZ8n43tL_2024-01-18-12-59-54._AC_SX569_.jpg,
1089,Faja moldeadora con cintura ajustable negro M/L,619,0.38,3.99,https://dropipro.com/storage/products/1089/24232NG_2024-08-15-17-32-23.jpg,
1172,Body mujer sin manga con escote cuadrado beige S/M,298,0.3,3.89,https://dropipro.com/storage/products/1172/bodybeigemujer_2024-09-11-19-47-35.jpg,
1170,Body mujer sin manga con escote cuadrado negro S/M,68,0.35,3.89,https://dropipro.com/storage/products/1170/bodyneg_2024-09-11-19-43-48.jpg,
1176,Body sin costuras para mujer marron S/M,389,0.36,3.69,https://dropipro.com/storage/products/1176/SINCOSTMARRON_2024-09-11-20-09-00.jpg,
1174,Body sin costuras para mujer negro S/M,645,0.36,3.69,https://dropipro.com/storage/products/1174/SINCOSTURANEGRO_2024-09-11-20-05-46.jpg,
1081,Bragas moldeadoras beige S/M,346,0.35,3.69,https://dropipro.com/storage/products/1081/FAJA24234BEIG_2024-08-15-13-19-13.JPG,
1094,Leggings con control de abdomen M/L,338,0.39,3.99,https://dropipro.com/storage/products/1094/LEGGIN_2024-08-15-18-33-58.jpg,
1085,Tanga moldeadora de cadera negro S/M,322,0.29,2.99,https://dropipro.com/storage/products/1085/TANGA_2024-08-15-16-45-42.JPG,
1848,Masajeador facial con ventosas de goma,195,0.44,5.99,https://dropipro.com/storage/products/1848/WechatIMG2033_1740130880.jpg,
1813,Máscara facial LED con terapia de luz roja para La cara y la piel,18,0.63,17.49,https://dropipro.com/storage/products/1813/MASCARA_1739299895.jpg,
1642,Lápiz de maquillaje 4 en 1 multifuncional,593,0.22,1.89,https://dropipro.com/storage/products/1642/BOLI_1735221195.jpg,
133,Mini lámpara LED para uñas portátil,291,0.1,0.99,https://dropipro.com/storage/products/133/lamapara_led_unas_2023-01-26-14-16-21.png,
119,Lampara LED secador de uñas,491,0.44,2.99,https://dropipro.com/storage/products/119/2_2024-03-09-17-09-35.jpeg,
1614,Serum facial con nicotinamida para cuidado de la piel,818,0.27,1.89,https://dropipro.com/storage/products/1614/712fiZV8LL._SL1500__1734025862.jpg,
1603,Champú para canas 500ml negro,0,0.76,6.49,https://dropipro.com/storage/products/1603/champunegro_1733764800.jpg,
1596,Cepillo moldeador 3 en 1,461,0.61,6.99,https://dropipro.com/storage/products/1596/CEPI_1733406146.jpg,
1595,Set de 6 pintalabios color mate,579,0.37,4.49,https://dropipro.com/storage/products/1595/LAPIA_1733403462.jpg,
1567,Masajeador de ojos y labio electrico con vibracion,599,0.26,5.49,https://dropipro.com/storage/products/1567/MASAOJO_1732548694.JPG,
1414,Espejo de maquillaje LED,237,0.77,8.99,https://dropipro.com/storage/products/1414/ESPEJO_2024-11-01-17-05-06.jpg,
488,Depilación facial para mujer (modelo pila),0,0.14,1.99,https://dropipro.com/storage/products/488/170141388211d265370304dea8123f44298d94a963_2024-01-26-13-07-48.jpg,
601,Masajeador de Estiramiento Facial para el Cuello Blanco,0,0.14,6.75,https://dropipro.com/storage/products/601/WechatIMG1155_2024-03-04-16-15-56.jpg,
513,Kit de Aerógrafo Eléctrico para uñas,325,0.55,8.99,https://dropipro.com/storage/products/513/61t8jtt9wDL_2024-01-29-18-21-56._AC_SL1500_.jpg,
663,Juegos De Herramientas De Manicura,376,0.08,3.49,https://dropipro.com/storage/products/663/MANIC_2024-03-19-17-54-30.jpg,
968,Limpiador de Brochas de Maquillaje,477,0.47,3.89,https://dropipro.com/storage/products/968/BROCHA1_2024-07-19-14-59-44.JPG,
283,Limpiador de Brochas eléctrico con adaptadores,417,0.3,4.99,https://dropipro.com/storage/products/283/113118217_1_2023-07-10-19-02-07.jpg,
681,Espejo portátil led blanco powerbank con calentador,344,0.23,5.99,https://dropipro.com/storage/products/681/PHOTO-2024-03-22-18-27-13_2024-03-22-18-37-38.jpg,
1036,Cubo de almacenamiento para brochas,346,0.4,3.89,https://dropipro.com/storage/products/1036/BROCHA_2024-08-04-14-50-58.JPG,
1319,Secador iónico tipo dyson con accesorios,353,1.22,18.99,https://dropipro.com/storage/products/1319/secador_2024-09-18-18-08-27.jpg,
192,Cepillo Alisador 3 en 1,85,0.49,5.95,https://dropipro.com/storage/products/192/FOTO-PEINE-FONDO-TRANSPARENTE_2023-04-26-19-08-39.png,
996,Recortadora de puntas para mujer,348,0.6,9.95,https://dropipro.com/storage/products/996/RECOR_2024-07-25-19-28-59.jpg,
56,Maquinilla cortapelo - Negro,0,0.43,4.99,https://dropipro.com/storage/products/56/cortapelo_negro_02-11-2022.png,
55,Maquinilla cortapelo - Barbero,0,0.6,6.24,https://dropipro.com/storage/products/55/cortapelo_barbero_02-11-2022.png,
54,Maquinilla cortapelo - Dragón,195,0.25,4.89,https://dropipro.com/storage/products/54/cortapelo_dragon_02-11-2022.png,
41,Cortapelos Braud Hombre,411,0.26,1.99,https://dropipro.com/storage/products/41/cortapelos_braud_02-11-2022.jpg,
991,Rizador de pelo con forma de pata de gato,304,0.41,5.25,https://dropipro.com/storage/products/991/GATO_2024-07-25-17-46-04.jpg,
37,Rizador de pelo triple efecto,254,0.71,6.49,https://dropipro.com/storage/products/37/rizador-triple_02-11-2022.jpg,
389,Cepillo Alisador Pelo (4 Colores),4693,0.48,4.19,https://dropipro.com/storage/products/389/cepillo_2024-04-16-19-16-07.jpg,
527,Mini Plancha De Pelo Recargable 2en1 Cepillo y Rizador Morada,41,0.36,3.49,https://dropipro.com/storage/products/527/617suCHhCUL_2024-02-01-15-44-30._AC_SL1001_.jpg,
526,Mini Plancha De Pelo Recargable 2en1 Cepillo y Rizador Rosa,587,0.16,3.49,https://dropipro.com/storage/products/526/61trl-osKqL_2024-02-01-15-43-42._AC_SL1500_.jpg,
64,"Fibras capilares tipo Toppik Negro 27,5gr",442,0.12,3.89,https://dropipro.com/storage/products/64/fibras_capilares_09-11-2022.png,
951,Fibra capilar correctora negro,686,0.24,2.65,https://dropipro.com/storage/products/951/BUNEE_2024-07-16-23-17-37.JPG,
1374,Mascarilla Capilar Reparación 200ml,9160,0.44,3.69,https://dropipro.com/storage/products/1374/MASCA_2024-07-19-15-13-13.jpg,
317,Masajeador Facial para el Cuello,882,0.25,6.49,https://dropipro.com/storage/products/317/51f8J5w53qL_2023-08-23-17-48-07._AC_SX679_.jpg,
373,Masajeador Facial para el Cuello Blanco,764,0.12,4.95,https://dropipro.com/storage/products/373/9_2024-04-25-15-28-52_2024-06-07-22-14-52.jpeg,
486,Masajeador facial con frío y calor antiarrugas blanco,1159,0.38,5.99,https://dropipro.com/storage/products/486/IMG_20251018_114359_1760782207.jpg,
364,Reductor Papada,639,0.28,4.99,https://dropipro.com/storage/products/364/1_12_2023-10-14-19-00-59.jpg,
1031,Mascarilla adelgazante papada,734,0.42,2.49,https://dropipro.com/storage/products/1031/PAPADA_2024-08-01-20-16-44.JPG,
788,Mascarilla LED de terapia,249,0.79,10.95,https://dropipro.com/storage/products/788/WechatIMG1265_2024-04-18-13-11-04.jpg,
301,Depilación facial para mujer,19,0.28,2.49,https://dropipro.com/storage/products/301/71SiKn7DO9L_2023-07-30-13-22-32._AC_SX679_.jpg,
233,Depilador Facial En Forma De Pintalabios,2673,0.08,2.49,https://dropipro.com/storage/products/233/31L2uV6U5ZL._SL500__1773773487.jpg,
1131,Rodillo hielo facial para Reducir los poros,200,0.16,3.69,https://dropipro.com/storage/products/1131/RODI_2024-08-29-18-18-19.jpg,
830,Rodillo de Jade para masaje Facial,69,0.09,1.99,https://dropipro.com/storage/products/830/RODILLO_2024-05-21-19-11-48.JPG,
786,Rodillo Volcánico Absorbente de Aceite para limpieza de poros (colores variado),861,0.04,0.99,https://dropipro.com/storage/products/786/RODILLO_2024-04-15-19-32-58.jpg,
193,Cepillo exfoliante facial (colores variados）,371,0.13,2.99,https://dropipro.com/storage/products/193/16197787096966_2023-04-26-19-15-34.png,
1964,Lip Gloss Efecto Voluminzador,1261,0.23,1.99,https://dropipro.com/storage/products/1964/1.1_1744602761.jpg,
1963,Fijador en Cera para el Pelo,675,0.29,2.99,https://dropipro.com/storage/products/1963/1_1744602262.jpg,
129,Masajeador anticelulitis,1028,0.65,5.45,https://dropipro.com/storage/products/129/masajeador_celulitis_2023-01-25-18-44-10.png,
969,Mascarilla Capilar Reparación 500ml,2893,0.74,5.49,https://dropipro.com/storage/products/969/MASCA_2024-07-19-15-13-13.jpg,
560,Tinte para el cabello para cubrir la raíz al instante negro,41,0.28,3.49,https://dropipro.com/storage/products/560/71-0RJTC0QL_2024-03-11-19-40-39._SX425_.jpg,
343,Gel Peinado Cabello Rizado,1359,0.27,2.09,https://dropipro.com/storage/products/343/71G6FBBxbL_2023-09-09-11-53-42._AC_SL1500_.jpg,
331,Crema para Alisar el Cabello,4646,0.07,2.19,https://dropipro.com/storage/products/331/71Fa-2KphL_2023-09-08-16-04-56._AC_SL1500_.jpg,
116,Crema de jengibre - crece cabello,7,0.24,0.99,https://dropipro.com/storage/products/116/crema_potenciador_cabello_2023-01-25-18-14-16.jpg,
344,Crema Hibisco y Miel 50ml,1133,0.15,2.99,https://dropipro.com/storage/products/344/71d-GmXLh9L_2023-09-09-11-57-39._AC_SL1500_.jpg,
1568,Crema hidratante antienvejecimiento con retinol placenta de dragón,225,0.35,2.89,https://dropipro.com/storage/products/1568/DRAGON_1732548925.jpg,
111,Serum quita Ojeras,4081,0.23,1.29,https://dropipro.com/storage/products/111/serum_ojeras_2023-01-25-18-05-22.png,
115,Serum anti-acné / anti-manchas,3720,0.25,0.99,https://dropipro.com/storage/products/115/IMG_20251024_180537_1761323035.jpg,
15,Mascarilla de té verde.,6820,0.28,1.29,https://dropipro.com/storage/products/15/5_2023-03-30-11-06-36.jpg,
1156,Guante spa gel suaviza la piel seca,476,0.17,1.99,https://dropipro.com/storage/products/1156/GUANTE_2024-09-09-15-18-21.jpg,
997,Depiladora de laser IPL PRO,2,0.73,14.95,https://dropipro.com/storage/products/997/depirad_2024-07-25-19-50-49.jpg,
145,Depilador sin dolor,320,0.27,1.49,https://dropipro.com/storage/products/145/WechatIMG170_2023-02-28-15-30-33.jpeg,
18,Depiladora eléctrica,3358,0.33,3.49,https://dropipro.com/storage/products/18/depiladora_laser_02-11-2022.jpg,
973,Rubor de gelatina pack de 4 uds,242,0.0,3.95,https://dropipro.com/storage/products/973/COLORETE_2024-07-19-19-29-45.jpg,
753,Cintas para Párpados (120Pcs),1251,0.01,1.29,https://dropipro.com/storage/products/753/WechatIMG1229_2024-04-04-19-53-31.jpg,
559,Set de almohadilla y gel hidratante de colágeno,1667,0.3,2.99,https://dropipro.com/storage/products/559/61fCpsArd5L_2024-02-08-17-21-33._AC_SL1500_.jpg,
529,Rizador de pestañas eléctrico recargable,156,0.05,3.49,https://dropipro.com/storage/products/529/4541_2024-02-01-17-14-46.jpg,
404,Lips Maximizer 5ml,0,0.03,1.99,https://dropipro.com/storage/products/404/729284875_max_2023-11-10-18-17-22.jpg,
356,Base de maquillaje con esponja N1 Marfil,3081,0.31,1.99,https://dropipro.com/storage/products/356/_20231012154515_2023-10-12-15-51-33.png,
341,Aceite Esencial de Cúrcuma,198,0.25,1.59,https://dropipro.com/storage/products/341/_20230909113727_2023-09-09-11-44-41.jpg,
338,Gránulos de Reparación de Dientes,2020,0.24,1.49,https://dropipro.com/storage/products/338/7193eB2zqyL_2023-09-08-19-02-06._AC_SL1500_.jpg,
333,Parches Eliminación de Lunares,38,0.21,1.49,https://dropipro.com/storage/products/333/904125534_max_2023-09-08-16-31-29.jpg,
167,Blanqueador dental UV,293,0.22,2.49,https://dropipro.com/storage/products/167/8434921026085_1_2024-01-18-13-31-19.jpg,
146,Pestañas Postizas 3D,3120,0.23,1.89,https://dropipro.com/storage/products/146/71CKUYx8bpL_2024-01-18-13-36-56._AC_SL1500_.jpg,
144,Irrigador dental profesional (colores variado),107,0.46,4.69,https://dropipro.com/storage/products/144/WechatIMG173_2023-02-28-15-27-50.jpeg,
138,Blanqueador con ácido hialurónico,4052,0.12,0.99,https://dropipro.com/storage/products/138/WechatIMG166_2023-02-28-15-03-51.png,
118,Lápiz contorno de cejas Nº1 Light Brown,545,0.21,1.69,https://dropipro.com/storage/products/118/lapiz_cejas_2023-01-25-18-21-27.png,
108,Aumentador de tetas,7577,0.28,0.99,https://dropipro.com/storage/products/108/aumentador_tetas_2023-01-25-18-00-09.jpg,
107,Aumentador de gluteos,1678,0.28,1.29,https://dropipro.com/storage/products/107/aumentador_gluteos_2023-01-25-17-59-12.jpg,
58,Lápiz corrector de cejas / barba,694,0.23,1.19,https://dropipro.com/storage/products/58/lapiz_2024-08-22-12-55-48.jpg,
35,Limpiador de Puntos Negros,1716,0.37,1.99,https://dropipro.com/storage/products/35/exctracteur-point-noir_1200x_80444086-fbc0-4726-b562-0b58ee8ccd5d_600x-2_2023-11-03-17-23-21.jpg,
34,Lápiz blanqueador de dientes,11550,0.22,0.99,https://dropipro.com/storage/products/34/blanqueador_dental_02-11-2022.jpg,
32,Aumentador de Labios,157,0.33,4.95,https://dropipro.com/storage/products/32/aumentador_labios_02-11-2022.webp,
36,Rizador eléctrico inalámbrico,429,0.44,8.57,https://dropipro.com/storage/products/36/rizador_automatico_02-11-2022.png,
226,Rizador de pestañas eléctrico con calefacción,1202,0.25,1.49,https://dropipro.com/storage/products/226/51UdRRonbNL_2024-01-18-13-02-40._AC_SL1500_.jpg,
135,Estimulador de Gluteos,1592,0.36,2.99,https://dropipro.com/storage/products/135/Estimuladordegluteos_2023-02-24-17-06-37.jpeg,
1040,Tinte para el cabello lavable 6 colores,557,0.1,2.39,https://dropipro.com/storage/products/1040/TINTE_2024-08-04-15-59-44.JPG,
496,Faja culote Body Hip Pants S/M Negro,835,0.2,3.95,https://dropipro.com/storage/products/496/24027_2024-01-27-19-43-06.jpg,
523,Faja culote Body Hip Pants S/M Beige,1416,0.2,3.95,https://dropipro.com/storage/products/523/24027_2024-01-27-19-43-06.jpg,
1020,Faja culote con relleno negro S/M,406,0.3,3.89,https://dropipro.com/storage/products/1020/WechatIMG1508_2024-08-01-15-31-43.jpg,
583,Braga Body Hip Pants S/M Negro,635,0.2,3.95,https://dropipro.com/storage/products/583/154541_2024-02-12-19-52-55.jpg,
579,Braga Body Hip Pants S/M Beige,182,0.2,3.95,https://dropipro.com/storage/products/579/154541_2024-02-12-19-45-17.jpg,
1627,Teléfono plegable con doble pantalla  i16 Pro oro,9,0.36,14.49,https://dropipro.com/storage/products/1627/moviloro_1734974810.jpg,
960,Mini telefono DUAL SIM,96,0.07,8.99,https://dropipro.com/storage/products/960/movil_2024-07-19-12-00-23.jpg,
49,Trípode 3D selfies,107,0.25,4.85,https://dropipro.com/storage/products/49/tripode_02-11-2022.jpg,
195,Soporte de aluminio giratorio 360º,477,0.14,2.89,https://dropipro.com/storage/products/195/H35e177d010a741658a54fe4c287fed67M_2023-05-10-12-40-14.jpg,
79,"Amplificador Pantalla Curvo 12"" - Negro",2000,0.36,2.05,https://dropipro.com/storage/products/79/3dnegro_18-11-2022.jpg,
1787,Correa retráctil para perros con cuenco plegable,302,0.61,5.99,https://dropipro.com/storage/products/1787/correa_1738932013.jpg,
1546,Juguete para Limpiar los Dientes del Perro,751,0.35,2.89,https://dropipro.com/storage/products/1546/PERRO_2024-11-21-19-04-06.jpg,
1524,Pack 2 rodillo removedor de pelo lavable,388,0.2,2.89,https://dropipro.com/storage/products/1524/RODILLO_2024-11-19-17-29-49.jpg,
1523,Cepillo manopla para mascota 1 und,232,0.13,2.49,https://dropipro.com/storage/products/1523/MANOPLA_2024-11-19-17-20-37.jpg,
1510,Delantal para llevar mascotas,316,0.31,6.69,https://dropipro.com/storage/products/1510/DELATAL_2024-11-19-12-32-59.jpg,
1454,Alfombra súper absorbente,668,0.7,4.99,https://dropipro.com/storage/products/1454/tapete_2024-11-07-12-59-41.jpg,
1412,Dispositivo de control ultrasónico antiladridos para mascotas,336,0.14,5.89,https://dropipro.com/storage/products/1412/617NGA3nxOL_2024-11-01-16-08-57._AC_.jpg,
1395,Cepillo de vapor para mascotas,202,0.0,4.99,https://dropipro.com/storage/products/1395/CEPI_2024-10-30-16-14-30.jpg,
1103,Cepillo vapor de masaje para mascota 3 en 1,0,0.14,2.29,https://dropipro.com/storage/products/1103/CEPILLOMASC_2024-08-20-13-17-29.jpg,
829,Cepillo vapor para mascota (rosa),83,0.11,2.55,https://dropipro.com/storage/products/829/CEPILLO_2024-05-21-19-07-22.jpg,
1100,Cepillo para mascotas 2 en 1 rosa,333,0.1,2.29,https://dropipro.com/storage/products/1100/cepirosa_2024-08-20-12-35-55.jpg,
165,Rodillo Quitapelos mascotas con luz LED,48,0.45,5.0,https://dropipro.com/storage/products/165/BN4704-11_2023-02-28-16-54-39.jpg,
800,Cepillo para mascotas 2 en 1,108,0.38,2.29,https://dropipro.com/storage/products/800/CEP_2024-04-20-18-50-04.jpg,
68,Pack de 2 cepillo mascotas（1 grande + 1 pequeño）,1719,0.28,2.59,https://dropipro.com/storage/products/68/cepillo_mascotas_09-11-2022.jpg,
71,Limpiador patas de perro - M,166,0.38,1.99,https://dropipro.com/storage/products/71/limpiador_patas_09-11-2022.png,
223,Alcachofa de ducha para mascota,430,0.34,3.99,"https://dropipro.com/storage/products/223/715W6eDKhrL_2023-06-01-12-59-59._AC_UF894,1000_QL80_.jpg",
159,Cortapelo para Mascota,34,0.87,9.5,https://dropipro.com/storage/products/159/BN4709-2_2023-02-28-16-35-02.jpg,
684,Secador De Mascotas 2 En 1,1854,0.38,5.99,https://dropipro.com/storage/products/684/SECADOR_2024-03-22-18-58-00.jpg,
658,Asiento de Viaje de Perro para Coche,821,0.67,6.49,https://dropipro.com/storage/products/658/ASIENTO_2024-03-19-17-19-11.jpg,
150,Funda coche para mascotas,1136,0.39,4.35,https://dropipro.com/storage/products/150/funda_2024-10-08-16-45-18.jpg,
661,Funda Protectora de Sofá Reversible 2 Piezas,159,0.58,5.49,https://dropipro.com/storage/products/661/FUNDA_2024-03-19-17-45-57.jpg,
136,Funda para Sofás,0,0.62,6.05,https://dropipro.com/storage/products/136/Fundasofas_2023-02-24-17-31-08.jpeg,
1029,Bola de juguete interactivo para gatos azul,68,0.25,2.59,https://dropipro.com/storage/products/1029/BOLAAZUL_2024-08-01-20-06-58.jpg,
318,Pelota Juguete Voladora,9680,0.41,1.49,https://dropipro.com/storage/products/318/714UdcRoajL_2023-08-23-17-52-41._AC_SX679_.jpg,
1727,Collar con colgante trebol cinco hojas negro,296,0.21,1.99,https://dropipro.com/storage/products/1727/WechatIMG1985_1737738776.jpg,
1726,Collar con colgante trebol cinco hojas blanco,347,0.21,1.99,https://dropipro.com/storage/products/1726/WechatIMG1984_1737738720.jpg,
1725,Pulsera trebol de cinco hojas negro,1346,0.21,1.99,https://dropipro.com/storage/products/1725/WechatIMG1982_1737738581.jpg,
1724,Pulsera trebol de cinco hojas blanco,2903,0.21,1.99,https://dropipro.com/storage/products/1724/WechatIMG1983_1737738535.jpg,
1723,Pulsera trebol de cinco hojas oro,762,0.21,1.99,https://dropipro.com/storage/products/1723/WechatIMG1981_1737738494.jpg,
1700,Caja de regalo con 16 rosas artificiales,696,0.3,4.99,https://dropipro.com/storage/products/1700/CAJA16_1736787667.jpg,
1699,Caja de joyería de rosa eterna,1036,0.18,3.99,https://dropipro.com/storage/products/1699/CAJA_1736786970.jpg,
1632,Organizador de maquillaje con espejo LED,118,0.57,7.49,https://dropipro.com/storage/products/1632/24472_1734978916.jpg,
1515,"Mini joyero con espejo de viaje ( rosa , blanco )",468,0.14,2.19,https://dropipro.com/storage/products/1515/joye_2024-11-19-13-11-05.jpg,
1514,Mini joyero de viaje,850,0.11,2.19,https://dropipro.com/storage/products/1514/JOYERO_2024-11-19-12-59-26.jpg,
857,Pulseras de roca de lava 7 chakras,2507,0.02,2.29,https://dropipro.com/storage/products/857/pulsera_2024-08-22-12-54-11.jpg,
516,Caja de Regalo de Rosa Preservada,1717,0.64,6.99,https://dropipro.com/storage/products/516/710bov6IYOL_2024-01-29-19-02-25._AC_SL1500_.jpg,
515,Caja de Regalo Flores,1378,0.45,2.99,https://dropipro.com/storage/products/515/24106_2024-01-29-18-48-44.jpg,
503,Caja de Regalo para bisuteria,3947,0.25,0.79,https://dropipro.com/storage/products/503/24104_2024-01-29-16-43-35.jpg,
479,Dedicatoria A MI HERMOSA HIJA,371,0.2,0.39,https://dropipro.com/storage/products/479/AMIHERMOSAHIJA_2024-01-24-11-11-33.jpg,
478,Dedicatoria Para mi Hija,582,0.2,0.5,https://dropipro.com/storage/products/478/PARAMIHIJA_2024-01-24-11-10-17.jpg,
477,Dedicatoria Querida Hija,465,0.2,0.39,https://dropipro.com/storage/products/477/QUERIDAHIJA_2024-01-24-11-07-30.jpg,
476,Dedicatoria Para la Mujer de mi Vida,531,0.2,0.5,https://dropipro.com/storage/products/476/PARAMIMUJER_2024-01-24-11-06-10.jpg,
475,Dedicatoria TE QUIERO,515,0.2,0.39,https://dropipro.com/storage/products/475/TEQUIERO_2024-01-24-11-02-39.jpg,
474,Dedicatoria A la Mujer de mi vida,611,0.2,0.39,https://dropipro.com/storage/products/474/ALAMUJER_2024-01-24-10-59-51.jpg,
473,Dedicatoria A MI MAMA,408,0.2,0.39,https://dropipro.com/storage/products/473/AMIMAMA_2024-01-24-10-40-20.jpg,
2097,Dedicatoria Para mi Hija ( Siempre ),500,0.2,0.39,https://dropipro.com/storage/products/2097/WechatIMG2219_1753115706.jpg,
2098,"Dedicatoria De mi , para ti",736,0.1,0.39,https://dropipro.com/storage/products/2098/WechatIMG2218_1753114181.jpg,
472,Caja de madera con Luz,598,0.15,4.99,https://dropipro.com/storage/products/472/61Ksg5eZVPL_2024-01-22-18-09-10._AC_SL1000_.jpg,
471,Cierres elevadores de pendientes 2Pares Dorado PRV,925,0.1,0.99,https://dropipro.com/storage/products/471/61FyZii7CHL_2024-01-22-17-37-41._AC_SX625_.jpg,
470,Cierres elevadores de pendientes 2 pares plateados,329,0.1,0.99,https://dropipro.com/storage/products/470/61mA3VaIBcL_2024-01-22-17-36-00._AC_SY675_.jpg,
439,Anillo de corazón para mujer,0,0.15,0.99,https://dropipro.com/storage/products/439/51WkhtMTB7L_2023-12-15-18-09-02._AC_SY535_.jpg,
431,Anillo giratorios de girasol,146,0.15,1.49,https://dropipro.com/storage/products/431/25005_2023-12-15-11-20-50.jpg,
430,Anillo de dedo con forma de corazon oro,0,0.15,0.99,https://dropipro.com/storage/products/430/25004-1_2023-12-14-19-06-42.jpg,
429,Anillo de dedo con forma de corazon plata,0,0.15,0.99,https://dropipro.com/storage/products/429/25004-2_2023-12-14-19-06-03.jpg,
428,Anillo de pluma ajustable unisex,1,0.15,0.99,https://dropipro.com/storage/products/428/61luW2m8ehL_2023-12-14-18-52-50._AC_.jpg,
427,Anillo doble barra oro,2,0.15,0.99,https://dropipro.com/storage/products/427/25002-1_2023-12-14-18-48-07.jpg,
426,Anillo doble barra plata,4,0.15,0.99,https://dropipro.com/storage/products/426/25002-2_2023-12-14-18-47-27.jpg,
425,Anillo de manos ajustable,363,0.15,1.29,https://dropipro.com/storage/products/425/51B8X-sNOtL_2023-12-14-18-32-55._AC_SY625_.jpg,
422,Collar Corazón con Diamante,1066,0.15,2.29,https://dropipro.com/storage/products/422/71iRWXorwdL_2023-12-14-17-57-57._AC_SX679_.jpg,
1601,Collar de doble anillo de corazón bicolor,402,0.15,1.99,https://dropipro.com/storage/products/1601/collar_1733763005.jpg,
1608,Collar de universo de estrella + caja de regalo,448,0.2,2.89,https://dropipro.com/storage/products/1608/collaruniv_1733928040.jpg,
437,Collar con colgante trebol,1555,0.15,1.99,https://dropipro.com/storage/products/437/61WvKaTZ0DS_2023-12-15-13-29-34._AC_SX569_.jpg,
436,Collar colgante corazón circonita cristal,501,0.15,1.99,https://dropipro.com/storage/products/436/61lFifgm5WS_2023-12-15-13-22-15._AC_SL1000_.jpg,
435,Collar con colgante de diamante,1815,0.15,1.49,https://dropipro.com/storage/products/435/61zDvCyhLTL_2023-12-15-12-36-28._AC_SL1000_.jpg,
434,Collar creativo de corazon hueco,504,0.15,1.49,https://dropipro.com/storage/products/434/25025_2023-12-15-12-13-30.jpg,
433,Collar amor eterno 100 idiomas,1356,0.15,1.99,https://dropipro.com/storage/products/433/25022_2023-12-15-12-10-13.jpg,
432,Collar con colgante de corona,84,0.15,1.99,https://dropipro.com/storage/products/432/51GytrRqE5L_2023-12-15-12-06-11._AC_SL1100_.jpg,
424,Collar de doble anillo de corazón oro,1013,0.15,1.49,https://dropipro.com/storage/products/424/51v027d0DoL_2023-12-14-18-27-23._AC_SX679_.jpg,
423,Collar de doble anillo de corazón plata,1040,0.15,1.49,https://dropipro.com/storage/products/423/41QH6a57sAL_2023-12-14-18-26-38._AC_SX679_.jpg,
438,Collar Hermanas Columpio en el Árbol de la vida Oro Rosa,68,0.15,1.49,https://dropipro.com/storage/products/438/25008-1_2023-12-15-17-28-07.jpg,
419,Collar Hermanas,85,0.15,1.49,https://dropipro.com/storage/products/419/_2023-12-13-19-36-19.jpg,
418,Collar con colgante de árbol de la vida,73,0.15,1.49,https://dropipro.com/storage/products/418/61QCMmMGBwL_2023-12-13-19-27-44._AC_SY535_.jpg,
417,Collar Hermanas Columpio en el Árbol de la vida Plata,78,0.15,1.49,https://dropipro.com/storage/products/417/61Cv6eVNW5L_2023-12-13-19-23-02._AC_SX679_.jpg,
421,Pulsera trebol de cuatro hojas plata,1111,0.15,1.99,https://dropipro.com/storage/products/421/25012-1_2023-12-14-17-37-56.jpg,
420,Pulsera trebol de cuatro hojas oro rosado,291,0.15,1.99,https://dropipro.com/storage/products/420/25012_2023-12-14-17-32-08.jpg,
416,Anillo de ansiedad giratorios con circonita cúbica azul turco,581,0.15,1.99,https://dropipro.com/storage/products/416/51pXB-nR5hL_2023-12-13-19-19-24._AC_SX569_%20(1).jpg,
1631,"Mini cámara con pantalla CMOS de 0,96 pulgadas",114,0.06,15.49,https://dropipro.com/storage/products/1631/24487_1734978775.jpg,
1096,Cámara Retrovisor HD,320,0.83,10.49,https://dropipro.com/storage/products/1096/CAMARA_2024-08-17-16-27-33.JPG,
509,"Cámara para Niños con Correa 1080P 2,0 Pulgadas Azul Gato",160,0.41,8.5,https://dropipro.com/storage/products/509/2_2024-03-25-20-30-40.jpeg,
507,Mini cámara 1280 × 720  con Pantalla 2 Pulgadas Celeste,46,0.32,4.99,https://dropipro.com/storage/products/507/61GcBMq4QML_2024-01-29-17-29-38._AC_SL1500_.jpg,
1629,Funda de cuero para gafa,8444,0.21,0.69,https://dropipro.com/storage/products/1629/FUNDAGAFA_1734975616.jpg,
291,Reloj tipo Rolex mujer - blanco,226,0.45,4.95,https://dropipro.com/storage/products/291/1_2023-02-27-08-50-44_2023-07-20-15-29-38.jpg,
652,Faja cinturilla 3m,1846,0.42,2.69,https://dropipro.com/storage/products/652/FAJA_2024-03-19-13-15-31.jpg,
1009,Conjunto deportivo mujer 2pcs gris - talla unica,20,0.21,4.45,https://dropipro.com/storage/products/1009/gris_2024-07-29-14-11-05.jpg,
1181,Leggings Corto Elástico Push Up marron S/M,297,0.11,2.89,https://dropipro.com/storage/products/1181/WechatIMG1637_2024-09-12-17-45-19.jpg,
769,Leggins Mujer Push Up turquesa S/M,1,0.18,4.15,https://dropipro.com/storage/products/769/2024-04-0518_2024-04-05-19-53-39.43.png,
767,Leggins Mujer Push Up rosa S/M,9,0.18,4.15,https://dropipro.com/storage/products/767/2024-04-0518_2024-04-05-19-49-07.44.png,
765,Leggins Mujer Push Up morada S/M,0,0.46,4.15,https://dropipro.com/storage/products/765/2024-04-0518_2024-04-05-19-22-17.45.png,
763,Leggins Mujer Push Up azul S/M,0,0.18,4.15,https://dropipro.com/storage/products/763/2024-04-0518_2024-04-05-19-08-14.43.png,
761,Leggins Mujer Push Up verde S/M,0,0.45,4.15,https://dropipro.com/storage/products/761/2024-04-0518_2024-04-05-19-05-15.45.png,
759,Leggins Mujer Push Up gris S/M,0,0.18,4.15,https://dropipro.com/storage/products/759/2024-04-0518_2024-04-05-19-02-44.42.png,
757,Leggins Mujer Push Up negro S/M,0,0.45,4.15,https://dropipro.com/storage/products/757/2024-04-0518_2024-04-05-18-59-45.43.png,
751,Leggings Corto Elástico Push Up rojo S/M,0,0.11,2.99,https://dropipro.com/storage/products/751/2024-04-0418_2024-04-04-18-42-42.22.png,
749,Leggings Corto Elástico Push Up turquesa S/M,0,0.11,2.89,https://dropipro.com/storage/products/749/2024-04-0418_2024-04-04-18-41-30.16.png,
747,Leggings Corto Elástico Push Up verde khaki S/M,54,0.11,2.89,https://dropipro.com/storage/products/747/2024-04-0418_2024-04-04-18-39-43.16.png,
745,Leggings Corto Elástico Push Up gris S/M,111,0.11,2.89,https://dropipro.com/storage/products/745/2024-04-0418_2024-04-04-18-37-51.17.png,
743,Leggings Corto Elástico Push Up negro S/M,346,0.11,2.89,https://dropipro.com/storage/products/743/NEGRO_2024-04-15-18-19-51.JPG,
805,Sujetador adhesivo de silicona push up 2uds,834,0.08,1.69,https://dropipro.com/storage/products/805/61B0bNj-THL_2024-04-23-12-53-08._AC_SX679_.jpg,
804,Sujetador adhesivo de silicona push up transparente  2uds,149,0.08,1.99,https://dropipro.com/storage/products/804/trasnp_2024-04-23-12-46-46.jpg,
1593,Vibrador remoto inalambrico,219,0.37,12.99,https://dropipro.com/storage/products/1593/WechatIMG1850_1733336001_1775935227.jpg,
1104,Vibrador del Punto G negro,0,0.52,5.49,https://dropipro.com/storage/products/1104/VIBRA-NEG_2024-08-20-13-32-38.jpg,
1591,Vibrador erótico para clítoris y estimulación del punto G,194,0.38,10.99,https://dropipro.com/storage/products/1591/vibrador_1733335150.jpg,
1592,Juguetes sexuales para hombres anillo pene,772,0.06,1.99,https://dropipro.com/storage/products/1592/ANILLO_1733335368.jpg,
1586,Conjuntos de 2 fragancias para hombre tipo PR (no réplica),4,0.44,4.99,https://dropipro.com/storage/products/1586/COLOHOMB_1733149915.jpg,
1582,Conjuntos de 3 fragancias para mujer tipo YSL caja negro (no réplica),0,0.67,7.99,https://dropipro.com/storage/products/1582/colonia_1733149263.jpg,
1581,Conjuntos de 3 fragancias para mujer caja rosa (no réplica),0,0.57,6.49,https://dropipro.com/storage/products/1581/CAJAROSA_1732806539.jpg,
1578,Fragancias para mujer 30ml tipo YSL Eau de Parfum Mon Paris (no réplica),0,0.17,3.49,https://dropipro.com/storage/products/1578/MOM_1732805783.jpg,
1477,Crema limpiadora de zapatos 120g,74,0.3,1.69,https://dropipro.com/storage/products/1477/ZAP_2024-11-13-12-58-03.jpg,
275,Corrector de juanetes y Hueso del pie,1281,0.23,1.79,https://dropipro.com/storage/products/275/61tzkI2fhuL_2023-06-19-13-01-14._SL1500_.jpg,
783,Plantillas viscoelastica con memoria,2071,0.03,1.29,https://dropipro.com/storage/products/783/shopping_2024-04-15-12-35-39.jpg,
845,Plantillas de Mujer en Gel Activ (TALLA 38-42),5519,0.35,1.79,https://dropipro.com/storage/products/845/51IIJQYJmkL_2024-05-27-15-23-31._AC_SL1000_.jpg,
844,Plantillas de Hombre en Gel Activ (TALLA 42-48),3193,0.39,1.89,https://dropipro.com/storage/products/844/51IIJQYJmkL_2024-05-27-15-23-31._AC_SL1000_.jpg,
828,Mini teclado inalámbrico con ratón Touchpad retroiluminación LED,240,0.44,3.99,https://dropipro.com/storage/products/828/TECLADO_2024-05-17-18-34-26.jpg,
564,Mini Impresora pegatinas térmica para móvil,141,0.4,9.99,https://dropipro.com/storage/products/564/81sPTzDAbYL_2024-02-09-12-15-28._AC_SX679_.jpg,
