id,nome,sku,stock,preco_eur,envio_eur,armazem,peso_g,imagem,is_bundle
d5772f70-decc-4d40-b1f0-b80556c30b60,Carro Drift Stunt,cochestunt-azuloscuro_15597,50,20.7,1.5,ES / FR 2,1.0,/public/products/featuredImage-1737037031660-ba64ba8f.jpeg,False
a4074052-8300-4069-9b9c-230ca40ceb72,Cápsulas de Óleo Essencial Antirrugas SADOER 5 em 1 50g,sadoer5en150ml,200,4.9,1.5,ES / FR 2,900.0,/public/products/featuredImage-1776434170499-a4a9c59a.png,False
876868c8-66a1-4a2d-abf6-18883f02cff4,Caixa de som Bluetooth com luzes de discoteca,altavozluz_15240,100,9.9,1.5,ES / FR 2,900.0,/public/products/featuredImage-1771872471297-35585ed1.png,False
e6fcd88f-cc22-4b6a-a462-14e0ed712723,Copo Dobrável 270ml,10287,1900,1.55,1.5,ES / FR 2,1.0,/public/products/featuredImage-1733753656549-77eb1e73.jpg,False
78b97d8b-802d-45b1-8b40-1a7e88de3bf8,Cinta Corset Abdominal Unissexo,fajuni_15291,10,3.03,1.5,ES / FR 2,1.0,/public/products/featuredImage-1732882424491-82b20bb2.jpg,False
d22a9e8d-28fa-482f-9a93-ad07108b924d,Câmara Fotos Infantil Impreção instantânea 1080P,camarains_v-8194,100,27.02,1.5,ES / FR 2,1.0,/public/products/featuredImage-1733144776755-2550643d.jpeg,False
cccba048-c846-4159-afc4-50a2298570cd,Máquina de cortar cabelo Buda,budamaquina_8434921039818,70,5.55,1.5,ES / FR 2,1.0,/public/products/featuredImage-1733493416856-2e5357a0.jpeg,False
ea1ba3c2-0fba-49d3-b06d-898ba1d91112,Caixa para Bijuterias,cajajoyero_15358,100,4.07,1.5,ES / FR 2,1.0,/public/products/featuredImage-1746887238478-6ae5ba9b.jpeg,False
abaf16b9-179c-4f6a-88ea-47f44fc972b2,ASHWAGANDHA-RHODIOLA- GRIFONIA 100 Cápsulas,552191,700,9.34,1.5,Espanha 7,500.0,/public/products/featuredImage-1763048172417-9c8960ca.jpg,False
a27079a5-e1b7-416b-8bc3-15318d06c5a8,Suporte para smartphone de carro com carregamento NFC e rotação de 360 graus,soportec_gl69712,100,7.15,1.5,ES / FR 2,900.0,/public/products/featuredImage-1750079331626-c3901ab3.png,False
7d074439-a8cd-4d84-bee3-247d9c307620,Luz Solar Exterior,luzexterior_ab-ta146,100,8.66,1.5,ES / FR 2,1.0,/public/products/featuredImage-1733404804390-9a25f80b.jpg,False
7473a7a0-5f52-45e7-ad13-755cb7970cb4,Conjunto esportivo feminino Azul,conjuntoazul_15289,70,5.59,1.5,ES / FR 2,1.0,/public/products/featuredImage-1733417570896-b7d985aa.jpeg,False
fb1b94d8-b429-45c0-acd6-43f0e2bfee3a,Creme Moisture CC,emcremamoisturecc,300,5.1,1.5,Espanha 1,300.0,/public/products/featuredImage-1718009783258-d62dbbb6.jpg,False
c5bd1ba4-0293-4f7b-a9e7-3e33dd5818fa,Conjunto de teclado e mouse sem fio Bluetooth - Produtividade ilimitada,teclado_gl69997,80,7.2,1.5,ES / FR 2,900.0,/public/products/featuredImage-1760451404356-481b8a3a.png,False
67b1e7b9-9c4e-48b7-8b81-dda2e6a55ffa,VECOSLIP PRO 60 Cápsulas,552042/1,600,8.32,1.5,Espanha 7,500.0,/public/products/featuredImage-1763051038043-ed65e08d.jpg,False
ed556496-4cb2-4afe-b482-436b16af32af,Conjunto de Sushi de 12 Peças,masterprosushi,100,18.35,1.5,ES / FR 2,1.0,/public/products/featuredImage-1747232991163-cd2ebccd.jpeg,False
57c715b3-9db1-4012-89cf-dc3fafb9bfe6,Jarra dispensador de massa,jarradispensador_14169,100,5.14,1.5,ES / FR 2,1.0,/public/products/featuredImage-1733762387961-29acb8b6.jpeg,False
1ff52f4c-6937-447d-8741-80d9449dd087,Luz Magnetica com Sensor,luzmagnetica_15479,700,5.6,1.5,ES / FR 2,1.0,/public/products/featuredImage-1733417468107-d548e559.jpeg,False
d10c8465-c39e-4b04-9c63-410a6eb9af10,Combo Com 2 Unidades do Creme de Massagem Quente KÖRMESIC,hotmassage,100,9.4,1.5,ES / FR 2,900.0,/public/products/featuredImage-1749752003432-32c4ebc2.jpeg,True
ca89ad3f-bf88-42dd-8d3b-68658ba38e7e,transmissores FM de carro,fmtransmi_g-1232,200,3.6,1.5,ES / FR 2,900.0,/public/products/featuredImage-1750080644722-c4dbea11.png,False
698ee8c2-f52a-40f1-9709-58ff12004b9c,Surker 3em1,surker_14446,100,7.13,1.5,ES / FR 2,1.0,/public/products/featuredImage-1733405898812-e1d60c27.jpg,False
b828dcd5-dfaf-4ece-b449-c9b26dcc4ab1,Caixa de Som Bluetooth TG337,tgspeaker_v-7460,200,7.7,1.5,ES / FR 2,1.0,/public/products/featuredImage-1737652568874-1cc6de25.jpeg,False
abfab034-484f-4753-bc93-b1d6d0b69ef8,Corretor de Postura,postura_13903,100,4.65,1.5,ES / FR 2,900.0,/public/products/featuredImage-1776254923948-0266f26b.png,False
4dc54860-f77a-4a5e-b238-7226267c7824,Pulverizador de Óleo - 200 ml,15545,100,2.1,1.5,ES / FR 2,1.0,/public/products/featuredImage-1736858182523-ccedd746.jpeg,False
04717be0-f85c-46f0-b9d4-c3bd61d9bd6a,Filtro Desague,filtrodesague_8202403213014,200,2.03,1.5,ES / FR 2,1.0,/public/products/featuredImage-1733494419844-11f81947.jpeg,False
6078365e-caaf-48df-8423-477e9e7e4a75,Corretor de Joanete,telajuanete_15278,30,2.2,1.5,ES / FR 2,1.0,/public/products/featuredImage-1733485488065-d5f41454.jpeg,False
a90a0945-ec03-4051-b9df-6152e2c9a1e3,MS3 Smartwatch para Homem,smartwatch_gl69615,100,20.0,1.5,ES / FR 2,200.0,/public/products/featuredImage-1738249225541-a5effb22.jpeg,False
53b90bb7-bc58-4369-8b39-f041ecab7bd3,Spray Antiparasitário para Pets 100 ml - Retinol Complex,antiparasitomasc,200,5.65,1.5,ES / FR 2,900.0,/public/products/featuredImage-1766341191312-76666768.png,False
d6b2d2f3-70c8-49de-8ed0-1740abecd385,Base em bastão,basebarra,300,5.2,1.5,ES / FR 2,900.0,/public/products/featuredImage-1776044266410-53ba4519.png,False
3634cec1-744f-465d-ba5c-707b3017e9d4,Secador de Sapatos,secazapas,100,13.4,1.5,ES / FR 2,1.0,/public/products/featuredImage-1731068728325-ef7dd63f.jpeg,False
906c56f6-a584-4c29-96ab-fd149889f98c,Mochila,mochila_v-9008,70,11.4,1.5,ES / FR 2,900.0,/public/products/featuredImage-1774453031500-455bdabe.png,False
9ea5059d-efd4-463f-96fe-052c65c0b273,Luz Solar AB-TA131,luz_ab-ta131,100,7.13,1.5,ES / FR 2,1.0,/public/products/featuredImage-1733404462552-153784e7.jpg,False
94e7c046-fb01-4e94-b129-e939e259e8db,Cacto Bailarino,cactus,100,6.8,1.5,ES / FR 2,1.0,/public/products/featuredImage-1731418029550-020cf07c.jpeg,False
68a8fa9f-27ec-4688-87b3-08614f9bd38e,Máscaras Faciais Hidratantes SADOER - Nutrição e Luminosidade para uma Pele Radiante,mascarillasandia,200,2.0,1.5,ES / FR 2,100.0,/public/products/featuredImage-1740764010224-f5571a49.JPG,False
d9d7a244-394e-45af-8420-9c7d1df72c5d,Aparelhinho Elétrico para Remover Pelos,quitpelus_sk-683,100,7.2,1.5,ES / FR 2,1.0,/public/products/featuredImage-1733236386521-c4efab79.jpeg,False
ebd7187f-7f5e-441b-9460-bb72ab491246,Combo Gafas TR90,gafastransp_caja,300,7.12,1.5,ES / FR 2,1.0,/public/products/featuredImage-1751974514317-7a5d2bc9.jpg,True
bd0bfeef-f1e4-42ec-a699-4d2af8c2fd40,Creme Preenchedor Antiarrugas com Cordyceps - 50g,antiarrugascordy,100,6.2,1.5,ES / FR 2,900.0,/public/products/featuredImage-1747490143364-146c17b5.png,False
f998b139-5a5a-4604-b48f-a0b5d29a892c,Drone E88 Pro,dronee88pr_15596,30,20.15,1.5,ES / FR 2,1.0,/public/products/featuredImage-1736961955714-79dbcd30.jpeg,False
cde01a58-d7d3-4337-9428-e7e21ecd398b,Almofadas de Borracha para Máquinas de Lavar,almolavadora_15344,100,2.13,1.5,ES / FR 2,1.0,/public/products/featuredImage-1733331102737-e35d0a2a.jpeg,False
a19884cd-c83b-429b-997a-a5cac8040968,Escova de esfregão automática multifuncional,cepilloaut_14199,30,22.0,1.5,ES / FR 2,900.0,/public/products/featuredImage-1769186702611-8b4482fa.png,False
40b78eab-d436-47ec-9a99-8f192c708e17,Garrafa de água,botellaoso_15338,400,4.58,1.5,ES / FR 2,1.0,/public/products/featuredImage-1733334742534-74806a88.jpeg,False
165e4358-4056-4072-aee9-5ab412ffced1,OMEGA 3 PURO VECOS 120 Capsulas,552196,800,10.57,1.5,Espanha 7,500.0,/public/products/featuredImage-1763051556842-b2f55f95.jpg,False
a481f545-0dbb-465d-9964-2747c93cf204,Combo da Mangueira Verde e Azul 15M,manguera-15m-azul,100,8.07,1.5,ES / FR 2,1.0,/public/products/featuredImage-1744898145559-224094d7.jpeg,True
fc595b1e-1929-41f2-84da-59219801d1e8,Pistola de Bolhas de Sabão com 40 Furos - Diversão Garantida com Múltiplas Bolhas,pistola40h-15390,600,4.8,1.5,ES / FR 2,900.0,/public/products/featuredImage-1771870979289-febd29d9.png,False
a6df2312-06db-4315-8ee9-b79d2ec6ca65,Protetor Solar Beauty of Joseon,jo_8809782555508,200,4.58,1.5,ES / FR 2,1.0,/public/products/featuredImage-1733695007377-a582a511.jpg,False
d20f04be-a5ab-481f-a007-7b7f49a7ad99,Combo de Shorts de Yoga Rosa e Cinta Corset Redutor,fajareduc_15237,20,6.28,1.5,ES / FR 2,1.0,/public/products/featuredImage-1753723602101-51f1878f.jpeg,True
5d956d6b-c1cd-4f89-a017-4b473acd3524,Paleta de Maquiagem COCO URBAN - Completa e Profissional,paletacocourban,200,11.2,1.5,ES / FR 2,900.0,/public/products/featuredImage-1765978708623-b6334c1f.png,False
915cfc61-46b2-4e95-9029-e461b4392d11,Aplicador de cílios postiços de plástico - Precisão e posicionamento perfeito,aplicador_16103,100,1.0,1.5,ES / FR 2,900.0,/public/products/featuredImage-1774452866454-a057abd4.png,False
46b9f5c1-2922-4739-b9cd-d3670d79cc9c,Combo 3 Cintas e 1 Short Yoga Preto,fajareduc_15237,10,11.74,1.5,ES / FR 2,1.0,/public/products/featuredImage-1751369443527-d0586845.jpeg,True
d56891f3-c567-4bf8-858e-3e1f6e9a998f,Super Bronzer 200ml Complexo de Retinol,superbronceador,200,5.65,1.5,ES / FR 2,900.0,/public/products/featuredImage-1760443625020-774f1845.png,False
39798ee4-d5ac-4052-9798-efa2d9ff0c5f,Combo de 2 Unidades de Máscara de Colágeno,biomaskcollagem,300,7.4,1.5,ES / FR 2,900.0,/public/products/featuredImage-1747853808024-30090d84.jpeg,True
2c681c80-ce9f-4ee0-a864-b48d7de60597,Aspirador de mão portátil,aspijb-107_15109,100,7.64,1.5,ES / FR 2,1.0,/public/products/featuredImage-1751465605261-50fc03f1.jpg,False
2966d953-f4c4-4baa-a751-70c64336cfa5,Batedeira elétrica potente e funcional de 300 W na cor branca,batidora60_14168,90,11.1,1.5,ES / FR 2,900.0,/public/products/featuredImage-1769609180461-3f41495c.png,False
50d156ab-23db-4bc7-b27b-85de8f786a7b,Ferro a vapor elétrico Aorlis,plancha_ao,200,27.05,1.5,ES / FR 2,900.0,/public/products/featuredImage-1775408253006-c1b01e6f.png,False
0963bb52-d668-4775-90c5-bb1f9b60c158,Suporte Lombar,fajamolde_15372,40,2.54,1.5,ES / FR 2,1.0,/public/products/featuredImage-1733753938495-ef962926.jpeg,False
175d6fac-924b-4d22-9943-8928e43e55cd,Creme Antiarrugas Reafirmante de Duplo Efeito,reafirmantdoblef,200,6.65,1.5,ES / FR 2,900.0,/public/products/featuredImage-1747424417835-c1c54b7a.jpg,False
ffabc586-933b-42d6-97ab-6524f85f2805,Contorno de Olhos Caviar Anti-Rugas,contornocolageno_6928119805979,100,5.09,1.5,ES / FR 2,1.0,/public/products/featuredImage-1737125747095-975a46b3.jpeg,False
5c68c639-972d-4464-a2c2-114f3463ffc7,Cortador de filme plástico com trava de segurança,dispensado_14356,200,6.3,1.5,ES / FR 2,900.0,/public/products/featuredImage-1770833903019-05c598f2.png,False
4291b23b-850d-4696-8c68-77a91fd64e6f,Óleo de Alecrim para Cabelo com Biotina 30 ml,serumrosemary,70,4.2,1.5,ES / FR 2,1.0,/public/products/featuredImage-1733313431276-1155d293.jpeg,False
4e04f044-21c1-4b76-9d95-3655140a209b,Pack de Massageador de Pés  Acessórios,piesyartic_,200,8.84,1.5,ES / FR 2,1.0,/public/products/featuredImage-1732882025554-2290ec80.jpg,False
2134f0e3-3f24-439d-8694-47d383ba99ac,Modelador de Cabelo Automático Profissional,cepilloriz_14550,200,22.0,1.5,ES / FR 2,900.0,/public/products/featuredImage-1769541905062-a9bc9da1.png,False
a99340e7-0ddb-4942-9559-cc644ca39e2b,Combo de 4 Unidades Máscara de Colágeno,biomaskcollagem,600,14.8,1.5,ES / FR 2,900.0,/public/products/featuredImage-1747854725421-b80c41c9.jpeg,True
6dc24af3-185b-4a7f-b7a0-c7347a67de32,YOLYN Sérum Facial Hidratante Peach Vibes,5901785008012,100,5.6,1.5,ES / FR 2,1.0,/public/products/featuredImage-1737032377850-80d7c1a6.png,False
2e7ff7bb-663e-4677-b6a1-d4df3330416d,Dispensador de sabão automático inteligente,dispensado_13853,300,9.1,1.5,ES / FR 2,900.0,/public/products/featuredImage-1770834602620-3221533c.png,False
7ce48690-0442-4573-b709-7b1a134b9cd2,Cortador de legumes multifuncional,picadordev_14140,200,12.15,1.5,ES / FR 2,900.0,/public/products/featuredImage-1775406122617-317dbfeb.png,False
d40c5b79-37bc-4465-bce7-61bb0161a4b1,Luzes Decorativas Hexagonais,luceshexag_15093,40,7.7,1.5,ES / FR 2,1.0,/public/products/featuredImage-1737036767403-9bf26b11.jpeg,False
8636bdf3-a7e8-48e0-9f7a-d632228c63da,Combo de 3 unidades  Mini Camera de vigilância Wifi 1080HD,EMwebcam,200,15.9,1.5,Espanha 1,1.0,/public/products/featuredImage-1751973640171-da95c618.jpg,True
ee4b8264-1c82-4115-ba6a-14bead135e5a,Combo de Cinta com Efeito Sauna e Estimulador Muscular de Glúteos EMS,fajasauna_14028,90,7.25,1.5,ES / FR 2,1.0,/public/products/featuredImage-1752176928850-e149d5a0.jpeg,True
bfbd15be-a5e3-4cad-9119-f41416223257,Projetor de Luz LED para Palco,ledlaser_13777,100,8.2,1.5,ES / FR 2,1.0,/public/products/featuredImage-1737031381069-1b8ac3ed.jpeg,False
4a9dc6f7-45de-49bf-b7d2-ac90d4d3063f,Cinta Corset 2 em 1 Corset Redutor e Modelador,packcors_14231,300,6.09,1.5,ES / FR 2,1.0,/public/products/featuredImage-1736801231170-6c6dcbcc.jpg,False
22654903-28d8-4c3d-8556-4a17ffdaf281,Câmera de Ação Green Lyca,gopro_gl69415,800,18.2,1.5,ES / FR 2,500.0,/public/products/featuredImage-1759749470130-30d3630c.png,False
4f92eb86-3e8f-47b9-a522-468ce0e35c56,HOYGI Sérum de Niacinamida,hoyginiacinamide,100,4.0,1.5,ES / FR 2,1.0,/public/products/featuredImage-1737650844176-71d70327.jpeg,False
720df959-df0e-49f3-bcbe-c6cf3a2085f9,Mini Massageador Facial Portátil para Contorno Delicado,minimasaje-blanco_15526,60,4.2,1.5,ES / FR 2,1.0,/public/products/featuredImage-1737049289276-db4b390e.png,False
61cba2b1-1a35-40bb-ad3a-b903a394b6c9,Smartwatch Esportivo Inteligente com Monitor de Saúde,watchredondo_gl69615,60,19.7,1.5,ES / FR 2,1.0,/public/products/featuredImage-1737030351519-719c1d1b.jpeg,False
d30aab72-8cfa-4acb-9665-e9a6b5165bed,Embaralhador Automático de Cartas,cartasauto_15510,1300,6.11,1.5,ES / FR 2,1.0,/public/products/featuredImage-1732885019388-e4ca97dd.jpg,False
9b8d338c-f0c3-4647-b9d5-1bf5d845fd5d,Prancha de cabelo profissional multifuncional 4,cepilloali_14549,100,13.5,1.5,ES / FR 2,900.0,/public/products/featuredImage-1769542940954-c99558f2.png,False
a92ead91-ae35-4f43-903f-2a4719279803,Câmera digital de bolso 4K - Rotação de 270 graus - WiFi - estabilização e gravação de movimento,camara4k,70,39.2,1.5,ES / FR 2,900.0,/public/products/featuredImage-1748372336442-ec076606.jpg,False
32bd6240-a33c-466c-bc16-4400fdc129da,Máscara Facial Reparadora,mascarilla_46001,200,2.53,1.5,ES / FR 2,1.0,/public/products/featuredImage-1733694245024-4752d84b.JPG,False
a7c33428-7c4d-4698-bf77-25d0b8a70fe0,Abajur de mesa com proteção para os olhos,desklamp_gl69779,200,6.7,1.5,ES / FR 2,900.0,/public/products/featuredImage-1746799864656-6a193cc7.png,False
c83a6319-88d0-486b-a63b-80a32bf928ab,Pelúcia de Porquinho,peluchecer_15013,200,4.4,1.5,ES / FR 2,1.0,/public/products/featuredImage-1736944973777-a6f737c6.jpeg,False
179b4510-41bd-44f7-acb9-12bfbae9965b,Cinto Abdominal Redutor de Gordura,cinturon_15367,900,4.07,1.5,ES / FR 2,1.0,/public/products/featuredImage-1732887463956-60697d9d.jpg,False
1562c5f5-7fc5-4839-8616-18199de0561d,Combo de 2 Modeladores Corporal Preto - 1 Body Emagrecedor bege e 1 Faixa Culote Bege,beigeculo_14576,100,19.84,1.5,ES / FR 2,1.0,/public/products/featuredImage-1751568368540-c0f3c075.jpeg,True
c2879a29-19a1-4496-8712-94f0828ba016,REPELENTE,repelente_14540,200,2.85,1.5,ES / FR 2,1.0,/public/products/featuredImage-1733330819391-8286f5b6.jpeg,False
7288298d-f025-4351-85f5-e99a8cec8781,Organizador Rotativo de Maquiagem,rotamaqui,100,12.74,1.5,ES / FR 2,1.0,/public/products/featuredImage-1734035778208-d11fc6b0.JPG,False
a599b313-f6de-4140-8c27-9729d931c5e5,Cinta Completa de Uma Peça,fajacomplt_13461,200,4.58,1.5,ES / FR 2,1.0,/public/products/featuredImage-1732884842446-67cbff77.jpg,False
d99212dd-73ca-4670-8536-244b0c252d3b,Meias Térmicas,calcetines15267,30,2.03,1.5,ES / FR 2,1.0,/public/products/featuredImage-1733935267631-11689815.jpeg,False
01b5b097-692b-4b42-b988-01de253a74e4,TENSIOVECOS 90 Cápsulas,552051,900,7.99,1.5,Espanha 7,500.0,/public/products/featuredImage-1763050782396-8ee1469c.jpg,False
b5336665-bccc-48c9-a9af-055cc494322b,Drone UAV com 2 câmeras HD de visão dupla,dronuav2ca_14717,200,51.05,1.5,ES / FR 2,900.0,/public/products/featuredImage-1770835959578-7db39ae2.png,False
da736e03-42fe-476f-807c-c48cecb76cec,Combo de 6 Unidades da Luz Magnetica com Sensor,luzmagnetica_15479,400,33.6,1.5,ES / FR 2,1.0,/public/products/featuredImage-1762362606025-07cf9c68.png,True
ec85f695-b06e-428b-9723-666f84ca19d6,Candeeiro de mesa LED de cristal,lamp_14646,200,9.17,1.5,ES / FR 2,1.0,/public/products/featuredImage-1733143398287-ae911c75.jpeg,False
90db61ab-d3fc-42f1-a00b-dd6bfd00b4c1,Baliza Homologada,baliza-extrastar,100,30.7,1.5,ES / FR 2,900.0,/public/products/featuredImage-1766341814152-ba1a8928.png,False
49cbc355-1031-4c8d-aa77-e544be97e89c,Máscara Capilar com Óleo de Batana,aceitedebatana,100,4.2,1.5,ES / FR 2,1.0,/public/products/featuredImage-1733313725187-583bacb1.jpeg,False
3c59bf7b-f3e0-4e3f-8ac5-ea5161889a69,Relógio inteligente CD20 com slot para cartão SIM para chamadas independentes,smart_v-8556,60,48.4,1.5,ES / FR 2,900.0,/public/products/featuredImage-1775046263889-20f5c0ce.png,False
4d653278-7ac3-44ec-bd20-840b03424f3d,Monitor de pressão arterial eletrônico,bloodmonipreassu,100,7.7,1.5,ES / FR 2,900.0,/public/products/featuredImage-1746020477712-412e4a9e.jpeg,False
bdf1bd4d-3e46-42fe-9365-23b8f06db52a,Conjunto de chaves de fenda 31 em 1,desto31en1_g-1230,40,7.13,1.5,ES / FR 2,1.0,/public/products/featuredImage-1733487310229-fa4c894d.jpeg,False
f30f6e5c-32aa-4769-bdbb-122d86390590,Torneira com 3 velocidades ajustáveis,grifo_ab-j306,100,2.18,1.5,ES / FR 2,1.0,/public/products/featuredImage-1733485206750-073875cf.jpeg,False
eabc4f4d-4029-413c-8cbd-2bff9fd51efc,Cortador de Legumes Multifuncional 8 em 1,picado8en1_14571,200,10.1,1.5,ES / FR 2,900.0,/public/products/featuredImage-1776435129379-e0d363da.png,False
e183f205-7bc6-4bc5-b67e-f2988080112e,Combo de 5 unidades Spray Capilar com Biotina,serumbiotin,100,21.0,1.5,ES / FR 2,1.0,/public/products/featuredImage-1749583944357-43980f76.jpeg,True
5e92f0a1-fbc8-4ec3-9702-801e77ed0c02,Adesivos EELHOE para alívio da dor no joelho - 10 unidades - Alívio localizado e prático,eelhoeparches10p,100,3.4,1.5,ES / FR 2,900.0,/public/products/featuredImage-1774452156236-91251558.png,False
0a44d5fa-8103-48b8-b216-9042e3cca9ed,Lâmpada LED Secadora de Unhas,10262,1000,2.15,1.5,ES / FR 2,1.0,/public/products/featuredImage-1733489057040-27121d38.jpg,False
167c5a88-a916-465c-abff-16e33d2f33d8,Pelúcia com Respiração e Música Relaxante,otto-rosa_15661,40,7.7,1.5,ES / FR 2,1.0,/public/products/featuredImage-1737051274796-76f6fa7c.jpeg,False
c6b3a260-6ebe-44ab-9ad3-167903b4cad2,Spray Capilar com Biotina,serumbiotin,100,4.2,1.5,ES / FR 2,1.0,/public/products/featuredImage-1733313588145-300905e5.jpeg,False
df571ee6-dbe1-4927-903b-af0fba12cb0e,Conjunto Circuito Urbano,seturbano_12330,100,12.74,1.5,ES / FR 2,1.0,/public/products/featuredImage-1732799225182-5f071bb4.jpg,False
e771ac88-a698-4572-acfd-3461baaaf132,Mochila Antirroubo para Homem,bandolera_15534,200,7.64,1.5,ES / FR 2,1.0,/public/products/featuredImage-1733694067652-9e01b812.jpg,False
88672117-dbbd-44df-bb29-efd6489cafe9,Faixas Elásticas para Gym,elastichome_13832,100,5.6,1.5,ES / FR 2,1.0,/public/products/featuredImage-1734033882781-848d8391.JPG,False
360f83d3-dca4-4a2b-9d96-71e0dd234617,VIGOR HM 80 Cápsulas,552031,800,6.09,1.5,Espanha 7,500.0,/public/products/featuredImage-1763041078813-e11bacba.jpg,False
db552e76-b5b4-41fa-9ab2-a60ed949dd5a,Combo com 4 Unidades Luz Solar 20W,luzsolar_v-7952,100,12.2,1.5,ES / FR 2,1.0,/public/products/featuredImage-1749472335203-170038e5.JPG,True
beb4e004-e427-4c06-8824-a20ee249b1dd,Cortador de Pelos para Nariz e Orelhas,10272,800,2.7,1.5,ES / FR 2,1.0,/public/products/featuredImage-1733753513815-9462f6b3.jpg,False
addd6c32-4718-417a-828f-43c8c26d2976,Conjunto de utensílios de cozinha de silicone 12 peças,10289,400,8.7,1.5,ES / FR 2,1.0,/public/products/featuredImage-1733486728326-c9581025.jpg,False
540859e7-b9d9-41de-83aa-40e028d9a377,Suporte para Seios,chstsupp_14584,300,3.55,1.5,ES / FR 2,1.0,/public/products/featuredImage-1732883980775-6b66921f.jpg,False
a84b1e1d-0a99-4520-b81d-99af1433cb0c,Lâmpada Solar,luz_14456,300,7.64,1.5,ES / FR 2,1.0,/public/products/featuredImage-1733406737854-430dc805.png,False
e04d96d1-648d-4b47-9b8f-72b3f36176c8,Adesivos Invisíveis para Calcanhar,talonera_15328,100,1.52,1.5,ES / FR 2,1.0,/public/products/featuredImage-1746208666371-8d99b285.jpeg,False
fbe8f0b1-6323-4aa9-9813-d32781b65250,Creme Anti-Idade com Colágeno e Peptídeo Ativo - 50ML,antiarrugasplapt,200,4.65,1.5,ES / FR 2,900.0,/public/products/featuredImage-1747482771139-662cf170.jpg,False
b148652e-1e47-4623-842a-052218170379,EELHOE Óleo Essencial de Alecrim para Cuidados com o Cabelo - Crescimento e Reparação,escenciaromerohe,100,4.2,1.5,ES / FR 2,900.0,/public/products/featuredImage-1752761034455-b6b5b452.png,False
027f4263-7b9e-4932-9d2e-ad7848b0d342,Fogão Elétrico Simples 1000W Compacto Eficiente e Fácil de Vender,cocinaele_el0036,100,8.7,1.5,ES / FR 2,900.0,/public/products/featuredImage-1746014474461-16c74462.jpeg,False
a213dbaf-f508-4263-b81b-3e304829dd22,Shampoo para animais de estimação com pelos médios 200 ml,champumasco200ml,100,5.65,1.5,ES / FR 2,900.0,/public/products/featuredImage-1765974058097-df63fb3e.png,False
9c2016a9-6658-4c76-8eb5-4c123fbc9f22,BASE DE TELEFONE CELULAR,baselapt_gl69812,200,1.0,1.5,ES / FR 2,900.0,/public/products/featuredImage-1747054310771-30d06685.jpg,False
cf8cf00a-72fc-4ff8-aa35-a4d515f0b97e,Creme Hidratante Rejuvenescedora com Aloe Vera,cremhidraloevera,200,4.1,1.5,ES / FR 2,1.0,/public/products/featuredImage-1737051692429-9bf296aa.png,False
b5faca2d-294c-483e-80b0-b4c13bb66e66,X8 Smart Watch Waterproof,relojx8-negro-v_8313,10,12.7,1.5,ES / FR 2,1.0,/public/products/featuredImage-1737724208529-392e06a6.jpeg,False
91c2e419-b3e8-437e-af23-a3f76ade6dd9,Humidificador Bule Mágico,humidifitetera,200,11.1,1.5,ES / FR 2,1.0,/public/products/featuredImage-1737029762668-1b5014b6.jpeg,False
20704f73-4749-44bc-b3e8-e7fb2c7eec07,BISGLICINATO MAGNESIO 200 Capsulas,552204,500,7.1,1.5,Espanha 7,500.0,/public/products/featuredImage-1763051347486-566938ae.jpg,False
897a7399-b2d1-4dbc-9bb9-b438ec5e1cd4,Escova de Limpeza Elétrica,cepilloelectrico_14651,100,4.58,1.5,ES / FR 2,1.0,/public/products/featuredImage-1734035031596-ca352565.JPG,False
842e0f55-030b-4b5e-a6cd-509c6a1bbe5a,Carro de controle remoto 4x4,coche4x4-verde_14728,90,23.2,1.5,ES / FR 2,1.0,/public/products/featuredImage-1737030370317-e7ac9531.jpeg,False
39c73df4-361b-43b7-9852-8261ef4cf4ff,Combo de 5 Unidades de Máscara Facial de Colágeno,hoygicollagenoma_hoa05,100,20.0,1.5,ES / FR 2,200.0,/public/products/featuredImage-1747308741197-ee75ed05.jpg,True
425fd5ef-6bae-4b83-848a-21f107b8b852,Power Bank magnético 10000mAh,powerban_gl69451,1300,7.7,1.5,ES / FR 2,200.0,/public/products/featuredImage-1740073063626-2799b06c.jpg,False
08820133-188a-4a6e-b8e8-da177ddf265a,Tênis Unisex,zapdeport,6400,7.0,1.5,ES / FR 2,500.0,/public/products/featuredImage-1777899367275-2e8556dd.jpeg,False
af27775c-abb3-40d3-9ed6-409dd2bd1cb5,Combo de Colar 7 VC  CAIXA e Body Emagrecedor Bege XL,bodyslimbeige15192_xl,80,9.67,1.5,ES / FR 2,1.0,/public/products/featuredImage-1751646129701-cb45b0ae.jpg,True
65252f89-56a1-4c97-a3ce-fa3cc3602506,Tapete de acupressão,acupresion_8868578546823,200,15.8,1.5,ES / FR 2,1.0,/public/products/featuredImage-1733494806627-afd92788.jpeg,False
1ec5fc9b-b62a-4b86-aacf-4b084bb26265,Shampoo SADOER com Óleo de Batana 400ml,batanabig,400,6.0,1.5,ES / FR 2,900.0,/public/products/featuredImage-1765971763509-e84c8961.png,False
18d1f558-c595-45ae-ab2c-845b53c78a3a,Mini Liquidificador de Frutas 380ml Portátil e Prático,licuadoram_14743,100,7.5,1.5,ES / FR 2,900.0,/public/products/featuredImage-1769608678241-28ce51ed.png,False
fb48d10f-5761-4cb1-9675-9fc20a398ea1,Balança de cozinha digital de bambu,basculam2_v-14378,500,5.7,1.5,ES / FR 2,900.0,/public/products/featuredImage-1748089271945-b7d1d4cd.jpg,False
73427f92-a2bf-4b67-a247-6ac13f518937,Kit SmartWatch Lady relógio inteligente,setladywatch_7202418274254,200,17.6,1.5,ES / FR 2,900.0,/public/products/featuredImage-1759511024582-15adeef9.png,False
c038cdff-7aaf-40bc-a84c-8044738ce0d3,Pistola de bolhas de mini metralhadora,miniburbuja_14203,100,3.05,1.5,ES / FR 2,1.0,/public/products/featuredImage-1733486912161-5aefe64d.jpeg,False
bd8e3422-1530-42f2-aacc-50a12766b87f,Paleta de Maquiagem ONEYIOO - Completa e Profissional,paletadeoneyioo,100,11.2,1.5,ES / FR 2,900.0,/public/products/featuredImage-1765977819867-3d5b7740.png,False
c3806e51-12ce-4ef1-863e-f59fe7b94fd2,Recortadora de Pelo de Nariz Multifuncional 4 em 1,recortad_gl69549,100,4.07,1.5,ES / FR 2,1.0,/public/products/featuredImage-1733401944602-80b90bf7.jpeg,False
9e3ca765-965e-4e27-aaf0-1c05a80030d7,Ventilador portátil de mão de 400mAh,ventilad_gl69875,200,2.0,1.5,ES / FR 2,900.0,/public/products/featuredImage-1747057616206-3b0b55ae.png,False
825d8f67-fa8e-476a-81af-aacd645c0b6b,Creme Facial Iluminador Arbutina,hidrataciontrane,200,3.9,1.5,ES / FR 2,900.0,/public/products/featuredImage-1774445862381-8a83b4c0.png,False
224c94db-1655-47b4-97f4-c48ac87f036d,Power Bank 10000mAh PD 22 5W com cabos integrados,powerban_gl69559,500,5.2,1.5,ES / FR 2,900.0,/public/products/featuredImage-1747064753938-7a72209a.png,False
f1f2120f-1af0-4ad8-b4d9-48088358185a,Lâmpada Solar de Emergência,lampara_14437,100,7.13,1.5,ES / FR 2,1.0,/public/products/featuredImage-1753723724109-0cacea6e.jpeg,False
95c770ef-4c73-41fd-94d6-6f948e2c17cd,Rosa Eterna,rosapeque_15634,600,6.1,1.5,ES / FR 2,1.0,/public/products/featuredImage-1747232494126-5a9ae00f.jpeg,False
b6ab9c72-8d8f-47a8-bcf6-f0fe2037bba4,Kit de Costura Profissional 72 Peças,costura72p_15345,100,2.1,1.5,ES / FR 2,900.0,/public/products/featuredImage-1747054809870-065b7942.png,False
5e8d8f26-f2da-4891-b6f4-53910ec32aa8,TV Stick com Tecnologia Mira Cast Avançada,display_gl69610,100,12.7,1.5,ES / FR 2,1.0,/public/products/featuredImage-1737127717611-dec0c2b3.png,False
31877493-49ae-40d9-9384-430a45ba8e4c,Joelheiras esportivas com compressão e suporte profissional,rodilleras_14594,100,5.25,1.5,ES / FR 2,900.0,/public/products/featuredImage-1776257093269-d825a320.png,False
297f0573-6864-4fc5-835d-36072fc21cca,Palmilhas de Gel,plantigel_15636,30,2.2,1.5,ES / FR 2,1.0,/public/products/featuredImage-1736946170703-77811983.jpeg,False
ccec56a9-e2e3-4b1e-97b4-430b9f077fe9,Espumador e batedor  2 em 1,espumador_14226,200,4.07,1.5,ES / FR 2,1.0,/public/products/featuredImage-1733334850741-9088c18b.jpeg,False
c1aedf59-590b-4635-95e6-ab302ee3ebdc,Ventilador de pescoço fresco e sem hélices,cuelloventila_14788,100,4.07,1.5,ES / FR 2,1.0,/public/products/featuredImage-1733493624141-2eb1a1a3.jpeg,False
5e532ae6-a2a2-40de-9cb9-21bdaae89d20,Limpador Facial Tratamento de Bolhas,burbjlimp_14431,300,7.2,1.5,ES / FR 2,1.0,/public/products/featuredImage-1733922157732-f29bc902.jpg,False
95d9c3ed-59af-4674-aa7a-42af8292666f,Pack Massajador Facial e Máscara de Chá Verde,packmasaje-tverd,200,8.11,1.5,ES / FR 2,1.0,/public/products/featuredImage-1733695221138-1c3ccf60.jpg,False
9d621cfe-7a8e-4fa7-8de3-c5e3b8011e8f,Banco de potência magnética,powerban_gl69784,100,7.1,1.5,ES / FR 2,900.0,/public/products/featuredImage-1747053957082-5cc7e1ac.png,False
ae044c28-81d9-4a19-be69-d01fcabe2905,Tripé de alumínio 120cm,tripode1_gl69809,50,3.9,1.5,ES / FR 2,900.0,/public/products/featuredImage-1747145998441-b9c8e331.png,False
61ad51ba-8854-4f07-b95d-79c2381d15a1,Joalheira Autocalentável,calientarodilla_14900,10,8.67,1.5,ES / FR 2,1.0,/public/products/featuredImage-1733927969267-f5275748.jpeg,False
bea07265-ff90-48c6-b8c8-d00e7523cec9,Medidor digital de glicose no sangue com 50 tiras e 50 lancetas,gluco_15944,100,7.7,1.5,ES / FR 2,900.0,/public/products/featuredImage-1765973296857-82be1bf0.png,False
3f15ff1b-c430-4421-a610-5848a3864ec2,PROBIODIGEST 60 Cápsulas,552115,900,7.64,1.5,Espanha 7,500.0,/public/products/featuredImage-1763049061402-f0b97f40.jpg,False
d2738212-efea-4dd9-861f-4d1b092502f4,Máscara facial de argila com vitamina C SADOER,mascarillavitaminac,200,3.2,1.5,ES / FR 2,900.0,/public/products/featuredImage-1748088954721-2acee49f.png,False
4b482735-9ec3-4f2c-a729-03e5d445d4c7,Combo de 3 unidades do Polvos Bunee para Cabelos Marrom,polvocana_dbrown15606,100,10.68,1.5,ES / FR 2,1.0,/public/products/featuredImage-1748283730340-348d1dbb.jpg,True
fbff8134-795e-4e99-ad13-5d82e2117cc4,Prancha de cabelo profissional de alta precisão,plancha_14445,200,11.3,1.5,ES / FR 2,900.0,/public/products/featuredImage-1776258169352-dbbd55a8.png,False
9e457eb6-e102-4b0d-a802-79cdd4cb9c2b,Máquina de massagem facial firmadora e lifting HUAYUGEYAO,maquinhuayugeyao,200,6.65,1.5,ES / FR 2,900.0,/public/products/featuredImage-1747423020215-05f450e6.jpg,False
f2ddbbcf-901a-41a5-9dae-fdcdef02550b,Pente Elétrico,peine_14354,300,9.17,1.5,ES / FR 2,1.0,/public/products/featuredImage-1732799795650-5a617e5f.jpg,False
9dcee7a1-fdae-46ea-a506-5d1191e3cb71,Escova alisadora para homem,alisabarba,100,5.7,1.5,ES / FR 2,1.0,/public/products/featuredImage-1730990288483-7dbba7b3.jpg,False
ce37f550-5b52-4a54-a7cf-58f781a1fa8f,Combo de 2 unidades da Lanterna Frontal,luzfrontalfoyu_78915431087,100,11.16,1.5,ES / FR 2,1.0,/public/products/featuredImage-1757942399370-6cb5f0a9.png,True
b90d36ca-6b36-4462-884a-1d8a3e3a4f9b,Fogareiro Portátil Dobrável a Gás - Cozinha ao Ar Livre com Conforto e Segurança,camping_15876,100,6.1,1.5,ES / FR 2,900.0,/public/products/featuredImage-1759511800926-0b72377a.png,False
3709d67c-1ea3-4631-b3a6-24e7324ad738,Corretor de postura ajustável e respirável -pacote com 26-  conforto e alívio diários,backpain_13741,700,4.2,1.5,ES / FR 2,900.0,/public/products/featuredImage-1753203489192-7ee049bf.png,False
4a5e6803-780b-4309-b0ab-2317e3ce89b8,Cinta Redutora,fajared_13710,20,3.76,1.5,ES / FR 2,11.0,/public/products/featuredImage-1733924081272-16177a91.jpeg,False
a611d0e1-29ac-4ae3-8cac-38bb3cccbee3,Espumador e batedor,espumador_14528,100,2.34,1.5,ES / FR 2,1.0,/public/products/featuredImage-1733401526475-e8d611f2.jpeg,False
25c9cf5a-d014-43ec-b32b-e3a512989ac5,Creme Facial anti sinais,cremaantied_15535,200,4.58,1.5,ES / FR 2,1.0,/public/products/featuredImage-1733490074752-e283a1ee.jpeg,False
b2c33627-492f-4631-b4d1-6d5a7cb7e1ba,Kit Penteado Magico,peinadosmagic_14844,100,5.09,1.5,ES / FR 2,1.0,/public/products/featuredImage-1733495738272-5d3f689a.jpeg,False
02618d18-00d8-4b1d-a23b-b5157e8fc0b0,ONICOPIL 60 Cápsulas,552012,500,6.01,1.5,Espanha 7,500.0,/public/products/featuredImage-1763048351849-969249e8.jpg,False
e8ff2d23-2979-4807-bb83-b88620bf1f29,Creme Antiarrugas e Rejuvenecedora Anti-Envelhecimento de Glóbulos Brancos - 60g,cremaglobulosbla,100,6.65,1.5,ES / FR 2,900.0,/public/products/featuredImage-1747489384770-95b14013.png,False
d57a62a4-42b1-49a8-9482-1fc88e4a67ae,Combo de 2 unidades dos Tapetes de Carro Universais,tapeteuniversala,400,10.2,1.5,ES / FR 2,900.0,/public/products/featuredImage-1753874363930-392a0f9c.jpg,True
1caa6724-3205-478f-b254-7c79be66cbdc,Meias Quentes e Elegantes com Efeito Transparente,pantermicotrans_15622,500,4.88,1.5,ES / FR 2,1.0,/public/products/featuredImage-1737127553422-2104575a.jpeg,False
fe25b4fb-3d40-4d5e-a4be-185b7947bd79,Massageador de pescoço aquecido para uso manual,mano_16071,200,28.2,1.5,ES / FR 2,900.0,/public/products/featuredImage-1765314052571-cb4cb2ac.png,False
b8d0cd1a-7110-4598-a326-5334e109f43e,Espumador de leite elétrico portátil,espumadord_14528,200,2.65,1.5,ES / FR 2,900.0,/public/products/featuredImage-1770836724884-3ce6c880.png,False
0c2ce983-87b4-4f2e-abc4-167fb7b2d780,Carro Gear,cochegear_14818,100,8.66,1.5,ES / FR 2,1.0,/public/products/featuredImage-1733751553883-c211dc3c.jpg,False
adb1c573-4dbe-4aaf-b5a5-29d33da310cd,Fone Airpods Max pRETO,EMAirPodsMaxNegro,20,10.5,1.5,Espanha 1,1.0,/public/products/featuredImage-1718626725734-5524c313.jpg,False
2af69fd3-4d0b-4718-b98f-c2584699fba4,Drone Mini UFO Explorer,miniufo_14717,100,41.3,1.5,ES / FR 2,1.0,/public/products/featuredImage-1733745043513-72f9f6e2.jpg,False
623ffb7e-c85b-4b2d-b859-d8e946b4375d,Drone Verde,drongesto_8610207100247,60,18.7,1.5,ES / FR 2,1.0,/public/products/featuredImage-1732800899554-85320a85.jpg,False
f12b7b20-75bd-4ab2-be49-814657be1d27,Escova de Palma para Lavar Louças com Dispensador de Sabão,limpiado_w68-598,90,2.6,1.5,ES / FR 2,1.0,/public/products/featuredImage-1737028416775-c9ab2c7f.jpeg,False
ac9c4157-7369-4605-bffe-f6a10d9c3b49,Carro Teledirigido Acrobático com Giros e Capotagens,ministunt-verde_14687,100,7.2,1.5,ES / FR 2,1.0,/public/products/featuredImage-1737029185851-574e4de6.jpeg,False
b525cb92-03a6-4b81-b057-9b6a655ed274,Sérum Ativador da Juventude Antirrugas com Caviar Dourado 40ml,serumactcavdora,100,4.6,1.5,ES / FR 2,1.0,/public/products/featuredImage-1737115885843-481e7fe6.jpeg,False
1e57c633-0431-4445-8b17-23649c3fe517,Alisador de Barba,alisabarba_13752,100,5.09,1.5,ES / FR 2,1.0,/public/products/featuredImage-1733417603003-caad0ce9.jpg,False
c3fdaa0f-97d8-49ee-af8f-9d883fad7838,Massageador Cervical por Pulso,cervicalpulso_15189,300,5.55,1.5,ES / FR 2,1.0,/public/products/featuredImage-1733937668856-670e9bce.png,False
94348907-3e91-40a6-b2e7-e2ebe0350ee0,Corretivo à Prova DÁgua para Cicatrizes,correctorcica-eelhoe,90,3.2,1.5,ES / FR 2,1.0,/public/products/featuredImage-1737126890591-def552b0.jpeg,False
9d5d33b3-5dcb-4d87-9629-34a21f2164da,Espelho Organizador,espejoorganizado_14084,30,9.17,1.5,ES / FR 2,1.0,/public/products/featuredImage-1733418209365-f461f048.jpeg,False
ef1faf62-c3fa-4596-bcb0-ee52acb76224,Máscara Facial Hidratante de Romã,mascarigranada,200,4.65,1.5,ES / FR 2,900.0,/public/products/featuredImage-1747922334317-1b52732d.jpeg,False
2b0dff56-67a2-4dff-90db-178be8183cf4,Liquidificador para Sucos,lila_bati13443,100,6.11,1.5,ES / FR 2,1.0,/public/products/featuredImage-1733764262571-16f18156.jpeg,False
f04f8a7d-41c8-4c5c-819c-83931d93b79a,Carregador magnético sem fio de 10000 mAh com fonte de alimentação com fio,powerban_gl69780,200,9.8,1.5,ES / FR 2,900.0,/public/products/featuredImage-1747062527234-9b1841b3.png,False
cb835443-581a-4ef9-8bf9-64bde829a462,Compressor de Ar Portátil 300 PSI Inflador Elétrico para Pneus de Carro,compreso_gl69832,200,8.7,1.5,ES / FR 2,900.0,/public/products/featuredImage-1745929199847-37dfa8b5.jpg,False
573b8383-9e8e-488b-97c4-9b1f04b81fbb,Creme Clareador Anti-manchas,cremablanqueadora_15566,80,2.13,1.5,ES / FR 2,1.0,/public/products/featuredImage-1732882127168-6aaca915.jpg,False
7618f069-0b97-461f-85ee-2d194dab0d69,Barbeador elétrico rotativo para homens,maquina_gl69971,200,11.3,1.5,ES / FR 2,900.0,/public/products/featuredImage-1746796257980-e2917a10.jpg,False
f010f251-12b6-4f57-8a48-e7f1f1cc7669,Creme Reafirmante Lifting com Células de Placenta de Ovelha - 50ML,liftingplacentao,100,4.7,1.5,ES / FR 2,900.0,/public/products/featuredImage-1747487239725-15b0b384.png,False
cf8c4e8e-d938-417c-a10f-2219ec5d0ba6,Fones de ouvido esportivos sem fio F9 com tela LED e estojo de carregamento de 2000 mAh,aurif9_v-8421,300,4.15,1.5,ES / FR 2,900.0,/public/products/featuredImage-1746212382542-c67abaf7.jpeg,False
e47350fc-9ff1-4dad-947c-3ced912e7f9c,Escova multifuncional para alisar e cachear cabelos,rizadorali_13984,100,9.3,1.5,ES / FR 2,900.0,/public/products/featuredImage-1769541618348-750e0cf7.png,False
8bf86c77-cd7d-4ff5-9b18-a38460b21bc0,Essência Facial Clareadora Iluminadora - 45ML,blanqueadoilumin,200,5.2,1.5,ES / FR 2,900.0,/public/products/featuredImage-1747485990351-0670bb0c.png,False
12793311-21c1-40f4-82ca-2569a61fb8ae,Torneira Giratória,grifogiratorio_1024680135790,200,4.53,1.5,ES / FR 2,1.0,/public/products/featuredImage-1733762834139-c99f9a98.jpeg,False
b6921000-74c3-4e13-9e6d-e330edf3eb3b,Creme Reafirmante com Placenta de Ninho de Pássaro - 50g,placentanidodepa,200,4.7,1.5,ES / FR 2,900.0,/public/products/featuredImage-1747489863832-e59b80c1.png,False
19590d0d-7cf2-41ba-94e4-bf61516799ff,Máscara de Cílios Voluminizadora e Curvadora,mascaratigre,200,3.7,1.5,ES / FR 2,1.0,/public/products/featuredImage-1733326374259-46eedb70.jpeg,False
667a0096-e544-4569-92f2-1b679bc7edff,Tábua para exercícios,pushup_13661,50,7.64,1.5,ES / FR 2,1.0,/public/products/featuredImage-1733403030668-24bc6f17.jpeg,False
f280831e-7641-43b8-a976-a9313dfb77d3,Combo de 3 unidades do Polvos Bunee para Cabelos preto,polvocana_black15606,100,10.68,1.5,ES / FR 2,1.0,/public/products/featuredImage-1748283649253-8389823f.jpg,True
198e155f-3aa8-44bb-b8ff-586022d22726,Combo 3 unidades de creme,packcosmetica,6200,10.0,1.5,ES / FR 2,500.0,,True
21fd53c0-57ce-4a7b-8b8b-0f52ce3262ee,Lâmpada com Ferramentas,lampara_14579,100,11.72,1.5,ES / FR 2,1.0,/public/products/featuredImage-1733695551537-a30eb0dd.jpg,False
025a0888-bb9e-4c80-bf91-ae3863689f2a,Óculos Zoom com Graduação,gafas1.00,30,3.56,1.5,ES / FR 2,1.0,/public/products/featuredImage-1733927518088-cdebadf8.jpg,False
a9a47c90-5642-4877-879d-c4119e9e867d,Combo de Colar 7 VC  CAIXA e Body  Emagrecedor Bege,bodyslimbeige15192_m,300,9.67,1.5,ES / FR 2,1.0,/public/products/featuredImage-1751567578362-044b18cd.jpg,True
f332cbcd-17f0-4b4c-9381-8273745cfbc2,Kit de Tapetes de carro universais e Cinta Suporte Lombar,ycsoportelumbar_14484,20,8.48,1.5,ES / FR 2,1.0,/public/products/featuredImage-1760619956197-11a0e51b.jpeg,True
f246669a-692c-40ac-a0bc-85b80470031c,Pista Montável Espaço,pistrmabl_14830,40,8.15,1.5,ES / FR 2,1.0,/public/products/featuredImage-1732799447223-925924f5.jpg,False
324f75e3-6036-40a3-8d6a-b896fade0ef6,Lanterna Headlamp AB-Z1099,luz_ab-z1099,100,5.09,1.5,ES / FR 2,1.0,/public/products/featuredImage-1733696229401-835b0028.JPG,False
10d15993-4f22-4399-92e3-389fcf466d3c,Mini Camera de vigilância Wifi 1080HD,EMwebcam,100,5.3,1.5,Espanha 1,1.0,/public/products/featuredImage-1718556297424-89750e73.jpg,False
d0195cc8-58cc-4a98-8959-87a495b77c98,CORRETOR DE POSTURA  JUVENIL,correctorsensor_15378,500,3.02,1.5,ES / FR 2,1.0,/public/products/featuredImage-1733761631022-47e88e17.jpeg,False
0e6e8444-f726-4a6a-9404-305f9a9e25f7,Combo de Difusor branco de oleos essenciais e Óleo essencial Eucalipto,difusor_blanc-15374,100,14.26,1.5,ES / FR 2,1.0,/public/products/featuredImage-1752160662005-99fb6b4e.jpeg,True
7a6bb6c4-1ddf-4808-9ec2-d3182725e547,Teclado Dobrável,teclado-negro_8434921033571,10,20.85,1.5,ES / FR 2,1.0,/public/products/featuredImage-1733941315934-8beb2565.jpg,False
071122eb-7a90-412d-97c7-db97310bc3d4,Conjunto de Veículos de Construção com Inércia e Luzes,truckgear_14846,100,6.2,1.5,ES / FR 2,1.0,/public/products/featuredImage-1737029768464-a9e33978.jpeg,False
9f2676e0-ded7-40a5-b90a-5173b67e1cf2,Combo de 3 Unidades SÉRUM CLAREADOR,blancodiente_15232,100,7.5,1.5,ES / FR 2,1.0,/public/products/featuredImage-1751917435415-abf42221.jpeg,True
7c11bba6-9b26-410e-9a5e-1871cc97736f,Oculos 02,ray02,30,3.15,1.5,ES / FR 2,200.0,/public/products/featuredImage-1738933422819-5c89ebff.jpeg,False
4653cfee-5a3f-41bc-b137-aa4b6cc71444,Combo de 4 Unidades SÉRUM CLAREADOR,blancodiente_15232,200,10.0,1.5,ES / FR 2,1.0,/public/products/featuredImage-1751917535286-896a8e7d.jpeg,True
e6c2827c-76c4-41e7-ad7a-367afcb0d0f5,Colar Trevo,collar5trebolnegrovc,100,3.56,1.5,ES / FR 2,1.0,/public/products/featuredImage-1737126548607-9ebc976c.jpeg,False
04dcb9f4-963f-4276-b702-26efd237319a,Elefante de Pelúcia Macia,elefantefe_15014,200,4.4,1.5,ES / FR 2,1.0,/public/products/featuredImage-1736943715297-d9488b57.jpeg,False
d65b9207-d97d-4559-ae64-01c3dbf127a2,Suporte para Escova de Dentes com Dispensador Automático de Creme Dental,dispensado_14666,100,4.5,1.5,ES / FR 2,100.0,/public/products/featuredImage-1740763310030-e8b250bf.jpeg,False
74cd7570-caf3-4139-93d5-6cee457b7aea,Bombilla Tipo C ideal para camping,bombilla_15236,90,3.2,1.5,ES / FR 2,1.0,/public/products/featuredImage-1733315007080-6d338966.jpeg,False
8b27fee4-93ec-4292-bcfd-cbc951857ddb,Combo do Airpod Branco e AirPod P9 Branco,airpods-caja_14875,800,18.9,1.5,ES / FR 2,1.0,/public/products/featuredImage-1751975840146-c6bde93b.jpeg,True
ed34d6c4-d08a-486c-9761-eeee50af3ec5,Super Secador de Cabelo Profissional com 4 Bicos - Potência e Estilo de Salão em Casa,hairdry_15880,10,30.2,1.5,ES / FR 2,900.0,/public/products/featuredImage-1759507199725-716441e2.png,False
b00e625e-8575-4f27-b82e-648877bc4e6b,Aspirador de Mão Sem Fio,aspirador_15527,100,13.0,1.5,ES / FR 2,1.0,/public/products/featuredImage-1746240852568-81bdcef4.png,False
7ca6a669-8f4f-4067-a060-260358aecb83,Creme Facial de Nata Batida com Colágeno 50 ml - Retinol Complex,natamontada50ml,200,5.65,1.5,ES / FR 2,900.0,/public/products/featuredImage-1766342598098-a512275a.png,False
f2e977fd-53dc-44f9-8257-ea26f5271689,Combo de 2 unidades SÉRUM CLAREADOR,blancodiente_15232,200,5.0,1.5,ES / FR 2,1.0,/public/products/featuredImage-1751917301181-60a5318d.jpeg,True
49ddea27-2122-404d-86ae-4ee598c7d496,Carro Anticaída,cochantica-turquesa_14823,70,13.25,1.5,ES / FR 2,1.0,/public/products/featuredImage-1737129747446-2aa0a962.jpeg,False
b02b478a-a0c1-4c09-a522-0a4e57b03d9f,boombox grande,altavozbooms,100,20.5,1.5,Espanha 1,900.0,/public/products/featuredImage-1746914309626-7cb1d45e.jpeg,False
cb4f46eb-2395-4185-84f6-8a2dfb94ceb4,Sprays para promover o crescimento capilar e melhorar a saúde do couro cabeludo,prorevitaeelhoe,400,4.2,1.5,ES / FR 2,900.0,/public/products/featuredImage-1750873511518-2e7568b1.jpg,False
c0a353c8-4553-45b1-8b38-e170fcf3b8a1,Consola de Jogos Portátil X9 Ecrã IPS HD Mais de 20 mil Jogos,consolax9_15531,100,29.1,1.5,ES / FR 2,1.0,/public/products/featuredImage-1733405018551-02c97f97.png,False
4d524227-6d98-4b7c-bcde-edf47890711f,Aparador Elétrico Suave e Sem Irritação,rasurado_gl69976,200,11.3,1.5,ES / FR 2,900.0,/public/products/featuredImage-1745927780473-695743e2.jpg,False
059647da-de39-4426-860d-38c539ed5668,Creme Anti-Idade Multiefecto Pro-Xylane - 50ML,multieproxylaine,200,6.2,1.5,ES / FR 2,900.0,/public/products/featuredImage-1747485075646-0e051fca.png,False
a2bdeb1e-c8ab-4284-bf95-9f58453d5742,Fones de Ouvido com Tela,aur_panta_v-7311,200,10.7,1.5,ES / FR 2,1.0,/public/products/featuredImage-1734033627841-8c8beb16.JPG,False
f93b8c53-dc67-446e-ae5f-389375a27ae7,Mini Drone com Câmera - Voe - Grave e Surpreenda desde o Primeiro Voo,minidronco_12936,100,22.2,1.5,ES / FR 2,900.0,/public/products/featuredImage-1776436177313-786406bf.png,False
21a4b1ac-6084-4f9b-8521-e0ea482f3635,Drone RC com câmera integrada e controle remoto,dronerc_12923,200,39.15,1.5,ES / FR 2,900.0,/public/products/featuredImage-1776462508426-d845e478.png,False
6bb28e83-db3c-4a7a-8942-d2da99176b88,SKIN COLLAGEN PLUS 90 Cápsulas,552068,800,7.9,1.5,Espanha 7,500.0,/public/products/featuredImage-1763048827948-8088e4fa.jpg,False
9162bfc4-bd39-46b2-a359-3c0dcc33257d,Liquidificador Portátil,licua_freshw6-576,100,9.17,1.5,ES / FR 2,900.0,/public/products/featuredImage-1753270222689-e10a6ddc.png,False
5a1dc4f3-be5f-4a14-bdcd-c8d761b218af,Combo da Pistola de Jato de Alta Pressão e Mini Lanterna Recargável com Zoom,cleangun_15478,600,25.59,1.5,ES / FR 2,1.0,/public/products/featuredImage-1751369789526-1d3dcabd.jpeg,True
a9da2524-8a13-4ee2-b51c-41bad1391b8c,Tampa de Silicone,tapasilicona_8563246310606,200,2.54,1.5,ES / FR 2,1.0,/public/products/featuredImage-1733494525517-a0053cef.jpeg,False
46d6b4ab-88cb-4ca9-a857-6a14a9bc8017,Creme Facial Anti-Idade com Caviar Proxilano,cremacaviarproxi,200,6.1,1.5,ES / FR 2,1.0,/public/products/featuredImage-1737133696254-2b5fad0a.jpeg,False
fc2e9826-4004-4456-b90d-cf491a1dc253,Luminária de parede solar LED em alumínio - Iluminação externa à prova água - elegante e ecológica,solarlampa_14921,60,12.2,1.5,ES / FR 2,900.0,/public/products/featuredImage-1765408771508-dc0a3250.png,False
2a7f088a-d71b-4c4e-b328-4e4d07f5aa98,Lâmpada de Luz LED tipo stick,ledpalo_ab-z1188,100,6.62,1.5,ES / FR 2,1.0,/public/products/featuredImage-1732802003926-eda11791.jpg,False
a7b5d9f6-02b0-41f4-8439-23a88f6c621d,Console GAMEBOY 500 games,gameboy_v-5627rojo,100,5.6,1.5,ES / FR 2,500.0,/public/products/featuredImage-1762442561435-8ac9cd43.jpeg,False
21bdf17d-9542-4baa-b095-3c28461d766c,Foco LED Par 54 LED RGB - Iluminação Profissional Multicolor para Eventos e Palcos,foco_pm-54led,100,13.15,1.5,ES / FR 2,1.0,/public/products/featuredImage-1736952076977-defe59f4.jpeg,False
f4363ec5-b953-4eac-9b9c-3fd6de998341,Cinta Slim Control,fajaslim_13710,20,3.04,1.5,ES / FR 2,1.0,/public/products/featuredImage-1746953680234-b80ce14a.png,False
19b1f3a4-88af-4174-8877-35a7212fd1f7,Massageador de corpo,masajeador5d_jby-820,60,18.86,1.5,ES / FR 2,1.0,/public/products/featuredImage-1733753797926-e6ac159e.jpeg,False
00a14107-8924-4931-8288-ce0c85edabf9,Aparador elétrico 3 em 1 para barba nariz e cabelo,cortapel_gl69973,200,8.7,1.5,ES / FR 2,900.0,/public/products/featuredImage-1745946153078-5e3718e0.jpeg,False
b622bbfc-2f8b-4efa-a37b-4046c067e78c,Combo de 2 unidades do Adesivo Detox para Pés,parchepies_15317,200,4.68,1.5,ES / FR 2,1.0,/public/products/featuredImage-1755605419880-4f958a83.jpeg,True
994fe710-414d-4530-9830-b7de8ad90520,ASHWAGANDHA KSM-66 ECO 100 Capsulas,552211,500,9.73,1.5,Espanha 7,500.0,/public/products/featuredImage-1763046213278-08c3c4dc.jpg,False
f86e0ca4-59da-4e90-a181-7d2a5c6d6ff9,Drone Y3 Ultra com Controle Remoto e Tela - Inovação Diversão e Controle Total,drony3_15904,50,40.2,1.5,ES / FR 2,900.0,/public/products/featuredImage-1759506135862-1164f7ed.png,False
980c97d4-0758-4968-bb93-05c7da96b182,Brinquedo Voador Manual,air_toy14876,800,4.07,1.5,ES / FR 2,1.0,/public/products/featuredImage-1734025905545-e0ef0887.JPG,False
94b3ddbd-fb33-428a-b05d-44b09350780f,Máscara Bluetooth para Dormir,antifazblue_13844,400,4.84,1.5,ES / FR 2,1.0,/public/products/featuredImage-1734036171017-8b952c4b.jpg,False
0f2a9d3e-7e8a-4050-945d-ffbae9b652aa,SADOER Limpador Facial com Extrato de Abacate 100g - Hidratação e Limpeza Profunda para uma Pele Radiante,extractaguacates,200,3.45,1.5,ES / FR 2,900.0,/public/products/featuredImage-1748656224560-e4e72cb9.png,False
86fd6a15-2a0c-45ef-87a0-5f49e6c3699d,Fralda Dodot Splashers,dodotsplashers,50,6.2,1.5,ES / FR 2,1.0,/public/products/featuredImage-1733228470545-8ac4d4d4.jpeg,False
e3fe79c5-b825-4d2e-9298-935396c22a0f,Gel de Banho White Latte 520ml DDonna,bianco-ducha,100,4.2,1.5,ES / FR 2,900.0,/public/products/featuredImage-1775769929629-cee44c7c.png,False
cedafb1e-d12f-470a-b4f0-8c93bb395487,Carregador universal de 120 W,cargadoru_g-1270,100,7.75,1.5,ES / FR 2,900.0,/public/products/featuredImage-1747061799011-f71f8f51.png,False
740da34b-f654-46d8-be9f-f320148e1589,Máscara Facial de Rosa Damascena,mascarillarosas_46004,300,2.53,1.5,ES / FR 2,1.0,/public/products/featuredImage-1733694158726-d7e61967.JPG,False
e9287581-1d41-4806-80df-54aab4302f1f,Sabonete Compacto para Cabelos  Elimina Cabelos Brancos,jabon_15620,90,2.34,1.5,ES / FR 2,1.0,/public/products/featuredImage-1733407832690-1102e7ee.jpg,False
a95ff63e-8f61-4775-ae78-e27a1c1083bf,Batedeira elétrica multifuncional para cozinha,batidora_gl9338,200,1.0,1.5,ES / FR 2,900.0,/public/products/featuredImage-1769193254756-6c600918.png,False
1ace20d3-2509-48a4-8576-6b0e19de155c,Organizador de Pincéis,organizadorbrochas_15409,100,4.78,1.5,ES / FR 2,1.0,/public/products/featuredImage-1733759972071-a99d5c43.jpeg,False
28074e55-8214-416f-86ae-59aaf732bca3,Mini aerador para vinhos tintos,miniairead_14526,100,2.6,1.5,ES / FR 2,900.0,/public/products/featuredImage-1776439137949-c428b880.png,False
0734db12-fcca-42be-a920-682c675a5a73,Boombox3 similar,cboombox-negro_v-8296,90,16.19,1.5,ES / FR 2,500.0,/public/products/featuredImage-1774626294303-a446bb80.png,False
f8c5ed7b-032e-44a7-b2f5-4f5f69a3e7fa,Escova elétrica para remoção de pelos de animais de estimação,pethair_14293,200,6.7,1.5,ES / FR 2,900.0,/public/products/featuredImage-1765314346479-1796e2cf.png,False
812f35f4-57cb-4034-96df-1d031665a7e9,Divisor HDMI 4K 1 Entrada 2 Saídas Simultâneas,hdmi4kdi_gl69408,200,4.6,1.5,ES / FR 2,900.0,/public/products/featuredImage-1745933429764-46428803.jpeg,False
f6762e14-1c17-4f23-be06-290193f04faa,Luzes LED com Controle Remoto - Conjunto de 3 Unidades,led3set_14740,400,4.43,1.5,ES / FR 2,1.0,/public/products/featuredImage-1733484779095-1e67dd95.jpeg,False
5183b396-0ce5-4b9d-8d65-083491bb1f83,Body Mist Premium Crystal Glow,mistpremcrysglow,100,4.6,1.5,ES / FR 2,1.0,/public/products/featuredImage-1737132630549-c36426ab.jpeg,False
f386dfc8-1d7c-4c77-9f21-974e4d60dc3c,Máscara Capilar com Queratina Líquida,mascacapilquerat,200,4.4,1.5,ES / FR 2,1.0,/public/products/featuredImage-1737133350884-15b26f2b.png,False
4f54eff9-82ad-4957-9c54-79680a17a313,Drone com controle inteligente por gestos,drongesto_m-6102,200,26.85,1.5,ES / FR 2,900.0,/public/products/featuredImage-1770836261904-06ce5eb2.png,False
8b15d9f0-4a60-4c6c-804c-8afc1edaab4a,Soprador de ar - turbofan violento A12,violentfan_15938,100,14.4,1.5,ES / FR 2,900.0,/public/products/featuredImage-1776257803453-61141b41.png,False
9ef4d025-f1b0-4a29-8397-5987135d0d66,Bolsa Multiuso para Celular,bolsacelu_v-8322,100,2.6,1.5,ES / FR 2,900.0,/public/products/featuredImage-1746465732301-7712c575.jpg,False
9c7faa8c-f61e-4552-bc69-9690adcdb947,Divisor de Internet 2 em 1 com Cabo de Alimentação USB,splitter_gl69695,100,8.2,1.5,ES / FR 2,200.0,/public/products/featuredImage-1738249625667-84459871.jpeg,False
8afbf33e-1b63-4021-af8a-7500fc561e11,Bomba de Ar Portátil 150 PSI Recarregável 2000mAh,bombaire_gl69861,200,18.4,1.5,ES / FR 2,900.0,/public/products/featuredImage-1745937174470-37019916.jpeg,False
1fae451e-ce28-4771-a0d3-eed1d2a498da,Henna profissional para sobrancelhas castanhas - 15ml - 15ml,hennamarroncejas,200,3.7,1.5,ES / FR 2,900.0,/public/products/featuredImage-1749471080419-97e2ef0f.jpg,False
b8545007-4fac-4e88-ab22-7117cb78a7ce,Batedeira de mão compacta e funcional de 100 W,batidorade_13591,90,9.3,1.5,ES / FR 2,900.0,/public/products/featuredImage-1769189843322-18035745.png,False
f7d83b7d-13fd-4cfd-a0f7-aeffac21ca01,Ferro de passar portátil dobrável a vapor para uso a seco e úmido,plancha_gl70196,20,16.52,1.5,ES / FR 2,900.0,/public/products/featuredImage-1765391795773-3fa9aed6.png,False
7d474a63-d86c-43ed-b779-0e8e8f7ea318,Lâmpada Solar Dobrável,lampdes_ab-ta130,70,6.61,1.5,ES / FR 2,1.0,/public/products/featuredImage-1732881359225-6eb30a6d.jpg,False
4ea4a962-aa80-481a-9b20-addeeeff8f87,Drone dobrável com câmera HD e controle remoto,dronporman_13683,100,30.45,1.5,ES / FR 2,900.0,/public/products/featuredImage-1770842517768-88e74ce7.png,False
17523c72-0bb9-492a-a197-1e1a681af0c8,Chapinha Wavy,wavy_14063,50,15.76,1.5,ES / FR 2,1.0,/public/products/featuredImage-1733751107443-013bf60d.jpg,False
3274e8cb-8c8e-4f03-b5fa-7bedc2c8b8c3,Lanterna portátil - 400 mAh - visor LED - zoom telescópico,linterna_gl70081,300,2.9,1.5,ES / FR 2,900.0,/public/products/featuredImage-1776437815216-f21e3463.png,False
77b0fee8-2d69-4a52-89b0-88a3dfc0dffe,Maleta de Maquiagem Profissional,maletamaq_15717,200,9.7,1.5,ES / FR 2,1.0,/public/products/featuredImage-1737035167013-cc02a268.jpeg,False
68ad32dd-e5c1-47d5-9d48-b86ace734210,Luzes LED Azul,lucesled50,100,2.5,1.5,ES / FR 2,1.0,/public/products/featuredImage-1733230049294-8a43fd60.jpeg,False
99b17cca-27fe-4b9c-a6db-41348ff901cc,Henna profissional para sobrancelhas pretas - 15ml - 15ml,hennanegrocejas,200,3.7,1.5,ES / FR 2,900.0,/public/products/featuredImage-1749434598355-787cf8ac.jpg,False
5a9582d8-2a84-479b-a18c-dc7344b655d8,Combo do Ventilador de pescoço fresco e sem hélices e Ventilador portátil de 3 velocidades,cuelloventila_14788,200,7.22,1.5,ES / FR 2,1.0,/public/products/featuredImage-1752585562022-b5bc657d.png,True
e24194a7-fb93-4cb6-b970-1867f656aa8b,Conjunto de cozinha profissional com acessório de silicone 22,setcocina_16035,40,8.9,1.5,ES / FR 2,900.0,/public/products/featuredImage-1776462672168-592f9db1.png,False
0bd98cfd-d8c8-41b1-9bbb-65521810ca2c,Prancha de cabelo profissional de alto desempenho F13,alizadorf1_14099,200,9.9,1.5,ES / FR 2,900.0,/public/products/featuredImage-1769191679604-4261b987.png,False
c32c9006-0a6b-4cf0-b9a2-20ec028c60c2,A36 Fones de Ouvido para Jogos com Microfone,casco_g-1221,80,11.7,1.5,ES / FR 2,1.0,/public/products/featuredImage-1746208277265-5fec2e4c.jpeg,False
6141ab5c-edf0-4647-9b2e-7bcc1ce5b0e4,Sérum Facial SOS para Acne 30 ml - Retinol Complex,serumsosacne30ml,100,5.65,1.5,ES / FR 2,900.0,/public/products/featuredImage-1766342374698-616e88a6.png,False
b11b4d23-4fca-42a3-9e3b-cfe9e2b04e85,Creme de Massagem Quente KÖRMESIC,hotmassage,100,4.7,1.5,ES / FR 2,900.0,/public/products/featuredImage-1749750889058-e85300ab.jpeg,False
03d7afe9-44d4-4282-afab-82c490ff40ed,Luz LED com Gestos de Mão para Automóvel,ledmanoautomovil_15696,300,5.7,1.5,ES / FR 2,1.0,/public/products/featuredImage-1737049750010-07ce5c04.jpeg,False
e0478b9a-7f01-4823-91a1-8b07ebb605f6,Estabilizador Movel,estabiliza_v-8252,90,41.3,1.5,ES / FR 2,1.0,/public/products/featuredImage-1733495254455-3fa01f4b.jpeg,False
4dc65c71-1205-4d09-8a0c-c18a6d8b5a9e,Escova Alisadora LSM,alisador_14561,70,9.68,1.5,ES / FR 2,1.0,/public/products/featuredImage-1732734547835-88f71247.jpg,False
dbbd26f9-4f2a-4dfb-bf10-8b8638cd9393,Tornozeleira,tobillera,100,2.74,1.5,ES / FR 2,1.0,/public/products/featuredImage-1734034122308-18c8ed3b.JPG,False
8a9f1f51-4556-4b2c-8bb5-6f2ea9062403,Combo das Mangueiras Verde e Azul 30M,manguera-30m-verde,50,13.4,1.5,ES / FR 2,100.0,/public/products/featuredImage-1744901454346-72ef6555.jpeg,True
3acca637-bed1-46c6-9542-62daaa3d241d,Alisador de Cabelo 2 em 1,alisadorcepillo_14041,100,8.15,1.5,ES / FR 2,1.0,/public/products/featuredImage-1738246278422-f6e05cad.jpeg,False
520f2df9-d738-4612-a326-bd1596c90d19,Kit da Joelheira Completa com  Colete Esportivo de Neoprene com Efeito Sauna,rodilleracompleta_15197,100,7.54,1.5,ES / FR 2,1.0,/public/products/featuredImage-1751976311293-dbbcaa44.jpeg,True
bab4bf43-ac31-4a56-ae0f-00bf6df27336,Mini Ventilador de Clipe Silencioso para Interiores e Exteriores,minivent_gl69293,100,5.4,1.5,ES / FR 2,900.0,/public/products/featuredImage-1746018378268-ffa63335.jpeg,False
1d71e574-c405-4b10-925b-a332845d5b1b,Torneira giratória com 5 velocidades,grifo_ab-j308,100,3.05,1.5,ES / FR 2,1.0,/public/products/featuredImage-1733935921500-3ecc4af4.jpeg,False
f65aeaf8-9532-45d0-83d6-d74a33d0e2e0,Conjunto de joias douradas aleatórias com caixa de joias em formato de coração,joyasdocor_15915,500,6.3,1.5,ES / FR 2,900.0,/public/products/featuredImage-1775407287870-7de2b73f.png,False
51cba3aa-86ef-454b-8b19-bb49876bba02,Creme Facial Revitalizante com Colágeno,cremarevital_0608,200,4.59,1.5,ES / FR 2,1.0,/public/products/featuredImage-1733406885874-0f6f0896.jpg,False
6e823ebf-819a-4d21-98cd-26380bfdaf6e,Barra de Entrenamiento,barraentren_14137,90,12.74,1.5,ES / FR 2,1.0,/public/products/featuredImage-1746720804684-85578a8a.png,False
fe44b774-3b17-4b3b-9de3-290edbe717a2,Sérum Ativador Celular com Abacate e Hialuronato de Sódio,serum2en1aguacat,100,3.1,1.5,ES / FR 2,1.0,/public/products/featuredImage-1737119461495-2f76b949.png,False
422cb55e-b69d-494b-813d-0eefe6ee49bb,Monitor Cardíaco Heart Rate Monitor,hrm-health,300,4.5,1.5,Removida,36.0,/public/products/featuredImage-1765385056036-d99f676e.png,False
8782b3e7-0692-4ad5-a879-203c3f9896ec,Combo de 3 Perfumes Masculinos CONTRATIPO - CREED SILVER MOUNTAIN - Savage - MIDNIGHT BLUE EDP 100ML BLUE DE CHANEL,em-dynavenueculture,900,16.2,1.5,Espanha 1,500.0,/public/products/featuredImage-1758811594106-0f477a8c.jpeg,True
9bfc6e8c-42be-4a65-9810-043b7a672fc7,Lima de Unhas - Jogos de Ferramentas de Manicure,lima_14070,100,3.56,1.5,ES / FR 2,1.0,/public/products/featuredImage-1733765584956-8b635c0f.jpg,False
df0677cf-93ed-4c13-a6c4-6e52300d01ea,Sérum Roll-On Duplo Revitalizante com Caviar e Colágeno 30 ml,eyecreamserum,100,4.5,1.5,ES / FR 2,1.0,/public/products/featuredImage-1733312282343-ae1ef652.jpeg,False
f80ac9aa-634f-4a7c-8ce7-bc63327fe3f8,Surker Vermelho,surker_11739,100,5.7,1.5,ES / FR 2,1.0,/public/products/featuredImage-1733405578256-af3e9288.jpg,False
9ad46c13-afdb-4bec-aa99-abca60da4fc3,Smartwatch Ultra 8 e  Auriculares inalámbricos,watchauricular_7702024188063,100,14.2,1.5,ES / FR 2,1.0,/public/products/featuredImage-1733315208978-1a6d3c05.jpeg,False
db5a82b7-1b4c-4e93-ace5-8f1a213eab9b,CC Cream Espiral Bicolor 7 em 1,creamespibi7en1,100,5.6,1.5,ES / FR 2,1.0,/public/products/featuredImage-1737117080496-0b696828.jpeg,False
e1f48a81-632d-4d56-ba7e-53f4c1207819,Sérum Eelhoe para Rugas,eelhoearrugas,1300,4.1,1.5,ES / FR 2,1.0,/public/products/featuredImage-1733400059779-2567feb8.jpeg,False
c1912094-da81-46b1-9659-88b2d9dd5621,Garrafa para água,botellaperro_14708,200,5.09,1.5,ES / FR 2,1.0,/public/products/featuredImage-1733402948289-328dfee3.jpeg,False
044f11d4-e92a-4b51-9d5a-b3afffcf9552,Garrafa de água reutilizável de grande capacidade 900 ml,botella900_15341,100,5.65,1.5,ES / FR 2,900.0,/public/products/featuredImage-1769605633192-43d9368f.png,False
9af5ddeb-8d9d-4f22-9eb8-f9e4748cf444,Creme Facial Regenerador,cremarejenerativ,100,5.6,1.5,ES / FR 2,1.0,/public/products/featuredImage-1733244141319-2ed44027.jpeg,False
fb599578-9f0e-4359-b91d-1ec9093bc512,Parche verde para olheiras,EMGreenmask,40,2.3,1.5,Espanha 1,1.0,/public/products/featuredImage-1718814629441-9c8c1a75.jpg,False
4bd1cb68-e4af-44e7-8e58-0d6c0572c1e5,Escova de Lavagem para Carros,cepillo_15406,40,13.25,1.5,ES / FR 2,1.0,/public/products/featuredImage-1733405214936-337a11fe.jpg,False
9bc239d9-5ff7-4e9b-b2c7-8e29c7850cb3,Rolo de massagem facial Jade,rodilljade_14047,200,5.2,1.5,ES / FR 2,900.0,/public/products/featuredImage-1747051969169-738d9a5c.png,False
a66e7753-961e-4fad-9eb3-8ef3fc257ba1,Câmera Inteligente para Interiores 1080P Segurança e Monitoramento em Tempo Real,smartcamera1080p,200,20.9,1.5,ES / FR 2,900.0,/public/products/featuredImage-1746024158241-039f1a3d.jpeg,False
12dd9451-1f4b-4267-a6ad-31f585468c13,Combo de Shorts de Yoga Preto e Cinta Corset Redutor,yogashorts_negro,10,6.28,1.5,ES / FR 2,100.0,/public/products/featuredImage-1760360402222-2c286656.png,True
77545b78-896e-4724-a20e-14defaac15ff,Depilador de Sobrancelhas 4 em 1,ceja4en1_15110,100,6.11,1.5,ES / FR 2,1.0,/public/products/featuredImage-1733944280290-c1d0e420.JPG,False
04fee27f-a160-46a2-8641-689ec3902a68,Combo com 6 Unidades Luz Solar 20W,luzsolar_v-7952,100,18.3,1.5,ES / FR 2,1.0,/public/products/featuredImage-1749473071898-e68f89e9.JPG,True
eb696d59-03b9-4479-983c-ae681e5d3749,Lanterna LED Portátil XH-P50,linternaxh-p50_7891543102008,100,7.13,1.5,ES / FR 2,1.0,/public/products/featuredImage-1733695921348-c56bc8f7.jpg,False
aaff0bbe-4523-4be7-85ec-54274d1f04dd,Microfone de lapela sem fio universal 3 em 1,micro3n1_gl69666,20,8.9,1.5,ES / FR 2,900.0,/public/products/featuredImage-1776437368867-5ebf3538.png,False
ce5c57f3-7b71-454f-9319-647853fbca55,Caneta Limpadora Multifuncional,bolilimpia_14744,200,2.03,1.5,ES / FR 2,1.0,/public/products/featuredImage-1733492372195-db51a0a1.jpg,False
86db4679-2bdd-4c19-9e01-9b0da8cfa034,Pistola de Massagem,masaje_g-1509,200,10.2,1.5,ES / FR 2,500.0,/public/products/featuredImage-1760547839691-79c3a29f.jpg,False
a4c70087-31e3-4477-b011-50d57a70032f,Microfone de lapela 2 em 1 com gravador de voz - Sem fio,wlavalier_g-1281,100,8.4,1.5,ES / FR 2,900.0,/public/products/featuredImage-1765392715292-d74a8d35.png,False
c2458225-c4be-4d53-a119-da60e7a34589,Escova e secador de cabelo de 1000 W - Alisa - seca e dá volume em um só passo,cepillosec_13986,200,13.75,1.5,ES / FR 2,900.0,/public/products/featuredImage-1774451688005-e5f00bd5.png,False
db22eafd-3552-49b2-bfb9-81e055c80e25,Teclado Bluetooth Dobrável SANDA SD-3745,teclado-blanco_sd-3745,40,20.85,1.5,ES / FR 2,1.0,/public/products/featuredImage-1737121410994-74a5cac7.jpeg,False
e96f7bb3-4775-4b1d-9399-8708eff436d1,Robot Aspirador Inteligente 3 em 1,robotasp_15586,20,18.6,1.5,ES / FR 2,1.0,/public/products/featuredImage-1733324882784-f7d30d50.jpeg,False
49ca24b4-7af9-4eea-854f-87c2cc7b2257,Suporte carregador sem fio para carro,suppcar,100,8.2,1.5,ES / FR 2,1.0,/public/products/featuredImage-1730981546626-ce1b697d.jpg,False
7270fed1-3ba5-4067-90d2-a611feb749a1,Depilador de Sobrancelhas Finishing Touch Flawless,depicejas_13330,300,2.4,1.5,ES / FR 2,900.0,/public/products/featuredImage-1746018924978-9c294c18.jpeg,False
da3955d5-544e-4f47-845e-c40a14c7dc31,Combo de 2 Unidades da Luz Magnetica com Sensor,luzmagnetica_15479,700,11.2,1.5,ES / FR 2,1.0,/public/products/featuredImage-1762362206861-b2f46e59.png,True
50347e3b-8917-4ade-8afc-82447bddee57,Combo de 2 unidades da Cinta Suporte Lombar,ycsoportelumbar_14484,20,6.76,1.5,ES / FR 2,1.0,/public/products/featuredImage-1753874201559-3247b5fe.png,True
148a4eef-21e6-49fd-bef9-6c0869f366d8,Pincel esfoliante facial,exfolia_rosa-13397,200,3.51,1.5,ES / FR 2,1.0,/public/products/featuredImage-1733321314989-f1ad2278.jpeg,False
04358604-3965-435f-922f-6476270d713e,Creme de veneno de abelha para aliviar articulações e ossos,cremabeevenom,10,4.2,1.5,ES / FR 2,900.0,/public/products/featuredImage-1751120257276-0ec9809b.jpg,False
86ce8fb4-31c8-4229-a149-df0692dc2cd6,combo 5 unidades Sabonete Compacto para Cabelos  Elimina Cabelos Brancos,jabon_15620,90,11.7,1.5,ES / FR 2,1.0,/public/products/featuredImage-1751368975901-5151c5db.jpg,True
f8d74992-9456-4f75-8bac-d9009493fe35,Combo de Shorts de Yoga Amarelo e Cinta Corset Redutor,fajareduc_15237,20,6.28,1.5,ES / FR 2,1.0,/public/products/featuredImage-1753723523020-5e768f29.jpeg,True
8fd875d4-3648-46ff-aa95-a6fe14ee7cf0,Rolinho de Gelo Facial,rodillohielo_13934,100,3.56,1.5,ES / FR 2,1.0,/public/products/featuredImage-1747236907163-c63a026e.jpeg,False
9a95a881-70fc-4894-a326-f53a33b26762,Esterilizador de Escovas de Dentes,esteridentl_14147,100,5.09,1.5,ES / FR 2,1.0,/public/products/featuredImage-1733927580738-7d3373d3.jpeg,False
75e1702a-d3d2-46aa-b6c9-e09ff0861067,Esterilizador de Escova de Dentes,esterelicepi_13724,500,5.57,1.5,ES / FR 2,1.0,/public/products/featuredImage-1734028161832-c54cca21.JPG,False
cf7fe5b3-da77-4f9e-ae4d-80de2bcb1d95,Ventilador portátil de 3 velocidades,venti_bolsillo14945,200,3.15,1.5,ES / FR 2,1.0,/public/products/featuredImage-1733494111295-f08c41cf.jpeg,False
7a1a614e-7f06-479d-bff8-61948d20d3fc,Base de Maquiagem CC com Abacate - Hidratante - Corretiva e Multifuncional - Controle de Oleosidade - Cobertura Natural,ccaguacate_15512,400,3.41,1.5,ES / FR 2,1.0,/public/products/featuredImage-1746722095433-69cef55d.jpeg,False
9704f36d-564d-4396-af4e-fd7dbccee1dd,Caixa de Som Bluetooth Portátil KIMISO KMS-246 - Som Potente e Design Compacto,ksm246alt_v-8486,80,12.25,1.5,ES / FR 2,900.0,/public/products/featuredImage-1759508920496-abef6d1d.png,False
049ad1d3-368e-45f2-b414-8d0a0ba1f01b,Auto Radiocontrol para Crianças com Dupla Rotação,auto360rc_14879,100,23.0,1.5,ES / FR 2,1.0,/public/products/featuredImage-1736957460469-32d87799.jpeg,False
8e3ed677-4aa9-4b76-a6a9-7026510c668b,Creme de sebo bovino - bálsamo de sebo com mel - recipiente de plástico,evilgoods_15913,1400,4.2,1.5,ES / FR 2,900.0,/public/products/featuredImage-1751121629655-c568c32f.jpg,False
b90b0b35-bac6-4c7d-9b08-4530a8ea6d16,HOEGOA Óleo de Batana 100ml - Crescimento Capilar Natural e Reparação Profunda,batanarose,60,4.65,1.5,ES / FR 2,900.0,/public/products/featuredImage-1762294061057-75e7255b.png,False
cf74cdd8-8b7a-45aa-9197-c7a2a0892052,Contorno de Olhos Reafirmante Antiarrugas com Placenta de Ovelha - 50g,placentadeovejan,200,4.7,1.5,ES / FR 2,900.0,/public/products/featuredImage-1747489636130-5a3d7945.png,False
c51750ea-ca81-4ce8-8fad-2af5a0c0c9e2,Almofada para pernas,legpill_13441,300,3.55,1.5,ES / FR 2,1.0,/public/products/featuredImage-1746215789479-aa7557f5.jpeg,False
740a489e-de8e-485a-acec-822e505cb2a1,Óleo Líquido Concentrado para Cuidado da Pele,concenglobulblan,100,5.6,1.5,ES / FR 2,1.0,/public/products/featuredImage-1737051962196-0e2db9f2.png,False
24c03501-6acc-4f2e-9bfc-254b9718165e,Ferro de Engomar a Vapor Portátil,planropa_14949,300,8.66,1.5,ES / FR 2,1.0,/public/products/featuredImage-1733693077368-df0e5a95.jpg,False
b1340ee2-5222-4432-935f-8b01bd6689e9,Cabo USB 2 em 1,cabl2en1_gl69607,100,2.6,1.5,ES / FR 2,1.0,/public/products/featuredImage-1737034902613-0c892226.jpeg,False
ea92e9b6-7447-4f80-8407-019e7639dcdc,Ampola Esfoliante de Arroz Preto 100ml - Renovação e Luminosidade Naturais,arroznegroexfoli,100,4.4,1.5,ES / FR 2,900.0,/public/products/featuredImage-1774452692383-a4a0f717.png,False
5fed0698-f277-4318-9eae-3f5bb73065e3,Varal de roupas dobrável de 3 níveis com abas laterais - Aço inoxidável branco e azul,percheroro_16029,200,16.85,1.5,ES / FR 2,900.0,/public/products/featuredImage-1765409457605-1fa2efe1.png,False
7c7bd5e7-36d0-4c27-ab4a-ca0fb36abdda,WEST e MONTH Sérum Reforçador de Colágeno 30ml,westmonthserum30,100,3.65,1.5,ES / FR 2,900.0,/public/products/featuredImage-1760447401855-056488e0.png,False
efe1dda5-7222-4c95-aa16-7fd9571e9e99,Ventilador de teto LED multifuncional com controle remoto,ventitecho_15849,10,8.1,1.5,ES / FR 2,900.0,/public/products/featuredImage-1750078335767-46c14256.png,False
9be61d2d-52e5-4163-a023-45cfb766c32a,Caixa de Som Bluetooth M9 Mini,speakerm9_v-5702,200,5.7,1.5,ES / FR 2,1.0,/public/products/featuredImage-1746886229183-62609f30.jpeg,False
16940467-d972-4b4b-8d61-b5431df85f4a,Afeitadora Surker Ouro,afeitaoro_14459,400,6.62,1.5,ES / FR 2,1.0,/public/products/featuredImage-1733497062023-afe1bdc7.jpg,False
b6eaa1ea-4f49-40b7-9a04-6b40e4a2e7a5,VITAMINA C LIPOSOMADA LIPOSOVIT-C 90 Cápsulas,552232,700,8.31,1.5,Espanha 7,500.0,/public/products/featuredImage-1763043048133-220af1b0.jpg,False
ae7985f5-2ffb-4d39-bb02-e37b1e40cf7b,Pistola de Espuma,pistolaespum4in1_15082,80,6.57,1.5,ES / FR 2,1.0,/public/products/featuredImage-1733762588301-c4771ce6.png,False
24515252-6547-4169-85fb-13a63f5cba29,PISTOLA DE BURBUJAS ANGEL,burbujas_15395,200,5.6,1.5,ES / FR 2,1.0,/public/products/featuredImage-1733505112979-c647df96.jpeg,False
b90a8a91-3b2f-4280-a055-495bbdef2d9e,Creme Facial Hidratante com Colágeno para Rejuvenescimento e Elasticidade da Pele,cremaperla-tuz,200,7.15,1.5,ES / FR 2,1.0,/public/products/featuredImage-1737127089574-e684fbef.jpeg,False
fbaa6ffe-1e3d-4ed8-9719-eba3f95a8a03,Sérum Revitalizante,serumreafirmrevi,100,4.6,1.5,ES / FR 2,1.0,/public/products/featuredImage-1737116448887-35579c62.jpeg,False
04011daa-d7ad-41b4-a1b0-cdcc779c1ca5,Creme firmador para o contorno dos olhos,tensor_16131,400,3.7,1.5,ES / FR 2,900.0,/public/products/featuredImage-1776045116292-6e17ce8d.png,False
64509c26-78ca-46cf-a990-665b16c5d242,Suporte magnético para aspirador de pó 360 - Ventosa forte e dobrável para celular,magnetic_gl70024,100,4.65,1.5,ES / FR 2,900.0,/public/products/featuredImage-1748064961978-c46c0b45.png,False
7fb33cbc-5ed3-49bd-8389-c635fe66701f,Loção Corporal Nutritiva com Abacate 200ml,locioncorpoaguac,200,3.1,1.5,ES / FR 2,1.0,/public/products/featuredImage-1737119220999-364cc7d0.jpeg,False
edfcacf1-792a-468f-acba-338908bed5fc,Conjunto esportivo feminino Vermelho,conjuntorojo_15289,40,5.59,1.5,ES / FR 2,1.0,/public/products/featuredImage-1733417890367-4e8ae23b.jpeg,False
fe5ac72b-be12-4be0-82e7-eabdef6f941e,Luz RGB aquático,luzacuatico_13811,20,4.07,1.5,ES / FR 2,1.0,/public/products/featuredImage-1733488383338-a8c7834b.jpeg,False
a466e7cc-b74f-43a0-89c0-978ce00b5917,Óculos de Leitura Progressivos com Bloqueio de Luz Azul,gafaslh_1509,200,1.7,1.5,ES / FR 2,200.0,/public/products/featuredImage-1740072781016-dd0c773a.jpg,False
b31eea1c-0799-4513-97be-9e27abfd4bc9,Massajador intenso térmico,masajeterm_15250,300,12.74,1.5,ES / FR 2,1.0,/public/products/featuredImage-1737548644538-14ebfe5a.jpeg,False
8b24802f-a62d-4d33-8e26-0b998508d999,Suplemento Natural 8 em 1 - Sea Moss - Ashwagandha - Black Seed Oil - Gengibre Extra Strength 19445 mg,seamoss_16057,152,4.2,1.5,ES / FR 2,400.0,/public/products/featuredImage-1760728586876-2cffe365.png,False
e2aada58-6173-45f8-b894-724d72db099c,Carro RC com Luzes,rcluces,100,13.25,1.5,ES / FR 2,1.0,/public/products/featuredImage-1732800139422-ab5791ae.jpg,False
100aa95a-149a-482b-9498-171c681da244,Massageador Cervical,masajecervical_14136,70,6.62,1.5,ES / FR 2,1.0,/public/products/featuredImage-1733937552489-b52a8811.jpeg,False
04b22052-d4de-4a66-b6d1-b330782f1cae,Combo de 4 unidades  Mini Camera de vigilância Wifi 1080HD,EMwebcam,100,21.2,1.5,Espanha 1,1.0,/public/products/featuredImage-1751973825929-7fc62216.jpg,True
9ee7ef24-be90-4941-94b1-ddb78d9c97c4,Capa de sofá marrom,fundasofad_13715,200,9.5,1.5,ES / FR 2,900.0,/public/products/featuredImage-1776463330917-ed45e870.png,False
53d219dc-eab5-4c37-b9da-27b3a1a4ed96,Anel de luz RGB de 10 polegadas com 45 modos RGB,ledrelle_gl70203,20,14.7,1.5,ES / FR 2,900.0,/public/products/featuredImage-1765976005655-b825ee2e.png,False
4d25ea95-0fda-4261-a016-618823c2a5d7,Rosa Preservada,rosapreser_15734,100,8.7,1.5,ES / FR 2,1.0,/public/products/featuredImage-1736947812258-5abf0f72.jpeg,False
74d1ddc4-4623-4ad1-8f11-33c674c46358,Lâmpada Solar Grande com Painel,lampgr_ab-5590,100,29.06,1.5,ES / FR 2,1.0,/public/products/featuredImage-1732881219300-02a9ec2c.jpg,False
1c15fd71-de9c-4c7e-ae5d-eac4b81cd6f6,Balança de bagagem portátil 50kg,sd-4209,100,3.7,1.5,ES / FR 2,1.0,/public/products/featuredImage-1736940391011-e516b0d0.jpeg,False
76593182-2663-489e-b45d-37786269d415,Frasco de spray de óleo de 200 ml,sprayaceit_13933,100,4.05,1.5,ES / FR 2,900.0,/public/products/featuredImage-1776255649587-a1fa05a7.png,False
8c43d4fd-0aa0-44db-871b-9c4a41845f94,Lanterna Frontal com Sensor LED,luzbl-g28_15091,100,4.58,1.5,ES / FR 2,1.0,/public/products/featuredImage-1733696158746-6684752d.jpg,False
420c4245-baef-4ceb-80a3-8845e9ac045b,Creme Rejuvenescedor e Preenchedor com Colágeno e Peptídeo Ativo - 50ML,colagenoypeptido,200,4.7,1.5,ES / FR 2,900.0,/public/products/featuredImage-1747484208597-65962832.png,False
88e9fcd7-b126-4bfd-8e76-a407533a9693,Mini Caixa de som,minialtavoz,20,10.0,1.5,Espanha 1,200.0,/public/products/featuredImage-1775816438442-517f597b.jpg,False
24759897-6e91-4b59-b5e4-506b4f537418,Caixa de som portátil Bluetooth BS-11 com luzes RGB e som surround,altavozbs_v-8471,100,6.1,1.5,ES / FR 2,90.0,/public/products/featuredImage-1760384456934-862c8a98.png,False
bd7759bd-fc76-4ac4-86a9-e3ac0e410f49,Dispositivo de Streaming Full HD,display_gl69611,400,8.7,1.5,ES / FR 2,1.0,/public/products/featuredImage-1737128007449-c4ad2962.png,False
38e03aa2-0d71-41f2-8523-37a246b3bf54,Máscara Facial com Carvão de Bambu,mascarilla_46953,300,2.53,1.5,ES / FR 2,1.0,/public/products/featuredImage-1733693648950-64f5c1e3.JPG,False
a7234fd7-10c3-4ce3-be6b-ed5831cb2114,Creme Facial Clareador de Cuidados de Luxo - 50ML,blanqueadoralujo,100,6.2,1.5,ES / FR 2,900.0,/public/products/featuredImage-1747483899085-1ecef252.png,False
de928a7b-c42b-4c3a-8a4b-9ce0f911103f,Limpador de pincéis,limpiapincel_15418,200,3.05,1.5,ES / FR 2,1.0,/public/products/featuredImage-1736786508336-c70886eb.jpeg,False
07eb9f3e-6f63-4fde-badd-9a8d48efba8c,Limpador de Olhos para Pets 100 ml - Retinol Complex,limpiadordeojos,100,5.65,1.5,ES / FR 2,900.0,/public/products/featuredImage-1766340912659-e3cbcf71.png,False
3dab3a74-820e-45e5-b6c7-249e8f362be0,Chapinha Geemy,plancha_13507,60,10.19,1.5,ES / FR 2,1.0,/public/products/featuredImage-1733417990339-619ae17c.jpg,False
29331b82-2f33-48f8-b5f6-747ca3810d9f,Creme Facial Clareadora com Extrato de Pérola,cremaextracperla,200,4.1,1.5,ES / FR 2,1.0,/public/products/featuredImage-1737052164959-162acc73.jpeg,False
7ab4eb9d-0969-4a38-8bbb-f3c4b697fe3d,Organizador de Maquiagem com 2 Gavetas,organizado_14492,100,6.62,1.5,ES / FR 2,1.0,/public/products/featuredImage-1738589142959-1d81a958.png,False
232f1282-fc82-4c64-9cbb-b4e2cecb8bab,Projetor Astronauta,astronauta_v-8053,3000,11.72,1.5,ES / FR 2,1.0,/public/products/featuredImage-1732885875307-0827a5f2.jpg,False
9311fd7d-9962-45f4-96ae-547b0c91507c,Creme facial Bianco Latte 110ml DDonna,bianco-cream,100,3.2,1.5,ES / FR 2,900.0,/public/products/featuredImage-1775048456534-2857cd49.png,False
5fb5fc3c-84fb-4d04-bff4-f3205c168b5b,Myo-Inositol - D-Chiro Inositol - Berberine - Vitaminas D3 - K2 - 16 em 1 Extra Strength,myo_16058,100,4.2,1.5,ES / FR 2,400.0,/public/products/featuredImage-1760527876298-3671773a.jpeg,False
0f08a0ad-4c94-424c-b1e9-fd77f36dcd9d,modelador de cabelo automático v2,rizadorpro_15172,200,15.8,1.5,ES / FR 2,1.0,/public/products/featuredImage-1733500833342-88d3cff9.jpeg,False
38e71d24-f06e-40ed-abf1-fa6d4b96da59,Boneca Princess Aerocraft,munecprinc_14827,400,4.38,1.5,ES / FR 2,1.0,/public/products/featuredImage-1733752781565-5b8c4ac5.jpeg,False
84eeec72-c612-49a7-8dbb-25ae0db0a75d,Máscara Facial Ácido Hialurônico,mascara_46954,100,2.53,1.5,ES / FR 2,1.0,/public/products/featuredImage-1733409670264-7d5978c0.jpeg,False
6481fcd8-07e4-4bd2-89c2-89d988eee7ec,Mini Móvel,minimovilv-6126,200,10.7,1.5,ES / FR 2,1.0,/public/products/featuredImage-1734036653264-80c7bf42.JPG,False
c6e1dc4d-b0f8-44b4-81dd-4ead202e928d,Jogo de Mesa Batata Frita,papasfritas,100,9.2,1.5,ES / FR 2,1.0,/public/products/featuredImage-1733235641395-c518e574.jpeg,False
36678ede-ca3e-45ca-ab1b-2c0631e6bda2,Corretor de postura infantil,correcnino_15365,100,5.09,1.5,ES / FR 2,1.0,/public/products/featuredImage-1733486749682-88ddfa1f.png,False
bca76866-eea9-4219-a02a-3c013fb17513,Máscara EELHOE Absorvente de Colágeno,eelhoemask_15681,200,3.97,1.5,ES / FR 2,1.0,/public/products/featuredImage-1756991353344-a5af3413.jpeg,False
b2ac7f10-7658-4c61-bf12-df91c138befb,Combo de 2 Modeladores Corporal Preto M - 1 Body Emagrecedor bege L e 1 Faixa Culote Bege,bodyslimnegro1_m,80,19.84,1.5,ES / FR 2,900.0,/public/products/featuredImage-1751646741092-18adbe7f.jpeg,True
de6ec63d-9dbb-40ec-bbb9-fa4cce815be6,Esfera voadora controlada manualmente,helicopte_v-7187,500,5.05,1.5,ES / FR 2,900.0,/public/products/featuredImage-1771873145067-9714b596.png,False
1b88119b-8aa8-4a86-9afe-847d23c5af1a,Máscara reparadora e calmante de aloe vera,reparadoraalover,200,4.65,1.5,ES / FR 2,900.0,/public/products/featuredImage-1749433828502-752c5740.jpg,False
1133c8e1-6608-4c00-9cb9-02ada0871ffa,Mochila Mamãe de Fraldas Multifuncional Dobrável,mochilmama_15604,40,14.6,1.5,ES / FR 2,1.0,/public/products/featuredImage-1733319426150-b158dce3.jpeg,False
a17eae4b-8315-46b1-9fa4-f2cd2d2cbea5,Audífono Amplificador,audifono_15516,30,9.6,1.5,ES / FR 2,1.0,/public/products/featuredImage-1746241266205-24e83d7e.jpeg,False
cadcf9ce-e6e1-40df-a4c4-fc5b66ae16db,INMUNO 30 Cápsulas,552035,700,5.45,1.5,Espanha 7,500.0,/public/products/featuredImage-1763042272074-45d957e8.jpg,False
e185e397-c97e-4491-8f74-4b79f3230792,Combo de 4 unidades do  Massageador de Pés,piesyartic_,200,35.36,1.5,ES / FR 2,1.0,/public/products/featuredImage-1751973777213-7f10a900.jpg,True
752c42c6-916d-47a0-939a-acb078c8ca1a,Bolígrafo 3D,boli3d_14676,200,9.17,1.5,ES / FR 2,1.0,/public/products/featuredImage-1733926199007-15f500cb.jpeg,False
accf7685-60cf-4e79-b27b-139e3cb1d371,Massageador Elétrico de Couro Cabeludo - Relaxamento Profundo e Estímulo Capilar,scalp_15964,90,15.2,1.5,ES / FR 2,900.0,/public/products/featuredImage-1759507775616-4305fcde.png,False
c892ad1b-4b19-4ab9-a6ca-35e59cb69c4c,Liquidificador portátil de 300ml,batidora30_13570,100,10.5,1.5,ES / FR 2,900.0,/public/products/featuredImage-1769608425738-cda9fb51.png,False
338b6e0d-48d9-41b0-aca4-d4380f7ee167,Depiladora aparadora Daling,hojilla_13466,100,10.2,1.5,ES / FR 2,1.0,/public/products/featuredImage-1733407524568-55643cfd.jpg,False
93e4f832-21ab-4d54-9ad6-c3257dda405b,Jogo de Mesa Portátil,futbolin1,100,17.9,1.5,ES / FR 2,1.0,/public/products/featuredImage-1733226318063-47198a3b.jpeg,False
d641f863-96c0-4da7-a15a-32aadc6f1255,Combo de Difusor branco de oleos essenciais e Óleo essencial Flor de Azahar,difusor_blanc-15374,100,14.26,1.5,ES / FR 2,1.0,/public/products/featuredImage-1752160248739-c245ebf9.jpeg,True
896eda93-44d2-48e3-8020-6015454140f8,Luz Solar para Jardim,luzjard_ab-ta125,40,5.09,1.5,ES / FR 2,1.0,/public/products/featuredImage-1732881576704-0ee8c3c0.jpg,False
5eb2a142-31cd-451e-82ab-011ee7ce2eac,Máscara Capilar Reparadora 500ml,maskpelo_15621,200,4.49,1.5,ES / FR 2,1.0,/public/products/featuredImage-1733407696922-2fea1ab0.jpg,False
f4148a23-cf4f-46dd-aec9-58d59786e6c1,Combo de 2 Unidade Creme Anti-Idade com Colágeno e Peptídeo Ativo - 50ML,antiarrugasplapt,100,9.3,1.5,ES / FR 2,900.0,/public/products/featuredImage-1750851237002-eb74ecd9.jpg,True
d04029ad-540f-4b0a-83ca-30260dcbd4cb,Óleo Anti fungos revitalizador de unhas,emantih,30,2.9,1.5,Espanha 1,300.0,/public/products/featuredImage-1746955080693-93d8c605.jpeg,False
ea84226b-2bb4-43cc-94bc-48bcbaf1371e,Raquete Mata-Mosquitos,raquetmosq_14127,100,7.13,1.5,ES / FR 2,1.0,/public/products/featuredImage-1733496093551-4ea1a5c9.jpeg,False
a07af083-2922-4617-a3a1-70fde776ff2e,Ventilador 2 em 1 - portátil de mão e de mesa,venti_gl69755,400,2.2,1.5,ES / FR 2,900.0,/public/products/featuredImage-1759511505105-79fafeff.png,False
4a24a03d-df4d-410d-ba06-65502c910c3a,Auriculares anti-quedas,aurcaidav-8128,100,11.72,1.5,ES / FR 2,1.0,/public/products/featuredImage-1733926326524-f73cf71a.jpeg,False
919d0710-e0e7-482e-bd88-610c364f7d21,FÉRTIL M 45 Cápsulas  mais 45 Cápsulas,552028,800,8.28,1.5,Espanha 7,500.0,/public/products/featuredImage-1763050338682-c90eb4c7.jpg,False
1d1700e3-9159-49ac-9fe2-c457a92beeca,Camara de Segurança,soportechupito_13858,200,4.58,1.5,ES / FR 2,1.0,/public/products/featuredImage-1733490504287-2a3c4443.jpeg,False
ead031e5-fa6a-4b0f-a569-826c4c21af14,Corretor de Postura Ergonômico,corse_s,90,4.57,1.5,ES / FR 2,200.0,/public/products/featuredImage-1740572573553-46b71ced.jpeg,False
2d5f49c3-7c86-4236-9f71-7c63231601cd,Organizador de cozinha multiuso,organizadorcocin_15351,100,7.64,1.5,ES / FR 2,1.0,/public/products/featuredImage-1733762900196-8dd32ba0.jpeg,False
62489e2b-04f5-4871-bfd1-950c6e26b7dc,Ventilador de Pescoço,cuelloventi_gl69295,20,8.66,1.5,ES / FR 2,1.0,/public/products/featuredImage-1733491058112-7c3d681f.jpeg,False
7daffd20-a70f-4e40-b308-d95e205ce84d,Headset Gamer A66 com Luz RGB,auricular_g-1224,50,14.5,1.5,ES / FR 2,200.0,/public/products/featuredImage-1738248958636-a1078f50.jpeg,False
a45106fe-6490-4487-85df-17e96327b2a9,Óleo Capilar Arabian Essence 100 ml,aceitecabellokis,200,4.2,1.5,ES / FR 2,900.0,/public/products/featuredImage-1765974356303-12ec30a7.png,False
89530dd7-6f83-44f5-a993-22de4ee07f0f,Dispensador de Mel,miel_15256,200,3.36,1.5,ES / FR 2,1.0,/public/products/featuredImage-1734035709675-62bda5c8.JPG,False
ba214d0a-24b2-4d2c-9213-3df34974b43c,Combo de 3 unidades Joelheira,rodillera_15360,200,8.25,1.5,ES / FR 2,1.0,/public/products/featuredImage-1751973566632-91ade1b1.jpeg,True
bea594a8-dd32-4a9e-8df8-7d6f87770020,SÉRUM CLAREADOR,blancodiente_15232,100,2.5,1.5,ES / FR 2,1.0,/public/products/featuredImage-1741032881261-609f94ad.jpeg,False
84b3231a-c138-44d0-828d-6d3eb3ab66bf,Paleta de Maquiagem ONEYIOO,paletadeoneyioo2,200,11.2,1.5,ES / FR 2,900.0,/public/products/featuredImage-1765978411157-18b51ac4.png,False
634c6870-cf59-41cb-ba66-284fe481be08,Cinta Redutora de Cintura,fajacint_13830,300,4.58,1.5,ES / FR 2,1.0,/public/products/featuredImage-1732884157729-6a06dbaf.png,False
a0d10968-71fe-4bb5-9944-8f2ad043a46d,Blackbox DVR de Lente Dupla para Veículo 1296p com Tela LCD 3 LTPS - Segurança Avançada na Estrada,dualcar_v-8506,70,18.2,1.5,ES / FR 2,900.0,/public/products/featuredImage-1759506964402-6fb73099.png,False
6036c942-d528-4708-a698-b79e1784875a,Máquina de Cortar Cabelo Profissional Original VGR para Homens - Kit Completo de Barbeiro Recarregável,vgr949_15608,90,12.2,1.5,ES / FR 2,900.0,/public/products/featuredImage-1765407495183-1d6a82bd.png,False
24751948-f5bc-46b6-a4e2-9c06c56c513a,Massageador Facial EMS,eyepulse_15275,200,4.53,1.5,ES / FR 2,1.0,/public/products/featuredImage-1733922450272-aba178ff.jpeg,False
dd0f93db-9acd-480c-b640-07d87d609da4,Carro Stunt,cochestunt_8435533121601,100,15.75,1.5,ES / FR 2,1.0,/public/products/featuredImage-1733752016509-1a63af98.png,False
1a34a596-2aa7-49d7-8a9f-7c3410942d4e,Polvos Bunee para Cabelos,polvocana_black15606,100,3.56,1.5,ES / FR 2,1.0,/public/products/featuredImage-1733939556036-3ce6aec3.jpg,False
7dfdee43-a13b-4278-a3be-67c9ff08ef20,Protetor solar universal dobrável para carro,parasol,200,5.2,1.5,ES / FR 2,900.0,/public/products/featuredImage-1753362365649-a9a953d2.png,False
b529ee4a-702d-41a2-99ab-da78ef32343b,Leitor de Código de Barras de Mesa Leitura Rápida e Precisa,escanerc_gl69182,200,46.5,1.5,ES / FR 2,900.0,/public/products/featuredImage-1745935335385-28a6535d.jpeg,False
db47545b-47cb-4b63-8116-5afaf8273fa4,COLAR 1 VC  CAIXA DO COLAR,trebolcajablanco,10,2.9,1.5,ES / FR 2,1.0,/public/products/featuredImage-1733928304844-5d5f1cea.jpg,False
4491031c-fd52-46ae-b17b-0834ecd89d73,Mopa com Balde Giratório,fregonagiratoria_15234,10,13.76,1.5,ES / FR 2,1.0,/public/products/featuredImage-1732796463823-c908c545.jpg,False
31e25734-048a-423a-ac47-a2a61f50fa59,Protetor Bucal Antirroncos,protebucal_15704,400,7.2,1.5,ES / FR 2,1.0,/public/products/featuredImage-1733314767347-2667671c.jpeg,False
943075a2-8c84-4344-8716-7f50e6abf3a9,Base Espiral,baseespiral_0105,70,2.54,1.5,ES / FR 2,1.0,/public/products/featuredImage-1733503241717-11ab43a6.jpeg,False
a5f1e982-1320-47fc-9533-f9f55f5039be,Máscara Facial Iluminadora de Laranja,mascariluminador,100,2.2,1.5,ES / FR 2,900.0,/public/products/featuredImage-1747937369827-47ea3d57.jpg,False
33f9cb4f-9186-4f47-837f-5cde8418af6e,Combo de 3 unidades do Air Cooler,aircooler_14088,100,19.11,1.5,ES / FR 2,1.0,/public/products/featuredImage-1751649335876-d95bd7be.jpeg,True
ea63241a-bd2c-4d92-b615-b2217fe24e32,Chaveiro Carregador Tipo Lightning 2220mAh,llaverocargaios_v-7790,60,4.58,1.5,ES / FR 2,1.0,/public/products/featuredImage-1733764526124-45827ba2.jpeg,False
7b26c739-e2fb-4054-ae36-a94f64f0e54b,Fone de ouvido sem fio Bluetooth AirMax,cascappl-bla-v-7017,200,7.7,1.5,ES / FR 2,500.0,/public/products/featuredImage-1776784441711-2a4e7920.png,False
e2bc05dc-59e2-4fd3-a5e0-2cdb93150bd5,Cabideiro Triangular 55x742x160cm,trianglerack_15048,60,10.19,1.5,ES / FR 2,1.0,/public/products/featuredImage-1746883087024-3489bb49.jpeg,False
68706d36-8be1-4d27-9533-5c147b674dd4,ENZIMAS DIGESTIVAS 60 Cápsulas,552078,500,6.78,1.5,Espanha 7,500.0,/public/products/featuredImage-1763049868007-34fadeb4.jpg,False
72441a63-1f73-4889-9013-1698819d7edb,Luz Solar 20W,luzsolar_v-7952,100,3.5,1.5,ES / FR 2,1.0,/public/products/featuredImage-1734036842252-24813ba9.JPG,False
10f89991-97e2-40f3-951e-20ff9c0f8df7,Relógio Inteligente Pulsera 7 em 1,setreloj7correas_v-8081,100,17.6,1.5,ES / FR 2,1.0,/public/products/featuredImage-1737124396574-756cf88c.jpeg,False
07838495-9178-485b-97d7-e224aa9abb88,Pelúcia de Unicórnio,unicornio_15004,100,3.4,1.5,ES / FR 2,1.0,/public/products/featuredImage-1736945332869-2b0fefe1.jpeg,False
ec2e6f5a-d19b-4535-8432-7da074665124,Cinta Sauna Slimmer,fajaslmer_13765,100,4.07,1.5,ES / FR 2,1.0,/public/products/featuredImage-1732883789117-c197cf1f.png,False
9f88c25f-456a-4914-9603-a6e9b1e1f4b0,Ultra HD TV98 TV STICK,cmn-042-128gb,30,13.63,1.5,Espanha 1,100.0,/public/products/featuredImage-1742323996760-bf46e1ac.png,False
08751d67-5305-4eaa-8c85-1184024e8615,Câmera Zoom 8X,camara_v-8238,60,15.8,1.5,ES / FR 2,1.0,/public/products/featuredImage-1746887939181-970b8c21.jpeg,False
cca1275b-0d87-4c74-b9ed-e04c80ce50a1,combo 3 Cremes com detox para os pés,EMCremawart,700,10.15,1.5,Espanha 1,1.0,,True
e3dc6133-daff-4e4d-b416-485ebe1c64a5,Essência Rejuvenescedora Antirrugas com Extrato de Ginseng,esencextracginse,100,3.6,1.5,ES / FR 2,1.0,/public/products/featuredImage-1737132392295-c770ced2.jpeg,False
a5b8ce72-d4a8-4fa7-96bf-45fd46b3ec27,Óculos Inteligentes Bluetooth com Controle Tátil e Proteção UV,gafaintel_v-7848,100,8.66,1.5,ES / FR 2,1.0,/public/products/featuredImage-1737048581161-77f12218.png,False
13cf7f58-e4c1-477c-9aab-0938fe66f066,Cinta Sauna para Academia,fajasaunatallal_14578,60,4.58,1.5,ES / FR 2,1.0,/public/products/featuredImage-1733495705751-65d6ac86.jpg,False
4425a5e5-2a62-4d64-bb1a-558eb849adc0,SET Soo Juicy Vitamina C e Pantenol - The Fruit Company,setvitaminacsoo,100,11.65,1.5,ES / FR 2,900.0,/public/products/featuredImage-1775770426282-503e7df9.png,False
2bf0ccd8-3155-4a6d-909f-36aae43bdbdb,Detox para os pés,emdetoxpies10,100,2.1,1.5,Espanha 1,300.0,/public/products/featuredImage-1718628241768-766b2c88.png,False
c8b74a09-6cc5-4058-917c-1ba7b5aa0874,Sérum Facial Calmante Centella Asiática,serumcentella,100,5.1,1.5,ES / FR 2,1.0,/public/products/featuredImage-1733400231939-80eabf94.jpeg,False
b132b04d-bd07-4e94-b809-e492d144210b,Console de Jogos Game Pad - 500 Jogos Clássicos,gamepad_15213,20,10.7,1.5,ES / FR 2,1.0,/public/products/featuredImage-1733400969891-97a19139.jpeg,False
4a5c7c95-542d-418a-a624-1c1978f0909d,Lanterna Multifuncional Útil,linterna_14777,60,10.5,1.5,ES / FR 2,1.0,/public/products/featuredImage-1756990818886-926d128f.jpeg,False
9e4386d7-7450-4271-8f7b-b9842d34be2c,Cílios magnéticos,pestaredon_15200,100,1.52,1.5,ES / FR 2,1.0,/public/products/featuredImage-1759260467009-791db623.png,False
3f6da513-f8d3-43e1-b629-ecee817361a0,Creme Elástico Essencial com Colágeno Polipeptídico 10g - 2 Seringas de 5g de Alta Firmeza e Precisão,peptidocollageno,200,4.4,1.5,ES / FR 2,900.0,/public/products/featuredImage-1774452526941-8e5a7109.png,False
81422131-8af8-4452-bc50-228ac4ade95d,Dispensador automático de água para garrafão,dispensado_13915,200,12.3,1.5,ES / FR 2,900.0,/public/products/featuredImage-1770832961988-e4f69ef7.png,False
933effba-70c6-40ee-8182-a2e562cc8b63,Cinta Suporte Lombar,ycsoportelumbar_14484,20,3.38,1.5,ES / FR 2,1.0,/public/products/featuredImage-1732883533531-58a8f227.png,False
59c36536-ceef-4edd-ad15-8076b174352c,Creme antirrugas com ácido hialurônico e funcho-marinho,cremahinojo,200,3.4,1.5,ES / FR 2,900.0,/public/products/featuredImage-1775770832956-1326cd56.png,False
fc0a6e1e-9326-4acb-bbd9-97b41f89d122,Pelúcia Dinossauro Azul,peluchedin_15021,100,7.7,1.5,ES / FR 2,1.0,/public/products/featuredImage-1736943954716-2558e329.jpeg,False
b844d765-3643-4c42-957c-decc3e640e82,Barbeador IPX5,ipx5_13502,200,11.72,1.5,ES / FR 2,1.0,/public/products/featuredImage-1733744711969-ce69cf4a.jpg,False
ab94c385-44c1-4e5f-a1b8-9909e1680351,Surker 2em1,surker_6948187122129,100,6.11,1.5,ES / FR 2,1.0,/public/products/featuredImage-1733405756310-341e8445.jpg,False
38f59654-8412-4fac-9da4-542df910daf6,Óleo Capilar de Queratina KORMESIC 100ml,aceitekormesic,200,3.9,1.5,ES / FR 2,900.0,/public/products/featuredImage-1776465093464-3e96051d.png,False
5822d27f-72c5-4cac-b488-eb1534840a98,Carrinho de brinquedo com controle remoto High Fun,cocheteled_14727,300,30.5,1.5,ES / FR 2,900.0,/public/products/featuredImage-1769609694871-727a4406.png,False
0678a557-82bd-4207-a0f9-eea249a6bc1c,Limpador de dentes ultrassônico,dentalsonic-azul_14766,70,6.62,1.5,ES / FR 2,1.0,/public/products/featuredImage-1733923319372-220b72d6.jpg,False
f0494487-4da9-4cb9-888d-8cbe12cdcc85,SKIN Therapy Rejuvenating Sonic Facial Cleanser,masajeadorrosa_14381,100,5.9,1.5,ES / FR 2,900.0,/public/products/featuredImage-1776434719245-ee4effc4.png,False
4d22b260-1b11-4cc2-abdb-f0632b444369,Culote com almofadas modeladoras,culotte_14576,100,6.11,1.5,ES / FR 2,1.0,/public/products/featuredImage-1733926990037-d1d40694.jpg,False
0ea00cce-2724-42c3-b775-13b5d1b7fba4,Marmita Térmica Elétrica 2 em 1 com Recipiente de Aço,34-bn3381,1300,11.2,1.5,ES / FR 2,1.0,/public/products/featuredImage-1733752919372-70f1e0d7.jpg,False
1b70755a-a0da-441f-aa7c-b66d92dc0a9a,Suporte Lombar e Modelador de Cintura,fajagrande_15762,80,5.0,1.5,ES / FR 2,900.0,/public/products/featuredImage-1746461609327-36c79282.jpeg,False
e161b343-3e52-46da-86b8-565421321c8a,Organizador de botas de tecido com 3 compartimentos de armazenamento,organizadorbota3,100,5.1,1.5,ES / FR 2,900.0,/public/products/featuredImage-1747058727212-440506e5.png,False
b1efab7b-77ab-47ec-9c12-f70f4ddfd652,Combo de Shorts de Yoga Verde e Cinta Corset Redutor,fajareduc_15237,20,6.28,1.5,ES / FR 2,1.0,/public/products/featuredImage-1753722656223-e8eb094c.jpeg,True
25dcbd56-d278-472a-867c-b91f633c3489,Máscara Capilar de Queratina,maskamalfi,200,5.1,1.5,ES / FR 2,1.0,/public/products/featuredImage-1733401341417-ef5ca3a8.jpeg,False
aa545bae-848c-49e3-b8d6-92e9ab9fd613,Bomba de ar elétrica portátil,hinchador_jn-058_15671,100,12.0,1.5,ES / FR 2,1.0,/public/products/featuredImage-1738250888948-028e81cd.jpeg,False
509876f1-cc55-42b5-b77d-55f66c70f869,Liquidificador Portátil,batipajita_15181,300,5.09,1.5,ES / FR 2,1.0,/public/products/featuredImage-1734036357580-1998171e.jpg,False
cfef7c40-a289-4878-80e7-7a76626f7088,Faixa Culote,beigeculo_14576,100,4.57,1.5,ES / FR 2,1.0,/public/products/featuredImage-1733323832482-72a4db63.jpeg,False
c81c2f2c-9c09-404e-92ab-35e073896998,Máscara Facial com Vitamina C,mascarilla_46855,300,2.53,1.5,ES / FR 2,1.0,/public/products/featuredImage-1747229405642-e7733510.jpeg,False
8bd16ef9-0494-4eaa-b59c-ab59a89958e6,Blocos de construção de dinossauro,dinosaurio_14817,100,3.7,1.5,ES / FR 2,1.0,/public/products/featuredImage-1737029595767-41fd098e.jpeg,False
bce91847-797f-4c7a-9ef6-11b2150ac323,Hidratante Sedoso de Abacate Orgânico - 50ml,sedosaguacateorg,200,4.2,1.5,ES / FR 2,900.0,/public/products/featuredImage-1749432634367-4af74a5d.jpg,False
56e90dbb-eada-4d84-a929-738ed4538807,Luva de cinco dedos para remoção de pelos de animais de estimação,guantespar_14243,100,2.1,1.5,ES / FR 2,900.0,/public/products/featuredImage-1771873429427-992d6450.png,False
29d01ce0-2e14-4670-8f7f-003dd09cebda,Kit Com 2 Unidades Controle de Jogo 4K,gamestic_gl69794,80,19.6,1.5,ES / FR 2,900.0,/public/products/featuredImage-1747166591124-be2217bf.png,True
bef3250a-cbb9-417f-a967-67a6b44448db,Combo de 2 unidades Joelheira,rodillera_15360,300,5.5,1.5,ES / FR 2,1.0,/public/products/featuredImage-1751370431653-2f4ae88d.jpeg,True
583a15b2-9fa1-4f38-9b89-a04f857b1916,Parafusadeira sem fio 4 ponto 8V com 47 peças ferramenta versátil para todo tipo de trabalho,destornill_15631,100,10.7,1.5,ES / FR 2,500.0,/public/products/featuredImage-1746023591770-57bf43b8.jpeg,False
eae1918c-c15c-4569-b18a-d26a477e602d,Aparador Glipper,glipper_14454,100,6.62,1.5,ES / FR 2,1.0,/public/products/featuredImage-1733420280275-db161e88.jpg,False
6f44c683-d413-460d-a980-8ad38d8621a2,Aspirador de pó portátil e prático para carro,aspiradora_15109,100,11.7,1.5,ES / FR 2,900.0,/public/products/featuredImage-1769187665217-1d316d5c.png,False
0e074f4c-c6af-4d5c-a518-69c6f5fa1ea8,Adesivos Analgésicos para Dor no Joelho,kneepatch_15499,500,1.7,1.5,ES / FR 2,1.0,/public/products/featuredImage-1737049943268-cd2d8eb6.jpeg,False
efe45f83-547b-4d9f-9fcd-bc10e9565378,Combo 2 unidades Luzes LED em Cascada para Decoração,luznavidad_15242,200,10.2,1.5,ES / FR 2,1.0,/public/products/featuredImage-1763384921602-603d31f1.png,True
caebda66-80fe-46be-8988-dc4fac03fad1,Lanterna Solar Multifuncional,lampmltif_sd-5735,200,6.11,1.5,ES / FR 2,1.0,/public/products/featuredImage-1732802425239-abf8b5c3.jpg,False
2adbe5e4-9fe4-4d39-bac2-4ce44eea66e7,Sanduicheira 750W 220V 50-60Hz,tostadoras_14159,20,14.95,1.5,ES / FR 2,900.0,/public/products/featuredImage-1775408493634-7ae7b9a9.png,False
a0716d11-1b63-4b41-b9e4-f396a428544f,Mini pistola de massagem,pistolamasaje_14101,500,12.74,1.5,ES / FR 2,1.0,/public/products/featuredImage-1733490920940-9610448d.jpeg,False
53b8ef83-a2d7-4a20-bb29-837d38e7270d,Combo de Três unidades da Mini pistola de massagem,pistolamasaje_14101,500,38.22,1.5,ES / FR 2,1.0,/public/products/featuredImage-1751975451837-f9c4d382.png,True
50b6d499-2075-4019-9a19-6038c1108a47,ÓLEOS ESSENCIAIS,esencia_azahar,70,3.54,1.5,ES / FR 2,1.0,/public/products/featuredImage-1733926117403-266c4166.jpg,False
e0aae639-23a6-4764-92a1-0c302f9dfd63,Body modelador costas Invisível,inbodylxl,100,5.0,1.5,Espanha 1,900.0,/public/products/featuredImage-1753706365990-83fb1f90.jpg,False
e9c8eaf3-0ca0-4c34-b4d5-d9d9a7065bba,Cortador de Pelo Recarregável para Animais,cortapelo_q-t180,20,12.7,1.5,ES / FR 2,1.0,/public/products/featuredImage-1739973399228-a7570711.jpeg,False
9fc89161-439a-4cff-9a04-da862be5d32e,Creme Clareador e Hidratante,cremablanqwhite,100,10.2,1.5,ES / FR 2,1.0,/public/products/featuredImage-1737120631569-ff891bc8.png,False
61241422-c1f0-40e7-b9ef-e21359038062,Combo de 2 Unidades do Suplemento Natural 8 em 1 - Sea Moss - Ashwagandha - Black Seed Oil - Gengibre Extra Strength 19445 mg -,seamoss_16057,90,8.4,1.5,ES / FR 2,400.0,/public/products/featuredImage-1760732657846-d75ae670.png,True
56c7a720-637b-47ce-a1a7-9059f131d786,Organizador de Escritorio,organizad_14645,100,5.5,1.5,ES / FR 2,1.0,/public/products/featuredImage-1732735016766-28468e93.jpg,False
62cc84d0-e08f-4ed4-a1f5-aca1e0ef463c,Modelador de cachos profissional automático rotativo,riazadorpe_14066,200,26.85,1.5,ES / FR 2,900.0,/public/products/featuredImage-1769192149235-8ecada4d.png,False
31d36b9b-7b4f-443f-9cd2-cde8500b60b3,Pinguim de Pelúcia Suave e Fofo,pinguinosu_15655,200,3.5,1.5,ES / FR 2,1.0,/public/products/featuredImage-1737723883127-466b7b11.png,False
8ba1d80a-b5e0-4d60-a478-f018db3d2b95,Primer de Maquiagem Hidratante,primerkarite24k,600,3.6,1.5,ES / FR 2,1.0,/public/products/featuredImage-1733330348434-df895c7b.jpeg,False
c16f80c3-5b0a-4a31-b43f-f75a2cebc9c1,Macaco de Pelúcia,monopeluch_14999,200,3.4,1.5,ES / FR 2,1.0,/public/products/featuredImage-1736944787054-48dfa2f5.jpeg,False
86e1dc31-9397-43ae-bb71-248c3165e94b,Smartwatch Mini 7 em 1,reloj7correas_7899676840040,100,15.7,1.5,ES / FR 2,1.0,/public/products/featuredImage-1737131554048-8fd42c87.png,False
a138d265-1271-4b7f-88d5-1d13d33199a8,Cinto de fitness para correção postural e suporte lombar,cinturonfi_14551,200,5.7,1.5,ES / FR 2,900.0,/public/products/featuredImage-1769603976640-ce14df21.png,False
51d967bd-599d-4257-b369-7f203c114ad0,Dispensador de água automático,dispens-h2o-14681,100,3.56,1.5,ES / FR 2,1.0,/public/products/featuredImage-1733488605074-20b6de38.jpeg,False
d474ff57-3df8-41a1-9b76-7f1202b4c4cf,Combo de 4 unidades do Air Cooler,aircooler_14088,100,25.48,1.5,ES / FR 2,1.0,/public/products/featuredImage-1751649387113-b6cb0045.jpeg,True
41cf06ef-fdcb-4514-aaca-786b3041cc60,Limpador Facial Orgânico Purificante de Abacate - 100g,organicoaguacatp,100,3.45,1.5,ES / FR 2,900.0,/public/products/featuredImage-1749432337454-205d17d6.jpg,False
b103f9a3-9a8e-4a84-bf5b-699b68753bb0,Humidificador luna,lunahumi_14183,200,7.64,1.5,ES / FR 2,1.0,/public/products/featuredImage-1733144538801-36bc911d.jpeg,False
5018ec4d-eae0-470c-8de5-3a0dc40f7eaf,Escova a Vapor para Animais de Estimação,cepillovap_15528,40,2.02,1.5,ES / FR 2,1.0,/public/products/featuredImage-1733405132532-35a7d352.jpg,False
ad6623d5-3602-4c79-bd7c-79f7a0d34b3b,Aspirador de pó portátil para carro - 12V - Compacto e potente,aspiradord_14234,200,22.6,1.5,ES / FR 2,900.0,/public/products/featuredImage-1769188557103-b18ccd1f.png,False
e6a177ad-dd25-45a5-9236-568adc5067c4,Relógio Mecânico Tokdis,relojtokdis-negro_14866,40,12.7,1.5,ES / FR 2,1.0,/public/products/featuredImage-1737038022682-7e986ec6.jpeg,False
5eedec8c-dc77-44d3-8b90-93394f1376a1,Gel de massagem calmante para articulações Ximonth,gelarticulaximon,200,4.2,1.5,ES / FR 2,900.0,/public/products/featuredImage-1752067673959-a5326092.png,False
74a924de-eb28-48a5-a000-880a24505cbb,Creme Facial de Criopreservação Milagrosa para Glóbulos Brancos - 50ML,criopreservacion,200,6.65,1.5,ES / FR 2,900.0,/public/products/featuredImage-1747485724693-62674355.png,False
0f27df8e-3647-4731-b1c3-253be39303fa,Bandanas  elásticas para ginástica,resistance_14230,30,4.58,1.5,ES / FR 2,1.0,/public/products/featuredImage-1733401880531-ec2cbee7.jpeg,False
1e4e80c7-45ea-4c3d-bf68-608e52472a40,Frasco spray de azeite de oliva de 100ml  preciso e elegante,aceitespra_13932,200,2.65,1.5,ES / FR 2,900.0,/public/products/featuredImage-1769606521118-15f12bcb.png,False
2be4a7cb-eac4-4d73-8bf3-f732b85251ea,Mini teclado sem fio com mouse Touchpad e retroiluminação LED,miniteclado_gl69440,200,5.6,1.5,ES / FR 2,1.0,/public/products/featuredImage-1733409889862-9b0c768d.jpg,False
fc7dbe82-730b-43ba-828e-6a561b473bfb,Body Fitness,bodyfit_13897,400,5.6,1.5,ES / FR 2,1.0,/public/products/featuredImage-1746724737588-ba208734.jpeg,False
c1475e1a-efa9-4ad2-92e6-e8c0f6cbe43d,Gorro ventilador,capvent_15439,200,4.07,1.5,ES / FR 2,1.0,/public/products/featuredImage-1733491448970-9717104f.jpeg,False
0fd73ee7-2d23-451c-86d9-371a6862b627,Console retrô DS5 2 4Gcom 2 controles sem fio,ds5consola_15058,30,24.4,1.5,ES / FR 2,900.0,/public/products/featuredImage-1771852575300-26f93bb1.jpeg,False
50be4fc3-2999-458e-bea5-a0be7cdf3cce,Smartwatch D11 Watch 4,smartwatc_w6-702,50,13.1,1.5,ES / FR 2,1.0,/public/products/featuredImage-1737028618765-c74d9927.jpeg,False
4835776f-e953-45f3-b84a-45c5fc01729c,Sérum Facial 2 em 1 com Óleo de Melaleuca e Colágeno 30ml,aceitearbolt30ml,100,3.2,1.5,ES / FR 2,900.0,/public/products/featuredImage-1760445473829-e0fedbda.png,False
5751124f-27e8-4639-9e1b-81565326857a,Cabeçal para banho bidê,cabezalbidet_6978020540162,200,5.6,1.5,ES / FR 2,1.0,/public/products/featuredImage-1733486924780-6ffa5b84.jpeg,False
1bbb816f-e683-4be6-9347-2d8e51986f2d,Aquecedor elétrico de cera quente para remoção de pelos,waxwarm_15867,80,10.0,1.5,ES / FR 2,900.0,/public/products/featuredImage-1760383440736-7f033cf8.png,False
227f91ba-81b8-40dc-ad81-b6881ae2d27b,Tenis Fast Pro Branco,EMFastproblanco40,400,10.0,1.5,Espanha 1,1.0,/public/products/featuredImage-1718710147620-a62f62dc.jpg,False
716eb2a9-1110-41ca-a430-da0929e6463a,Cortador 3 em 1 Precisão Total para Barba Cabelo e Nariz,cortapel_gl69975,200,9.7,1.5,ES / FR 2,900.0,/public/products/featuredImage-1745931255472-695036e8.png,False
fdbd1f4c-5dc5-4165-a3ab-648b91c618cf,Máquina de cortar cabelo profissional,cortapel_gl69963,100,4.8,1.5,ES / FR 2,900.0,/public/products/featuredImage-1747053317309-30de0527.jpg,False
449b6636-6a0c-4b25-8efc-3deb674d379a,Suporte magnéticas de anel duplo,soported_gl69364,100,2.6,1.5,ES / FR 2,900.0,/public/products/featuredImage-1750080905575-7edd75bb.png,False
a946480d-c8dc-4a1c-8922-86a47ce8351a,Aparador de Cabelo Dermaplace Flawless,cortapelo_8434921012132,1200,3.56,1.5,ES / FR 2,1.0,/public/products/featuredImage-1746239018777-b5ba8e9f.jpeg,False
8d2c0f02-58fe-4ca4-836a-ac3ab33a16a5,Sérum Facial de Ácido Kójico,serumkojic,100,4.2,1.5,ES / FR 2,1.0,/public/products/featuredImage-1733326783432-84e9ab7a.jpeg,False
f3f462e3-71a4-4955-9d38-31c77d442425,Meia Calça Anticelulite 70D,em-eletromedia,90,6.0,1.5,Espanha 1,500.0,/public/products/featuredImage-1761918181510-88cc232a.jpeg,False
138357b1-e222-47b2-8078-24f3da81401b,Cinta modeladora,faja_14570,50,4.58,1.5,ES / FR 2,1.0,/public/products/featuredImage-1733485335191-099e3e55.jpeg,False
479ccc1e-89ae-453f-8b03-89e9dff1b270,Aparador de cabelo e barba profissional VGR V-905 - Aparador de precisão com lâmina em T e 3 velocidades,vgr905_15748,100,10.2,1.5,ES / FR 2,900.0,/public/products/featuredImage-1765407779965-6e2a00f2.png,False
8066fbfe-006d-4806-bda4-3172498b8136,Cinta Corset Redutor,fajareduc_15237,20,2.73,1.5,ES / FR 2,1.0,/public/products/featuredImage-1732882497832-5ed430b6.jpg,False
b2b133b6-1539-4186-a6b2-0d5b2c99934f,Caneta portátil para alívio da dor,electroacu_14424,100,7.5,1.5,ES / FR 2,900.0,/public/products/featuredImage-1770836996165-74d24f0a.png,False
24d04b0d-6dba-4d86-900a-a6070b1fdf91,Purificador de ar doméstico com filtro de alta eficiência,purificado_13761,200,27.05,1.5,ES / FR 2,900.0,/public/products/featuredImage-1776256068665-0140d328.png,False
8764ed0f-d017-471b-b0b7-048f64297e68,Areador de Torneira Giratório,extengrifo_8054255655210,50,2.99,1.5,ES / FR 2,1.0,/public/products/featuredImage-1746240452158-351853ba.jpeg,False
68b9235c-1cdc-4199-949b-d949084e4811,Massageador ultrassônico,masajeador_14104,100,22.8,1.5,ES / FR 2,900.0,/public/products/featuredImage-1776438872494-2a921235.png,False
1e1d7eaa-dfe4-403f-b502-9c412e8d509f,Mesa de Cabeceira Criativa e Simples,mesitamini_15699,100,6.7,1.5,ES / FR 2,1.0,/public/products/featuredImage-1736948407353-4d9dc2b8.jpeg,False
89a6d9f4-a26b-4685-93c3-6ed60d0dbdcb,Spray de sérum facial hidratante EELHOE com trufas brancas,eelhoetruffas,600,4.2,1.5,ES / FR 2,900.0,/public/products/featuredImage-1751121967534-c51572f0.jpg,False
ec11166e-4447-438c-abeb-36f6251e1cef,Kit de Corte de Cabelo Profissional Sem Fio Recarregável com Motor de 7000 RPM GreenLyca,afeitabuda_g-1002,50,5.55,1.5,ES / FR 2,1.0,/public/products/featuredImage-1733420524769-0b94ba27.jpg,False
e693b2c1-53eb-4f84-8641-106c08ecab1a,Almofada Cachorro para Abraçar,perroalmoh_15026,100,6.7,1.5,ES / FR 2,1.0,/public/products/featuredImage-1736943463488-b5872337.jpeg,False
06b5fbd0-3f17-466c-813a-0de10885821a,Shampoo HOEGO com Queratina Hidrolisada e Alecrim 100ml,romeroch,300,4.2,1.5,ES / FR 2,900.0,/public/products/featuredImage-1775047588736-b5d6f502.png,False
acf066d6-8023-440d-955b-1e9e7b910fab,Combo do Airpod Branco e AirPod P9 Verde,airpods-caja_14875,1000,18.9,1.5,ES / FR 2,1.0,/public/products/featuredImage-1751975858572-2861c41d.jpeg,True
55876bba-b245-4e22-b6cf-564c69e1070f,Balança de cozinha eletrônica de alta precisão,basculacoc_12753,100,3.85,1.5,ES / FR 2,900.0,/public/products/featuredImage-1769185674326-0af42f00.png,False
39c2c48c-5d3d-43cb-a8df-6c6f0046a6a8,Colar Cachorro Balão,collar_perro_plata,50,3.05,1.5,ES / FR 2,1.0,/public/products/featuredImage-1733926928262-be742cb6.JPG,False
59330a72-66ed-4dbc-b95d-e4b63dbe14ad,Consola X6,consola_v-8147verde,40,26.0,1.5,ES / FR 2,1.0,/public/products/featuredImage-1732798486291-8fd52074.jpg,False
41b9d663-7112-4969-af86-0c9ea7379097,Batom matte,pintamate6,500,5.55,1.5,ES / FR 2,1.0,/public/products/featuredImage-1733935764605-cc86d172.jpeg,False
afd96b4a-ff1c-4c22-bdbf-878e78abfec0,Lanterna de LED recarregável com zoom,m2-s18,100,4.7,1.5,ES / FR 2,900.0,/public/products/featuredImage-1751542641649-35ca5340.jpeg,False
0586eedc-0255-428f-a8b2-95abcb876c5f,Game Box G5 - Console Retrô Portátil,gamebox5g_v-7071,70,14.95,1.5,ES / FR 2,900.0,/public/products/featuredImage-1776464054053-82721a71.png,False
972b1406-b08b-48c7-92e7-b1ae48bffd41,Leitor de cartão multifuncional,multifun_gl69385,300,2.75,1.5,ES / FR 2,900.0,/public/products/featuredImage-1765975682497-d1a0b976.png,False
6d186b85-db8d-43b8-bbe3-926f67d4efa1,Combo de 3 unidades do  Massageador de Pés,piesyartic_,300,26.52,1.5,ES / FR 2,1.0,/public/products/featuredImage-1751650275336-9bd27711.jpg,True
54d6f505-2ec9-4200-a150-fe77476525c5,Bomba de vácuo inteligente,vacuumpump_15352,90,6.7,1.5,ES / FR 2,900.0,/public/products/featuredImage-1762952432737-9d3624c1.png,False
50b86fa1-1027-4ee0-b258-d1fbc52793ae,Combo de 1 Unidade do Massajador Facial Lifting EMS e 2 Unidade do Sérum Firmador com Colágeno - Niacinamida - Ácido Hialurônico - 30ml,masajeled_15477,300,14.02,1.5,ES / FR 2,1.0,/public/products/featuredImage-1756995570372-0cc2bd64.jpeg,True
e370f0ad-89ba-4eaa-8c60-55ecbc8aa2f9,Combo Óleo Bee Wax para ilustrar madeiras 2 Unidades,embeewax,60,6.1,1.5,Espanha 1,300.0,/public/products/featuredImage-1764179792675-2af1b881.png,True
2b073383-73a3-441d-a552-1cb3ba9979a5,Massageador Antirrugas com Rolo 3D Integrado,cuello_16113,20,4.0,1.5,ES / FR 2,900.0,/public/products/featuredImage-1776043995908-d691a89f.png,False
4327792f-cefb-4019-8782-8140ffe80ebf,Organizador de Canto para Suprimentos de Banho,organiba_15698,100,11.8,1.5,ES / FR 2,1.0,/public/products/featuredImage-1736952040273-1af797f3.jpeg,False
b068e10b-9a9d-4a1e-beec-30a2991c4209,Combo do Airpod Branco e AirPod P9,airpods-caja_14875,900,3.1,1.5,ES / FR 2,1.0,/public/products/featuredImage-1751975713394-66b3ab47.jpeg,True
0523f6bb-cbb1-4846-b923-c21300f0cb7b,Travesseiro cervical ergonômico de silicone,siliconalm_13963,200,6.3,1.5,ES / FR 2,900.0,/public/products/featuredImage-1769191129853-21b1719a.png,False
26cc7f5c-40bc-4368-996a-a715558d78f1,Aquecedor de pés,turmalina_15267,200,2.03,1.5,ES / FR 2,1.0,/public/products/featuredImage-1733487168355-1b283d72.jpeg,False
97baa610-e702-45f6-adf7-23b4c7c7dd72,Máscara Labial de Niacinamida - Ácido Hialurônico - Esqualano - 10g,mascarillaescual,200,2.95,1.5,ES / FR 2,900.0,/public/products/featuredImage-1749470373773-0d0bdef2.jpg,False
e782ff6b-c013-421b-b047-e6bcf1ed23b2,Dosador de massa profissional para pastelaria e padaria,dispensado_14169,30,9.9,1.5,ES / FR 2,900.0,/public/products/featuredImage-1775770660279-77e6063f.png,False
bada0cad-95c2-41a6-b85e-5ba7a9f48f9f,Aspirador de pó portátil potente e compacto para carro,miniaspira_13821,200,5.7,1.5,ES / FR 2,900.0,/public/products/featuredImage-1769187620480-de138805.png,False
14e3648d-244f-4fce-9182-56fd546bbfae,Kit Massageador Abdominal Completo EMS,abdopack_13471,100,4.07,1.5,ES / FR 2,1.0,/public/products/featuredImage-1733765261778-19594af8.jpeg,False
5029e6dc-7144-4afc-8cb7-b9b4aa28a9e2,Óleo Essencial Reparação de Colágeno 50ml,aceite-eelhoe,200,4.0,1.5,ES / FR 2,1.0,/public/products/featuredImage-1737033520485-55b8e614.jpeg,False
2c47232f-7cc6-4f10-a020-63389552d50d,VITAMINA D3 e K2 60 Capsulas,552126,800,5.33,1.5,Espanha 7,500.0,/public/products/featuredImage-1763045617190-64a00351.jpg,False
ce89e4ad-034b-492c-b941-ac774086281c,Drone RC com LED controlado por gestos e com luzes RGB,dronrcrgb_13353,200,22.1,1.5,ES / FR 2,900.0,/public/products/featuredImage-1770842253782-8a267ebe.png,False
a982ea15-6a3e-491a-a33b-fa6f2edacb61,Lupa digital de pontinhos negros,lupapuntitos_14525,80,7.13,1.5,ES / FR 2,1.0,/public/products/featuredImage-1733938142946-a49b6f86.jpg,False
0723cc4e-5b44-48b6-9d35-a1ae88d2955e,Capa para Console,fundaconsola_15735,100,3.1,1.5,ES / FR 2,1.0,/public/products/featuredImage-1737127280792-f747f3b0.jpeg,False
98e4007a-8410-4db8-9b0c-81e0b22316be,Fones de Ouvido Bluetooth Edifier W380NB,auricula_gl69706,70,9.2,1.5,ES / FR 2,200.0,/public/products/featuredImage-1740072924469-8a5ef6de.jpg,False
9353f13f-6a3e-4306-9cde-bfa6cad69057,Barbeador recarregável com 6 lâminas,afeitadorh_15118,200,27.05,1.5,ES / FR 2,900.0,/public/products/featuredImage-1776464801074-c4b30f49.png,False
4fb210a6-8f89-44f0-9c92-e0200a02b5f2,Nebulizador de mala portátil NHE JSL-W302,nebulizador_jsl-w302,90,4.58,1.5,ES / FR 2,900.0,/public/products/featuredImage-1748090260988-8f8652e0.png,False
005502dd-159d-49e9-87cd-85a597504816,Probiótico Vaginal em capsulas,8432173005049,700,3.95,1.8,Espanha 6,500.0,/public/products/featuredImage-1776258019113-a7cef204.jpeg,False
c83031ae-9f17-4006-8fdf-dbb2a58dd3f9,Aspirador de Ácaros 2 em 1 - Potência de 300W 2400mAh e Sucção de 10000 Pa,acaros_gl7010101,100,10.7,1.5,ES / FR 2,900.0,/public/products/featuredImage-1759508686104-61802f11.png,False
45499116-2382-4d2a-aa50-09dcf42dc2df,Condicionador Desembaraçante para Pets 200 ml - Retinol Complex,desenredmascotas,100,5.65,1.5,ES / FR 2,900.0,/public/products/featuredImage-1766342051994-356359b7.png,False
5a71b18a-eff2-48bc-921a-c0eaaa264a1f,Creme Hidratante Diário de Ácido Kójico,cremakojic,100,4.2,1.5,ES / FR 2,1.0,/public/products/featuredImage-1737124732700-12a123d1.jpeg,False
05327e1b-5362-4c1f-8af3-cb876b32ed3e,Rosa Eterna,cajaregalorosa,300,6.1,1.5,ES / FR 2,1.0,/public/products/featuredImage-1737037361611-7cc6d714.jpeg,False
bf10e988-cecc-4fc9-9519-b74cab1af7ab,Analgésico Corporal Bálsamo de Cavalo 250 ml - Retinol Complex,balscaballo250ml,200,5.65,1.5,ES / FR 2,900.0,/public/products/featuredImage-1766420128716-e01f2ba1.png,False
16fa9c33-345c-42b5-bf15-379c98fc8528,Escova de Limpeza Elétrica,autolimpia_14951,30,4.58,1.5,ES / FR 2,1.0,/public/products/featuredImage-1734036740452-f1472cb5.JPG,False
b1e2f3ef-2d83-4e33-88a5-4a2d2258f242,Cinta SlimComfy XL e XXL Preta,faja_13813,100,7.64,1.5,ES / FR 2,1.0,/public/products/featuredImage-1733495117568-540c2ec0.jpeg,False
2e55375d-7835-4954-a1a7-ab712fbad1d5,Combo de 1 Unidade do Massajador Facial Lifting EMS e 1 Unidade do Sérum Firmador com Colágeno - Niacinamida - Ácido Hialurônico - 30ml,masajeled_15477,200,10.82,1.5,ES / FR 2,1.0,/public/products/featuredImage-1756995280309-5c1b81f2.jpeg,True
ae241199-61e8-4ae5-aedb-45bdc7bf5f3f,Carro Teledirigido Raios Infravermelhos,cochelaser_14882,20,1.0,1.5,ES / FR 2,1.0,/public/products/featuredImage-1730991082360-477561b6.jpeg,False
74b0820f-0ad1-4390-abaf-07b4a88f32e5,Modelador de Cachos Automático 32W 110-220V 50-60Hz,curling_14100,100,24.6,1.5,ES / FR 2,900.0,/public/products/featuredImage-1776256698428-515a10a2.png,False
2218ed46-be74-4a66-be61-f672707f6f1f,Loção Corporal Branco Latte 200ml DDonna,bianco-lotion,100,3.2,1.5,ES / FR 2,900.0,/public/products/featuredImage-1775049332010-1d207e06.png,False
e7629b55-3dbd-447a-8977-a840e5b2ff82,Aparelho de barbear com 6 cabeçais,maqui_15118,100,18.86,1.5,ES / FR 2,1.0,/public/products/featuredImage-1733489880592-cb6e5467.jpeg,False
422fdef6-deea-4baf-a94f-6dbaa258c59f,Protetor Solar SPF50 PA Blanqueadora - 50g,protecsolarspf50,200,5.2,1.5,ES / FR 2,900.0,/public/products/featuredImage-1747488953405-17d10d99.png,False
b0ebb660-69df-4ca7-ac0d-eff2aacf7f29,Dispensador de água automático,dispensado_13839,200,6.3,1.5,ES / FR 2,900.0,/public/products/featuredImage-1770833637503-c515e4e3.png,False
801e16d8-9da2-458a-a9c1-91482e08a400,Liquidificador de frutas 380 ml,batidora38_15182,80,9.3,1.5,ES / FR 2,900.0,/public/products/featuredImage-1769606788052-d744b8b1.png,False
f912c477-bc8b-4d8a-9020-e8c5d7f200bc,Máquina de cortar cabelo profissional 1200mAh,maquinil_gl69968,100,5.8,1.5,ES / FR 2,900.0,/public/products/featuredImage-1747060688400-f1c86a36.png,False
be39a940-b2e2-4767-8a81-a1a423be746f,Contorno de Olhos Iluminador com Vitamina C - 20g,contornilumvitac,200,3.2,1.5,ES / FR 2,900.0,/public/products/featuredImage-1749430409302-3067dbe2.jpg,False
76a072ca-f54a-49b0-b8b9-32643acaa5f3,Lanterna Frontal para Exterior,linternafrontal_7891543100295,100,5.6,1.5,ES / FR 2,1.0,/public/products/featuredImage-1733696100601-852b30d5.JPG,False
57d638c9-888c-4e2e-b3ff-8746bcfa5185,Reposição de Pano para Mopa com Balde - 1 unidade,repuestomopa,100,1.01,1.5,ES / FR 2,1.0,/public/products/featuredImage-1733693162929-559870ad.jpg,False
9cbd1e5a-e827-47e9-9aab-2b0e444ee756,Escova para Lavar Pratos,cepillo_15543,100,2.54,1.5,ES / FR 2,1.0,/public/products/featuredImage-1733406810909-1ca3acba.jpg,False
2e74c085-eef5-40bc-87f7-334c1d53f7ac,Inflador Automático de Pneus JN-058,hinchador_jn-058,40,10.19,1.5,ES / FR 2,1.0,/public/products/featuredImage-1733747352127-f9244311.jpg,False
6f89824f-b502-4251-a020-e203929e0e16,Combo 3 Cremes Reparador e capilar,baseespiral_0105,100,9.34,1.5,ES / FR 2,1.0,,True
8cb186f6-9a8a-483f-8baa-104a77cde56f,Pods Descartáveis Fizzy Pandora 12000 Caladas Vape,pods-blueberry,200,6.7,1.5,ES / FR 2,1.0,/public/products/featuredImage-1737050501070-1d4b8beb.jpeg,False
70b3a623-dfca-4aee-b75d-70e8d212c055,Essência de Rosas com Ácido Hialurônico,acidhialuronicorosa,200,3.2,1.5,ES / FR 2,900.0,/public/products/featuredImage-1748088570915-b0e2d1ec.jpg,False
92904ae9-4d1a-4e0b-97e7-e0c02f215c6f,Cabo de Carga Multi 3 em 1 120cm 25w,multcable_gl9277,100,2.8,1.5,ES / FR 2,1.0,/public/products/featuredImage-1746883926446-c7bc75c7.jpeg,False
6528124b-8734-4886-b95a-8cd0b5482c77,EELHOE Shampoo Tinta Preta 3 em 1,eelhoetinte3en1,300,4.6,1.5,ES / FR 2,1.0,/public/products/featuredImage-1738277599215-c92902b8.jpeg,False
03f809d6-4ba6-4adc-a57c-93bc6f1b893f,Combo de 2 Cintas e 2 Shorts Yoga Preto,fajareduc_15237,20,12.56,1.5,ES / FR 2,1.0,/public/products/featuredImage-1751369848740-075f27e2.jpeg,True
17c15e31-5aac-48b6-b3bc-b9c49c369509,Combo de 2 Unidades Luz Solar 20W,luzsolar_v-7952,100,6.1,1.5,ES / FR 2,1.0,/public/products/featuredImage-1749057287016-b70eb0cd.jpg,True
a20c0d4a-4a91-4c12-a53e-1ae0e7b20e96,KAHI Wrinkle Bounce Multi Bálsamo Hidratante Facial,kahiwrinklebounc,200,6.6,1.5,ES / FR 2,1.0,/public/products/featuredImage-1737051824372-8fcae25b.jpeg,False
fd516de7-6f38-41dc-a3e7-88619006bb2b,Corretor de Tom de Pele,base-tum_6905624880547,200,6.6,1.5,ES / FR 2,1.0,/public/products/featuredImage-1737125018218-4facc2cc.jpeg,False
c7e8cf1a-25d6-4881-8984-939d0de9f5b0,Sucção de Poros,porossucc_13458,100,5.09,1.5,ES / FR 2,1.0,/public/products/featuredImage-1733944514659-94e9e694.JPG,False
d4b114fc-d2dc-4e39-a072-3f24796817b4,SADOER Creme de Olhos Vitamina C 20g,sadoervitamc20g,300,2.55,1.5,ES / FR 2,900.0,/public/products/featuredImage-1748655994909-5e5556d2.png,False
fd53697f-36b2-4da3-b732-c92fad599d4f,Kit de ferramentas com 105 peças,kit105pc_gl70144,60,23.7,1.5,ES / FR 2,900.0,/public/products/featuredImage-1774448383138-d1c36424.png,False
fa89083a-b7e7-405a-9b51-4a8ddc3552d5,AIRPOD BRANCO,airpods-caja_14875,1000,3.1,1.5,ES / FR 2,1.0,/public/products/featuredImage-1733330756987-6eda7ab5.jpeg,False
61e812c8-68dd-4bb6-8665-e4994df8c4d9,bota em couro masculina,vr3e-051-cuero-41,20,23.49,1.0,Removido,200.0,/public/products/featuredImage-1741959825048-2aa78b25.jpg,False
4fa28a8b-0a6f-4f89-bee3-d8132d8ef52e,Lâmpada LED de Acrílico Branco com Marcador,pizaracorazonled,100,6.1,1.5,ES / FR 2,1.0,/public/products/featuredImage-1733407810995-e2ceee3a.jpeg,False
602bc3d4-0391-4b8a-96a4-c14bfa2b51d3,Colar Trevo Love,luckycajaplta_07,300,3.87,1.5,ES / FR 2,1.0,/public/products/featuredImage-1733331204238-67f8fcd4.jpeg,False
2dece2c8-64ea-4ec0-810f-8e7e0ed5a58a,Carro Anfíbio Controlado por Gestos Aquático,coche_agua14732,100,16.82,1.5,ES / FR 2,1.0,/public/products/featuredImage-1734026317115-a7889fd8.JPG,False
7af86a26-4d18-415e-ba3b-b5b6a8291376,Creme Termo Firmador com Óleo de Café Verde OCEAURA,cremgrancafeverd,1100,4.1,1.5,ES / FR 2,1.0,/public/products/featuredImage-1737126694512-a2a0ff0c.jpeg,False
06c54833-3972-4467-a558-ac8dfce68540,Combo de 3 unidades do Creme de sebo bovino,evilgoods_15913,1400,12.6,1.5,ES / FR 2,900.0,/public/products/featuredImage-1770730345553-7596633b.png,True
486e47b7-5e9c-4bfe-84db-7eb79deffe3f,Afeitadora Multifuncional 5 em 1,maqui_14885,100,18.86,1.5,ES / FR 2,1.0,/public/products/featuredImage-1733489043018-88c546b1.jpeg,False
67661347-d984-4299-ab08-1a4da666ab05,Barbeador masculino recarregável,cortapelo_15206,100,10.1,1.5,ES / FR 2,900.0,/public/products/featuredImage-1776463668604-b5379620.png,False
71b46dd2-90fc-4d98-9ea3-1a14ac5d416d,COLÁGENO HIDROLIZADO TIPO II 160 Cápsulas,552105,900,9.98,1.5,Espanha 7,500.0,/public/products/featuredImage-1769612369339-b86a5d2f.jpeg,False
2a4d9de8-78dd-470a-b048-c0f19c144a03,Body Mist Premium Shimmer Sweet,mistpremshisweet,200,4.6,1.5,ES / FR 2,1.0,/public/products/featuredImage-1737133090184-14a78ea8.jpeg,False
561fc802-476b-4856-8bcc-18bc243c6af8,Conjunto de sérum antienvelhecimento com microagulhas 3x10ml HOYGI,microneedle,100,8.15,1.5,ES / FR 2,900.0,/public/products/featuredImage-1776044462766-51d64e08.png,False
263c454f-2b73-4954-aafb-883ec3ceb35e,Batom Matte 12,12pintamate_h1016,400,7.64,1.5,ES / FR 2,1.0,/public/products/featuredImage-1733504222854-693acac9.jpeg,False
f335ee8e-ad57-4485-9aee-015f0fffd80a,Relógio Esportivo Multifuncional TOMI,relojtomibig-azul_14867,70,12.7,1.5,ES / FR 2,1.0,/public/products/featuredImage-1737038499352-0b0ed5fc.jpeg,False
ba07cfde-fa6a-49f6-9065-103bcfe77212,VECOSFLAT  60 Cápsulas,552076,600,6.43,1.5,Espanha 7,500.0,/public/products/featuredImage-1763049374251-7514af57.jpg,False
21c335bc-1f75-4a00-bad6-cd00a616a3fe,Amplificador de Tela de Telemóvel,amplifif12_14083,100,9.68,1.5,ES / FR 2,1.0,/public/products/featuredImage-1746238095345-c988996c.jpeg,False
059040ed-2cca-431f-88c9-a1c62ab921d1,Aquecedor Portátil 900W com Temporizador Programável,calefactor900-redo_15208,200,7.7,1.5,ES / FR 2,1.0,/public/products/featuredImage-1737124588025-04b5fb98.jpeg,False
d06e0813-0c9d-4aa7-8bb2-9436c7f99de1,Molde para Fazer Empanadas e Dumplings,moldedumpl_15562,100,4.58,1.5,ES / FR 2,1.0,/public/products/featuredImage-1733404405691-5272b55e.jpg,False
10fd7310-88b3-4422-99bd-199ef79ddefa,ASHWAGANDHA 1500 MG 100 Cápsulas,552157,700,8.15,1.5,Espanha 7,500.0,/public/products/featuredImage-1763047415926-ec828bf0.jpg,False
31ade784-f0a3-49fd-a445-7d2b9b39ea94,Combo de 3 Unidades do Suplemento Natural 8 em 1 - Sea Moss - Ashwagandha - Black Seed Oil - Gengibre Extra Strength 19445 mg,---,100,12.6,1.5,ES / FR 2,400.0,/public/products/featuredImage-1760707564438-fb383a2d.png,True
6078afe4-2777-4bcf-b2a9-a8b2214de691,Ventilador Portátil de Mão 400mAh Compacto Recarregável e Refrescante em Qualquer Lugar,ventilad_gl69877,200,3.4,1.5,ES / FR 2,900.0,/public/products/featuredImage-1745934074455-d386572c.jpeg,False
48b34cda-e476-4280-98a1-76e669021938,Organizador multifuncional para guarda-roupa em tecido - 105x45 x 175 cm,15039,100,24.35,1.5,ES / FR 2,900.0,/public/products/featuredImage-1769189527764-26ffe48b.png,False
f0141e91-d6bc-4cf3-b1db-1fe37718184b,Cortador de alimentos 4 em 1,cortadormulti_7630054106453,300,6.26,1.5,ES / FR 2,1.0,/public/products/featuredImage-1733494745450-d560a1de.jpeg,False
643e910f-487a-4c7a-b3f0-8dfabf061565,Escova de ar quente multifuncional 2 em 1 - Seca e modela com volume profissional,hotairbrus_13946,200,17.95,1.5,ES / FR 2,900.0,/public/products/featuredImage-1774451909803-7214b4da.png,False
b7008d98-f106-4c20-a3cf-92fe3df6201f,Projetor de estrelas Astronauta,EMastronauta,100,22.0,1.5,Espanha 1,1.0,/public/products/featuredImage-1718458486670-9d8bf03d.jpg,False
56bd4cf4-3cef-44eb-b873-4ef79472d350,Motosserra elétrica MX-60006A,sierra_8266138,500,18.7,1.5,ES / FR 2,900.0,/public/products/featuredImage-1776044935735-498e53aa.png,False
a85efbec-772d-414d-8ddc-6892eb98c3c6,combo de 3 Cremes removedor de verruga,EMCremawart,500,8.85,1.5,Espanha 1,1.0,,True
67673379-609a-4464-88eb-c972fb2963e2,Cabo de Carga 3 em 1,cabletic_gl69608,100,2.8,1.5,ES / FR 2,1.0,/public/products/featuredImage-1737727545123-3e5a99fa.jpeg,False
09a6d1aa-14c2-4927-b8a0-9c0c04762634,Creme facial firmador Bioaqua com baba de caracol 60g,babacream,200,4.2,1.5,ES / FR 2,900.0,/public/products/featuredImage-1775048229985-a43a6f5c.png,False
05ab71df-512c-40b1-b447-c2071dffc3c6,SKIN BEAUTY PROBIÓTICOS 30 Cápsulas,552135,700,7.41,1.5,Espanha 7,500.0,/public/products/featuredImage-1763048672811-68922d95.jpg,False
0458ef2b-ce6a-4306-93d8-50b0198c2b7e,Sérum Iluminador Vitamina C Skin,serumvitacboost,200,5.9,1.5,ES / FR 2,1.0,/public/products/featuredImage-1737032030177-6a03f7d1.png,False
31ad42ba-f032-4f90-b5fa-325131999fc3,Removedor de Pêlos para pet,groom_14906,60,5.6,1.5,ES / FR 2,1.0,/public/products/featuredImage-1733402838697-340e7022.jpeg,False
a6c6717c-7bf5-4ebd-a2a5-869c21b1007c,Joelheiras Esportivas,rodillera_15360,200,2.75,1.5,ES / FR 2,1.0,/public/products/featuredImage-1738247831553-0b53805b.jpeg,False
8b8da66c-d7d9-47ec-8cdc-8ae500a845d1,Balança de cozinha eletrônica com visor LED e copo medidor,bascula_v-14379,200,7.3,1.5,ES / FR 2,900.0,/public/products/featuredImage-1769186109839-fe77f3da.png,False
142e8fd5-4c6b-4a52-9172-10a6d27a2534,Esence Gel de banho de colágeno árabe 500 ml,esencearab500ml,100,4.2,1.5,ES / FR 2,900.0,/public/products/featuredImage-1765973664713-1ec8c539.png,False
69ab72b1-8494-47f5-a5f1-546c8138ac20,Organizador de sapatos em tecido com 3 compartimentos - Prático e funcional,organizado_14898,200,5.65,1.5,ES / FR 2,900.0,/public/products/featuredImage-1769543824349-eb976ce7.png,False
527365ea-e27d-44ff-8b35-cc1f137b906b,Mini Ar Condicionado Ventilador,miniventila_14944,40,7.13,1.5,ES / FR 2,1.0,/public/products/featuredImage-1733500640109-8934f2e2.jpeg,False
049925ab-20e5-4d19-ac5e-cd0daec41d1d,Massajador Facial Lifting EMS,masajeled_15477,300,7.62,1.5,ES / FR 2,1.0,/public/products/featuredImage-1733695072706-219e1d68.JPG,False
ad20c285-a83b-446c-ba4d-8c5a16927255,Máscara de Cílios Sky-High Curves Waterproof - 10g,mascpestawaterpr,100,3.7,1.5,ES / FR 2,900.0,/public/products/featuredImage-1747488217633-5b176bc8.png,False
b62e35be-c225-492a-8b05-9b22b06aa23b,Máscara Facial Hidratante de Romã,mascarilla_46956,300,2.53,1.5,ES / FR 2,1.0,/public/products/featuredImage-1733694326006-b69888e3.jpg,False
bb53fa6e-5df3-4930-aab3-c5d0bc24ce3a,Mini Bomba de Vácuo Elétrica Inteligente Sem Fio,bombaele_gl70230,80,6.85,1.5,ES / FR 2,900.0,/public/products/featuredImage-1765313088115-4f2edbc2.png,False
083a9de0-7c52-4287-9725-9304430be353,Jogo de Talheres de Silicone para Bebê,cuberteria_15710,60,7.5,1.5,ES / FR 2,1.0,/public/products/featuredImage-1737036586643-e5d267be.jpeg,False
c0b089c9-9925-414b-ad9b-f3af9fe733c3,Secador de cabelo profissional SURKER SK-3807 - Potência - estilo e secagem rápida,secadorsur_13979,60,10.1,1.5,ES / FR 2,900.0,/public/products/featuredImage-1774451437314-4a1c01b5.png,False
14ecdd19-f2ba-47b6-9dfa-9ddafe23fcf3,Máscara Facial com Efeito Lifting,mascarilla_46003,100,2.53,1.5,ES / FR 2,1.0,/public/products/featuredImage-1747233727954-719c204d.jpeg,False
57f2def9-ba31-4aa1-8516-c378987bb390,combo 3 unidades Sabonete Compacto para Cabelos  Elimina Cabelos Brancos,jabon_15620,50,7.02,1.5,ES / FR 2,1.0,/public/products/featuredImage-1751369480507-acc3c39c.jpg,True
962fb6a0-8648-4fb8-9894-9b7b1f9c87e6,Batedeira manual prática e funcional,batidorama_14380,100,5.1,1.5,ES / FR 2,900.0,/public/products/featuredImage-1769608933113-25ea8cc2.png,False
7c9cbd7a-55d3-45f6-8a9a-d004fa346013,Picador Manual,picador_manual15105,100,8.15,1.5,ES / FR 2,1.0,/public/products/featuredImage-1733494870955-0554a543.jpeg,False
2081e653-db68-44c3-93f9-1604bd64c854,VITAMINA C 90 Cápsulas,552088,700,6.24,1.5,Espanha 7,500.0,/public/products/featuredImage-1763042746591-aec3a8aa.jpg,False
dfd08894-557a-479b-82e7-e505e9ea8a04,Sérum Firmador com Colágeno - Niacinamida - Ácido Hialurônico - 30ml,serumacidohialur,200,3.2,1.5,ES / FR 2,900.0,/public/products/featuredImage-1749470623826-7c95068e.jpg,False
7c1f07bf-0a88-4c86-af6c-b048680433dc,Redutor de Cintura Masculino,trimmer_14326,100,4.58,1.5,ES / FR 2,1.0,/public/products/featuredImage-1732883675074-9833f4e5.jpg,False
1883989c-a8e9-4b7f-9b07-d74e66de78b6,Secador de cabelo potente e funcional,cepillo3en_13812,200,12.3,1.5,ES / FR 2,900.0,/public/products/featuredImage-1769604938248-29ed7fca.png,False
63731161-1a8c-464c-bc28-5bb07a4a82bf,Mini Helicóptero Radiocontrolado,helicopter_14826,200,5.6,1.5,ES / FR 2,1.0,/public/products/featuredImage-1732801519163-088a7ac3.jpg,False
1efc22ff-6102-4d1b-a41b-1b506dcb5b5e,Porta-copos expansível para carro,portavas_gl69184,100,3.2,1.5,ES / FR 2,900.0,/public/products/featuredImage-1750079722254-fa64d253.jpg,False
b54da6a1-aac2-4067-892b-49fc119ac40e,Limpador de Cravos,succionador_13793,100,4.58,1.5,ES / FR 2,1.0,/public/products/featuredImage-1733324076989-8a443529.jpeg,False
72502bde-e5ad-4842-ba27-63cb2e18ad89,Corretor de sobrancelhas,cejamarronoscuro03,80,2.54,1.5,ES / FR 2,1.0,/public/products/featuredImage-1733503104330-e795c932.jpeg,False
b43546db-f76a-494a-90fd-9f002e2eb5b7,Brookstone Fones de Ouvido Sem Fio com Luzes LED Multicoloridas,auricula_gl69824,100,11.8,1.5,ES / FR 2,900.0,/public/products/featuredImage-1745931924006-68e01f4a.jpeg,False
0f9a95f8-cc71-45d8-b7f4-9fa7c8007c99,Cabideiro 150x96x45cm,perchero_150,200,12.74,1.5,ES / FR 2,1.0,/public/products/featuredImage-1746882952009-0a78c509.jpeg,False
9d5d6946-bbbe-4374-b9d4-d14a3d07ba96,Creme Facial Antirrugas Preenchedora Essencial,cremrelleesencia,100,4.1,1.5,ES / FR 2,1.0,/public/products/featuredImage-1737051496088-915013a3.jpeg,False
c6dd24c7-1819-4ce7-a8d1-a0b08d89c753,Máscara Facial de Colágeno,hoygicollagenoma_hoa05,100,4.0,1.5,ES / FR 2,200.0,/public/products/featuredImage-1741608579869-80fbe790.jpg,False
67028067-917f-4c81-a8f7-9059e6b92871,Creme Facial Detox Anti-Poluição SPF30,cremdetoxpoluci,200,6.7,1.5,ES / FR 2,1.0,/public/products/featuredImage-1737133503348-be30a74c.png,False
17c65cd2-9449-4e59-80c0-5ef2e1ea1ad3,Ventilador portátil de mão de 500mAh,minifan_gl70390,200,2.9,1.5,ES / FR 2,900.0,/public/products/featuredImage-1776045876754-2b3807d6.png,False
3b1934af-458e-4beb-a905-2bd85dce6d40,Rolo tira pelos de mascotes,rodillopelo_15407,300,5.6,1.5,ES / FR 2,1.0,/public/products/featuredImage-1733753579780-8ad75a28.jpeg,False
935fa890-1b52-40a5-87df-1950fed8f412,Aspirador de pó portátil compacto e potente,aspirador_14233,200,15.95,1.5,ES / FR 2,900.0,/public/products/featuredImage-1769188827981-afa33562.png,False
e9bacefb-e867-48b8-819d-c196b3838333,Drone Z908 PRO,dron15063,100,31.1,1.5,ES / FR 2,1.0,/public/products/featuredImage-1733499681649-cbcfa029.jpeg,False
158261a9-3be6-4226-a719-7a64494a4469,Ventilador de pescoço M2,cuello_16093,300,8.7,1.5,ES / FR 2,900.0,/public/products/featuredImage-1776045571766-b9f5478b.png,False
9fd83186-a61c-40a0-a23e-2f80b86da340,Projetor Galáxia,galaxylamp_v-7005,200,10.7,1.5,ES / FR 2,1.0,/public/products/featuredImage-1734027700363-24a5f1a8.JPG,False
58eccb10-266d-44e2-9bff-4df48d9435d5,Dispensador de azeite,dispensadoraceit_14623,200,2.54,1.5,ES / FR 2,1.0,/public/products/featuredImage-1733504354449-ae1a002f.jpeg,False
1e1beb41-37da-4edd-8629-5095a7f75512,Mangueira para Mascotes,mangueramascotas_14142,60,4.58,1.5,ES / FR 2,1.0,/public/products/featuredImage-1733490256455-7777435e.jpeg,False
0718ee83-47de-4f7a-be20-15d2bca4ed21,Máquina de gelo 2 em 1 com bandeja e tampa - prática - moderna e eficiente,icebox_15816,30,7.5,1.5,ES / FR 2,900.0,/public/products/featuredImage-1753212148319-9665123e.png,False
ec303096-ecf0-44f4-a76a-63dfa8f365fb,Combo de 2 unidades da Mini Lanterna Recargável com Zoom,m2-s18,70,9.4,1.5,ES / FR 2,900.0,/public/products/featuredImage-1751649504766-e198e374.jpeg,True
a9ded14d-dbee-451a-9b36-21d720044bf6,CarPlay e Android Auto MP5 - 7 polegadas,carplay_gl69183,40,40.4,1.5,ES / FR 2,900.0,/public/products/featuredImage-1775405345990-7f041f70.png,False
b1789d5b-7c66-409b-a132-45c6def968c5,Modelador de Cabelo em Formato de Gato,rizadordep_15170,200,10.7,1.5,ES / FR 2,900.0,/public/products/featuredImage-1776258378998-9d8c82ea.png,False
ac49faf9-d737-4264-a8df-1ab5c06e2eea,Cortador de Verduras Elétrico,cortadorverdu_14955,100,5.09,1.5,ES / FR 2,1.0,/public/products/featuredImage-1733761235215-308458f6.jpeg,False
014c7692-cc08-478c-a07a-19de58eb6c3a,Capa Impermeável,fundanegro_v-7205,70,1.52,1.5,ES / FR 2,1.0,/public/products/featuredImage-1733401693532-8542542f.jpeg,False
5943b9ba-f071-4db3-8db9-a32aa6d2039b,Jogo de Tapete Mágico,alfombramagica,100,9.6,1.5,ES / FR 2,1.0,/public/products/featuredImage-1733235484268-97c84271.jpeg,False
9ff1a593-6ddf-4bac-b58e-19285d97e9a5,Combo do Airpod Branco e AirPod P9 Azul,airpods-caja_14875,1000,18.9,1.5,ES / FR 2,1.0,/public/products/featuredImage-1751975807989-907c7f6e.jpeg,True
612dd155-ede0-4d2f-a93c-2e2994395cb7,Controle de Brinquedo para Bebês e Crianças,contro_qf366-035,100,7.2,1.5,ES / FR 2,1.0,/public/products/featuredImage-1736957771681-e842be0b.jpeg,False
4313368c-1fc6-4599-9bb5-a470c7191996,Taça Misturadora,taza_13814,200,7.13,1.5,ES / FR 2,1.0,/public/products/featuredImage-1733486136628-2970f6c7.jpeg,False
80a3cfd4-3ce2-461b-b9dc-5a72d07220c5,Suporte de chão para tablets e celulares,soportevertical_v-6761,100,2.2,1.5,ES / FR 2,900.0,/public/products/featuredImage-1748089643583-71bbeb59.jpg,False
11d66546-0855-4462-a68f-1563678553ee,HOYGI Creme Hidratante Supremo 100g - Nutrição Profunda e Pele Radiante,cremahidratante,100,3.9,1.5,ES / FR 2,900.0,/public/products/featuredImage-1774445577330-96f3cb09.png,False
970220d0-e5a1-489b-87d3-7436ce15a81f,Furadeira,taladrolm,40,25.0,1.5,ES / FR 2,1.0,/public/products/featuredImage-1760747341549-aeaa181b.jpeg,False
9ee754f9-8e79-44e0-8c2f-60878a7b28c2,Combo de 2 Unidades do Óculos Zoom Autofoco  e caixa,gafastransp_caja,300,7.12,1.5,ES / FR 2,1.0,/public/products/featuredImage-1758817890201-2d5a5eaf.png,True
9a3d9c1d-9427-404b-bbbc-fbe773c80f24,Magueira,manguera-15m-azul,100,4.07,1.5,ES / FR 2,1.0,/public/products/featuredImage-1733402737884-b4e8c435.jpeg,False
1e8fbbef-39c8-4ee9-89d3-51a9fd4420a1,Barra de cera para cabelo,waxstick_6148268752355,100,4.58,1.5,ES / FR 2,1.0,/public/products/featuredImage-1746720719743-2c91176b.png,False
cd6ac3fd-186f-45ef-9cd6-1bc538067157,Massageador para os pés,masajeadorpieslila_15423,100,5.6,1.5,ES / FR 2,1.0,/public/products/featuredImage-1733417334097-b028d253.jpeg,False
48b05790-f2c8-468f-b410-ec207c36731f,Compressor Automático de Rodas,hinchador_jn-058,40,10.19,1.5,ES / FR 2,1.0,/public/products/featuredImage-1732799118486-01f85706.jpg,False
2d5e28f4-8674-4fe6-922b-7807834dd0cf,Creme para Contorno de Olhos com Colágeno,contornoojos,200,4.07,1.5,ES / FR 2,1.0,/public/products/featuredImage-1752072251194-3e5254cc.png,False
1edaa2f3-e55d-4d63-a256-479ec2eea5b8,Sérum Revitalizador para Pele com Colágeno e Abacate 5 em 1,tuzaguacate,200,4.6,1.5,ES / FR 2,1.0,/public/products/featuredImage-1737116633790-5db8b7d0.jpeg,False
1d5ad7e4-6ea1-47a0-94b9-6ebe24754fb2,Branqueador dental UV,blanqueadoruv_13439,300,3.51,1.5,ES / FR 2,1.0,/public/products/featuredImage-1733762740759-04aaa9f0.jpeg,False
c2cf2833-9020-43bc-ab3a-ea87c67406aa,Walkie-talkie para crianças,talk_78948982002,100,12.7,1.5,ES / FR 2,900.0,/public/products/featuredImage-1774448992586-8cbdee63.png,False
bf5a3fec-d881-4cff-aa8d-24fbf7cd995d,Candeeiro de mesa curvo,lampcurv_14791,300,4.94,1.5,ES / FR 2,1.0,/public/products/featuredImage-1733144109601-bc24cc48.jpeg,False
ad7018cd-4ea6-4d82-b662-91256a2a377d,Kit Gel e Pó para Sobrancelhas,setpolvosparacej,200,4.2,1.5,ES / FR 2,900.0,/public/products/featuredImage-1745946836609-2617e837.jpeg,False
668941a5-dfdc-4bf8-b274-528a06f30991,Sapateira com 2 colunas e 6 fileiras,percheroor_15041,100,24.6,1.5,ES / FR 2,900.0,/public/products/featuredImage-1775402776239-9e5f7c9d.png,False
20c08edc-fd28-4180-8532-d0a1d3926b4f,Escova Secadora e Alisadora,cepillmulti_14537,200,6.67,1.5,ES / FR 2,1.0,/public/products/featuredImage-1734033720150-986ddeeb.JPG,False
2ea83be4-1d1a-40b1-a1d6-6341024898be,Combo de 1 Cinta e 1 Short Yoga Preto,fajareduc_15237,10,6.28,1.5,ES / FR 2,1.0,/public/products/featuredImage-1751369814634-92a1a42d.jpeg,True
224a24aa-decf-4c4b-ad2d-9e59444912e6,Combo 2 Sabonete Compacto para Cabelos  Elimina Cabelos Brancos,jabon_15620,90,4.68,1.5,ES / FR 2,1.0,/public/products/featuredImage-1751368875536-481b18f3.jpg,True
13f1baf7-5bac-44e6-bfca-0ab05b54be10,Depiladora por fricção de cristal,depicristal_14706,300,2.49,1.5,ES / FR 2,1.0,/public/products/featuredImage-1733487598159-4808d52f.jpeg,False
aef25a7d-7e2c-4846-a719-9413e1f50c24,Massageador Facial em Forma de Varinha,varitaled_15375,200,7.63,1.5,ES / FR 2,1.0,/public/products/featuredImage-1732885419432-df4ccfac.jpg,False
0c6dd90a-768e-4e53-8fcf-78dc631bee4a,TENDOBALANCE 300 gr,552070,800,10.21,1.5,Espanha 7,500.0,/public/products/featuredImage-1763041866213-e6b85665.jpg,False
285e9440-a444-4212-82e4-f37511758a25,Combo de 2 Modeladores Corporal Preto M - 1 Body Emagrecedor bege XL e 1 Faixa Culote Bege,bodyslimnegro1_m,100,19.84,1.5,ES / FR 2,900.0,/public/products/featuredImage-1751647053262-c279d21e.jpeg,True
ac6491ad-ed54-42de-aa18-622eb1a1967f,Combo do Creme Facial Antisinais e Massageador Facial,masajeled_15477,400,12.2,1.5,ES / FR 2,1.0,/public/products/featuredImage-1751975304441-352f95c6.jpeg,True
fff1735a-04d1-464e-b13a-b1183bfae27b,Escova de cabelo elétrica multifuncional 3 em 1 REMGINTON - Alisa cacheia e dá volume em minutos,cepilloele_14542,200,14.95,1.5,ES / FR 2,900.0,/public/products/featuredImage-1774450834163-a7507c4a.png,False
9482d986-c6cf-408b-b7bb-9ef4b6821cc5,Suporte para celular com tripé e bastão de selfie,paloself_gl70220,100,5.5,1.5,ES / FR 2,900.0,/public/products/featuredImage-1765312648791-1b560ccc.png,False
38c1c258-ed85-4671-983c-03f70137e5b9,Lâmpada LED para Unhas 22W Secagem Rápida e Profissional em Casa,lampa22w_gl69818,100,11.3,1.5,ES / FR 2,900.0,/public/products/featuredImage-1745940139884-67ca7c0d.jpeg,False
e4ab453d-aa52-471d-92e6-60065ebdc5e5,Ferro de passar roupa portátil pequeno,miniplanch_14351,200,10.7,1.5,ES / FR 2,900.0,/public/products/featuredImage-1776254562339-a5ce4a30.png,False
379df2f2-809b-40fd-8a74-2794adb95d95,Robô Inteligente Programável com Controle Remoto,robotrc_14849,100,23.0,1.5,ES / FR 2,1.0,/public/products/featuredImage-1736856958566-481c38d0.jpeg,False
263388be-8d78-4cc6-8e5f-b2b8da96bc46,Bolas de água reutilizáveis,globo_reu14946,100,5.09,1.5,ES / FR 2,1.0,/public/products/featuredImage-1733499847498-e7e02e9d.jpeg,False
669ffd6c-fecb-489a-9162-263a75836b28,Elevador de móveis,levantamuebles_14543,90,5.09,1.5,ES / FR 2,1.0,/public/products/featuredImage-1734026914756-bdcb8c19.JPG,False
a55c7fa3-6cf6-4245-a16c-22825942e85f,Adesivo Detox para Pés,parchepies_15317,100,2.34,1.5,ES / FR 2,1.0,/public/products/featuredImage-1733926568529-556e5e11.jpeg,False
d2e29c7a-19bd-46f2-8ddf-a9dc7199396a,Combo de 3 Unidades de Luz Solar 20W,luzsolar_v-7952,90,9.15,1.5,ES / FR 2,1.0,/public/products/featuredImage-1749057475112-8cd67efa.jpg,True
ad1d091c-9198-4611-80e5-d54b2e246e3b,Ferramenta de modelagem 4 em 1 com secador de cabelo profissional,cepillo4en_13948,200,13.6,1.5,ES / FR 2,900.0,/public/products/featuredImage-1769604422454-73522232.png,False
c02f6ef6-1f5b-4ff0-8a46-19850969c2a1,Depilador Facial,depiladorfacial_13330,400,3.05,1.5,ES / FR 2,1.0,/public/products/featuredImage-1733761467921-279db14a.jpeg,False
5c4484e5-3376-4d70-96f4-bc3be8cfc58a,Lâmpada Antimosquitos,moskitolamp_14050,100,3.56,1.5,ES / FR 2,1.0,/public/products/featuredImage-1734025444775-26051542.JPG,False
1e8ceadf-1dee-44f2-945a-f19642aba2d7,Cámara de vigilancia,bombicamjt_7891942581770,100,15.8,1.5,ES / FR 2,1.0,/public/products/featuredImage-1733139860207-cb73215c.jpeg,False
88e11a48-811c-4d1a-9e5a-5c0035c3bede,Fones de ouvido sem fio TWS com cancelamento de ruído eletrônico,auric_gl69679,500,6.9,1.5,ES / FR 2,900.0,/public/products/featuredImage-1775046606238-2253318d.png,False
848b44f5-2874-40c3-b68f-77cc8e5e352a,Combo de 2 Unidades Protetor solar universal dobrável para carro,parasol,200,10.4,1.5,ES / FR 2,900.0,/public/products/featuredImage-1753373846301-375d5217.png,True
8df46c84-0a5a-48c6-82f5-93a1732d1a2c,Jarra Elétrica Fervedor Rápido Seguro e Eficiente para o Lar,jarraelec_du0898,200,9.2,1.5,ES / FR 2,900.0,/public/products/featuredImage-1746015739455-442a43c2.jpeg,False
68c3abac-4613-4ffa-8766-f5014aa216e7,Suportes magnéticos para painel de carro com rotação de 360,soportem_gl69527,200,5.6,1.5,ES / FR 2,900.0,/public/products/featuredImage-1750079069288-005199f7.png,False
3696c908-f8b1-4724-86cc-68707abd7bc4,Corti-Soothe 13 em 1 - Foco - Relaxamento e Controle do Estresse - Extra Strength,corti_16058,100,4.2,1.5,ES / FR 2,400.0,/public/products/featuredImage-1760527307946-0a99e4ae.jpeg,False
a27e99d8-59a4-4480-a5f5-a44bcf82c1d6,Contorno dos Olhos Essência Árabe com Colágeno 30 ml - Kiss Beauty,contornojosescen,200,3.7,1.5,ES / FR 2,900.0,/public/products/featuredImage-1766340112051-d49ddc6a.png,False
91a98ce9-1092-4d53-9eef-34d921133fed,Adaptador PD20W Universal Com Carga Rápida e Compatibilidade Total,pd20wuniversal,200,13.3,1.5,ES / FR 2,900.0,/public/products/featuredImage-1746024657278-2000b3b7.jpeg,False
c5b873e6-2575-4d09-b386-952a3beb6c5e,Consola R3S6 Jogos Retro e Reprodutor de Vídeo,r3s6negro_v-8290,50,36.2,1.5,ES / FR 2,1.0,/public/products/featuredImage-1736801370957-b277c244.jpg,False
8a51bf06-9bff-4815-9af3-a89cdc7c4f36,Ring light de 14 polegadas com 200 LEDs - 56 RGB - iluminação profissional,aroluzled_g-1498,70,11.4,1.5,ES / FR 2,900.0,/public/products/featuredImage-1776438184242-4ae5a344.png,False
c44e769a-b9e3-4792-ab83-71aa3ec80f56,Tira LED RGB 3m,tiraled_g-1484,200,5.2,1.5,ES / FR 2,900.0,/public/products/featuredImage-1746469149371-05f68cba.jpeg,False
3c09bea6-3cea-46c6-8252-1c765b7aed30,Escova a Vapor,cepisteam_14429,100,15.8,1.5,ES / FR 2,1.0,/public/products/featuredImage-1732800820229-85622876.jpg,False
03fba1fb-0a83-4979-8d9a-501589674eb6,Luzes LED em Cascada para Decoração,luznavidad_15242,100,5.1,1.5,ES / FR 2,1.0,/public/products/featuredImage-1733235326727-21929e27.jpeg,False
9943c92b-8070-4ed9-929a-d5f1d9bc197c,Encapsulado Adipovecos,552023,900,6.86,1.5,Espanha 7,500.0,/public/products/featuredImage-1762458475437-001fef12.png,False
48b3811d-ad45-404d-8ada-bd33469e9b2e,Mini Microfone com Caixa de Som Bluetooth e Luzes RGB,minialtav_g-1276,100,12.7,1.5,ES / FR 2,1.0,/public/products/featuredImage-1737653789143-62f3b2e4.jpeg,False
5ed48e48-15e1-4c9c-b372-20968bf67be5,Limpador Demaquilante de Cereja 150 ml - Angeala,cereza150mlangea,200,3.45,1.5,ES / FR 2,900.0,/public/products/featuredImage-1766420363013-dfc87fb7.png,False
719f5e6e-fe2b-49ac-870c-7b4f2600ee43,Smartwatch SA200 Série 9,sa200,200,7.7,1.5,ES / FR 2,1.0,/public/products/featuredImage-1740071754800-52777707.jpg,False
28669641-d790-44e1-a1cc-9119f806e317,Joelheiras de espuma ultra grossas,rodillerajardin_14396,200,5.6,1.5,ES / FR 2,1.0,/public/products/featuredImage-1733486720700-56018a4a.jpeg,False
ae569d5e-0e54-43fe-aa27-e5e667fd469b,Suporte colar para pescoço,collarin_15370,200,2.34,1.5,ES / FR 2,1.0,/public/products/featuredImage-1733754015582-6c8d673c.jpeg,False
e1c665d3-d5a9-4a03-9b3e-96cb16e2ac90,Surker 4 em 1,surker_13807,100,7.64,1.5,ES / FR 2,1.0,/public/products/featuredImage-1733406962817-eb78a588.jpg,False
5d695621-175c-454f-95a7-f5bb0455c425,Contorno de Olhos Roll-On com Colágeno - 30ML,rollonconcolagen,200,4.7,1.5,ES / FR 2,900.0,/public/products/featuredImage-1747488667338-631a2df9.png,False
b36fa062-4180-4b35-b3df-46864271a330,Creme Facial Antirrugas com Caviar e Proxilano,cremcaviarproxi,200,4.6,1.5,ES / FR 2,1.0,/public/products/featuredImage-1737119702622-be57851d.jpeg,False
97953e7c-6b23-4621-be80-6b9398f1b4f2,Combo de 5 unidades da Máscara de Colágeno,biomaskcollagem,600,18.5,1.5,ES / FR 2,900.0,/public/products/featuredImage-1747850922995-ecdf7822.png,True
9b88be35-85c5-45c1-8e69-03220946a0d3,Capa para Sofá de 3 lugares,fundasofa_8419348035353,200,7.64,1.5,ES / FR 2,1.0,/public/products/featuredImage-1733410375857-a4dd9cb3.jpg,False
01d81a1d-1726-4601-b431-4f8827c7ab6f,ANSIOVECOS 60 Cápsulas,552050,900,7.56,1.5,Espanha 7,500.0,/public/products/featuredImage-1763047716692-14cfb211.png,False
510b08fd-5cfd-4aa7-af63-88d818cdc0ae,Luz Solar com Sensor Multifuncional,ledmulti_ab-ta202,100,8.15,1.5,ES / FR 2,1.0,/public/products/featuredImage-1732801848427-29674b93.jpg,False
80c74160-5fff-442f-b0da-7d9ebc34ef91,Colher Digital de Alta Precisão,cuc9435481302267,100,5.1,1.5,ES / FR 2,1.0,/public/products/featuredImage-1736941002596-b84e848b.jpeg,False
f2d7c90f-ff2a-4494-a695-ec83c7b63ebe,Bolsa de Maquiagem Portátil com Espelho e Luz LED,maquillaje_15686,200,17.5,1.5,ES / FR 2,200.0,/public/products/featuredImage-1746725009424-3a589c3a.jpeg,False
b91c3ba0-cf18-43c0-bc79-c139e2ccbdad,Suporte para celular para pendurar no pescoço,soportece_v-7259,200,4.1,1.5,ES / FR 2,900.0,/public/products/featuredImage-1750080173519-c1a26fdf.jpg,False
c058e4e5-6051-4381-a415-146dbe41b358,Limpador Dental Ultrassônico para Tártaro,dentsarro_14766,60,7.13,1.5,ES / FR 2,1.0,/public/products/featuredImage-1733937438860-43e80d0e.jpeg,False
75730e31-6e94-4b4c-a744-0132f0ffdf14,Prensa de Alho 2 em 1,prenajos_w68-592,100,2.8,1.5,ES / FR 2,1.0,/public/products/featuredImage-1737028999053-e09d1d59.jpeg,False
20f455f4-e9be-4af3-817a-22e47dd43f89,Pistola de água de alta pressão,hidropresion_14193,300,4.58,1.5,ES / FR 2,1.0,/public/products/featuredImage-1733487013830-f275211d.jpeg,False
1f2d146f-61fd-48a1-bded-e1320862e4b5,Fonte de alimentação com display digital mais cabo de 10000mAh Carregamento rápido e preciso,powerban_gl69782,100,5.75,1.5,ES / FR 2,900.0,/public/products/featuredImage-1747062109693-60ea39c3.png,False
267c0c82-99a8-4db2-94f2-7113ec6a8bdf,MÁSCARA PRETA VOLUME A PROVA DAGUA,mascaraolauty,100,3.4,1.5,ES / FR 2,900.0,/public/products/featuredImage-1774447767273-59bbe34e.png,False
a359c456-8195-4f72-bbee-4d5fc0bd48f7,Conjunto de chaves de fenda de precisão - caixa organizadora cilíndrica,kitdesto_15959,200,25.4,1.5,ES / FR 2,900.0,/public/products/featuredImage-1776462913261-56b72430.png,False
b3aad661-78d0-44a8-b2bf-62247f6e3e3e,Suporte com Carregador Sem Fio C10,cochesop_v-7945,100,10.69,1.5,ES / FR 2,1.0,/public/products/featuredImage-1733420950567-666a251b.jpg,False
0ac866f8-230b-4f78-bdb1-14e31b1502c3,Tiras Blanqueadoras Moradas Smilekit,tiras_16610,600,3.9,1.5,ES / FR 2,900.0,/public/products/featuredImage-1774447958568-89f45caf.png,False
0ed2a0a9-9543-4228-b22e-fcae816ae0b9,Luz Solar AB-TA004,luzab-ta004,100,5.09,1.5,ES / FR 2,1.0,/public/products/featuredImage-1733403892402-29552ca1.jpg,False
a5e17c5c-31e5-4624-bc83-7598d904127a,Rolo de pintura,setrodilpintura_14048,30,6.16,1.5,ES / FR 2,1.0,/public/products/featuredImage-1733760305228-f1eb7961.jpeg,False
2ed6f4d4-6ae1-4af1-ab19-4758bb793ff5,Kit 4 em 1 Beauty,beauty_14154,200,7.64,1.5,ES / FR 2,1.0,/public/products/featuredImage-1733748862923-3d616efd.jpg,False
b6a8e2ea-9c43-4192-8b73-038da521a4b7,Creme Facial Anti-Idade Preenchedora Essencial,cremantiarrurell,200,5.6,1.5,ES / FR 2,1.0,/public/products/featuredImage-1737134579111-17e50326.jpeg,False
bceea701-e5a2-4dc9-abc5-ebd10816b28a,Cachorro Inteligente de 8 Rodas STLNT - Brinquedo Robótico Interativo e Tecnológico,dog_15935,100,18.2,1.5,ES / FR 2,900.0,/public/products/featuredImage-1759508060383-da76c1e5.png,False
478be709-feed-434d-9b3f-030194e4aa27,Espelho de Maquiagem com LED,ledmirror_14515,100,10.7,1.5,ES / FR 2,1.0,/public/products/featuredImage-1733926828738-ee2cd528.jpg,False
aad84bd2-777c-462c-af36-516865c12372,Lanterna Headlamp TM G23,luztm-g23_14741,100,12.74,1.5,ES / FR 2,1.0,/public/products/featuredImage-1733696287103-03841326.jpg,False
1bf50e89-38ec-41ad-83fa-33b28acb335b,Conjunto de facas de cozinha corrugadas,setcuchillo-16048,500,6.4,1.5,ES / FR 2,900.0,/public/products/featuredImage-1775045698850-8be733d0.png,False
14234cfb-4e60-406e-ab72-ee2f8aaf0ed7,Combo de 3 Perfumes Femininos,em-dynamore,873700,16.2,1.5,Espanha 1,500.0,/public/products/featuredImage-1740871141468-7050c265.png,True
7e315ddd-21aa-4f29-86ed-2c74197c3256,Aspirador de pó 2 em 1 - branco - multifuncional - compacto,aspirador_14219,200,14.75,1.5,ES / FR 2,900.0,/public/products/featuredImage-1769189123837-202f6df4.png,False
ad2ec003-968e-489b-8b8e-153d3bfbd676,Sérum Ampola Antioxidante Refrescante com Vitamina C,serumvitaminacam,200,3.2,1.5,ES / FR 2,900.0,/public/products/featuredImage-1746797378463-8939a384.png,False
ed0dda6c-588b-4bb4-8ee6-75fb9ea7b2f0,Combo de 3 Unidades de Máscara Facial de Colágeno,hoygicollagenoma_hoa05,100,12.0,1.5,ES / FR 2,200.0,/public/products/featuredImage-1747308429511-8f50ce62.jpg,True
db053ec3-e1e5-4a81-9f12-6284798edb6a,Combo Com 3 Unidades do Creme de Massagem Quente KÖRMESIC,hotmassage,200,14.1,1.5,ES / FR 2,900.0,/public/products/featuredImage-1749752119855-591304d9.jpeg,True
1d2c719b-a646-46a8-b978-6b497ea53c8b,Espelho Organizador 360,espejo360_14021,100,15.29,1.5,ES / FR 2,1.0,/public/products/featuredImage-1733411037460-70af6e81.jpeg,False
22bf9c73-2c03-4bbe-959c-b148fca4379d,Lixeira dobrável com sensor inteligente,cubodebasu_14125,200,18.35,1.5,ES / FR 2,900.0,/public/products/featuredImage-1770832385816-abb9aee6.png,False
ca08747b-aec9-4e66-808c-a0014da581b2,Modelador de Cabelo,rizador_15419,100,6.62,1.5,ES / FR 2,1.0,/public/products/featuredImage-1732881915761-f98f5d2e.jpg,False
2dc175cb-b56a-49f2-99be-0a40e60d75b8,Caixa de Som Clip 3 Pro,clip3_7641865463,200,8.7,1.5,ES / FR 2,1.0,/public/products/featuredImage-1737653348848-697a2617.jpeg,False
5b797a04-c5be-446a-a3ee-396c23596207,Combo de 1 Unidade do Gel Roller para Olheiras e 1 Unidade da Máscara Facial de Colágeno,hoygicollagenoma_hoa05,100,8.7,1.5,ES / FR 2,200.0,/public/products/featuredImage-1760551667636-df8b7b6e.jpeg,True
2d934291-2fd9-4247-9858-ccc71c350691,Espremedor Automático,autoexprimidor_6985423365421,500,8.61,1.5,ES / FR 2,1.0,/public/products/featuredImage-1734026590098-b4e6cc92.JPG,False
5076fb63-2235-4a95-b3ce-7c82c97fb175,Escova Alisadora VGR,cepillo_13977,100,13.76,1.5,ES / FR 2,1.0,/public/products/featuredImage-1733406063955-0701c1ef.jpg,False
ec4b4b24-859e-4689-97da-3bbb7fc3d216,Body  Emagrecedor,bodyslimbeige15192_l,400,5.09,1.5,ES / FR 2,1.0,/public/products/featuredImage-1749301487142-58d86efe.png,False
83bc2ba2-9cbb-447c-a18b-945d722b4d3f,Máscara Facial Rejuvenescedora de Colágeno - 3 Passos,facialrejuvenece,200,4.65,1.5,ES / FR 2,900.0,/public/products/featuredImage-1749434013665-ac7e7717.jpg,False
f6f35b82-6d9a-428e-b440-b3ef14fce4a6,Ventilador dobrável,ventilaplegable_gl69291,200,6.11,1.5,ES / FR 2,1.0,/public/products/featuredImage-1733492849352-54bc550f.jpeg,False
6d32a01b-3d5c-4510-8d9c-4babc94ec33b,Himalayan Shilajit Gummies - Energia - Vitalidade e Desempenho Natural,shilajit_16059,600,4.7,1.5,ES / FR 2,400.0,/public/products/featuredImage-1760528257241-3d1bf05d.jpeg,False
7378b707-9ad7-49b9-a421-a56f6000fe22,Carregador 3 em 1,cargad3en1_v-6627,100,15.8,1.5,ES / FR 2,1.0,/public/products/featuredImage-1733495584616-9750a33a.jpeg,False
bb1d01b2-6551-452e-81bd-b07dae4c9a08,Conjunto de cílios postiços profissionais iLady Beauty Brow Bar,pesta_16020,20,4.2,1.5,ES / FR 2,900.0,/public/products/featuredImage-1765409203615-3e50eb87.png,False
eea76a48-6609-4eac-bed5-5f3ba37732dd,Mouse sem fio,ratoninal_g-1126,200,3.2,1.5,ES / FR 2,900.0,/public/products/featuredImage-1746632703580-6ebea452.jpeg,False
e6fab41d-3c24-4a79-866d-60674f356670,Travesseiro de viagem multifuncional ergonômico 3 em 1,almohada3e_14902,40,12.3,1.5,ES / FR 2,900.0,/public/products/featuredImage-1769190279940-a8fe9c77.png,False
1e181cb5-3e75-4e57-b772-b2c22e113220,ISOFLAVONAS DE SOJA - CALCIO - MAGNESIO - ZINC 75,552184,500,5.53,1.5,Espanha 7,500.0,/public/products/featuredImage-1763050506631-5db78ffb.jpg,False
c92eef49-1d45-4b8e-9ac3-ca60b7e18497,Pelúcia Cachorro Pug,peluchepug_14991,200,3.4,1.5,ES / FR 2,1.0,/public/products/featuredImage-1736944362158-857d031c.jpeg,False
711a2c24-573e-4210-8db6-cd994a5d13c7,Inlfador Eletrico,infladorelectri_15264,80,5.09,1.5,ES / FR 2,1.0,/public/products/featuredImage-1733753426985-054e878e.jpeg,False
c17eed81-3987-4a04-b4ad-5a3d23124bfc,Combo de duas unidades da Mini pistola de massagem,pistolamasaje_14101,500,12.74,1.5,ES / FR 2,1.0,/public/products/featuredImage-1751974008916-4a078f68.png,True
cb54e195-7796-4220-84f8-f19ff8d99b36,Spray Eliminador de Odores para Pets 100 ml - Retinol Complex,eliminaolormasco,200,5.65,1.5,ES / FR 2,900.0,/public/products/featuredImage-1766341563154-e6dcec11.png,False
2dcc3d16-5af4-482c-91e9-586aa8d29275,Multi Cabo de Carregamento 3 em 1 Retrátil 100W Carga Rápida USB C,retracti_gl69803,200,4.6,1.5,ES / FR 2,900.0,/public/products/featuredImage-1745943937711-8859c0a8.jpeg,False
0f57bccc-fa86-4db3-9ab5-27748277500a,Creme Facial de Sangue de Dragão,antiedaddragon,200,5.0,1.5,ES / FR 2,200.0,/public/products/featuredImage-1740072624148-c733a7cd.jpg,False
35c2f375-75f0-4862-8236-edef7333d8e3,Creme removedor de verruga,EMCremawart,700,2.95,1.5,Espanha 1,1.0,/public/products/featuredImage-1718456973684-6f57cbd5.jpg,False
e3aa33f7-d05e-447e-ae68-cf6ecb8bc5ed,Tiranossauro de Pelúcia Macio,tiranosaur_14995,100,3.4,1.5,ES / FR 2,1.0,/public/products/featuredImage-1736945710217-be5a1340.jpeg,False
89371f39-00ff-46a9-9755-0349addf35ce,Astronauta Voador,astronaut_v-7562,100,5.6,1.5,ES / FR 2,1.0,/public/products/featuredImage-1746241112435-616f0dab.png,False
82655a46-0e1f-4065-af84-fc484eeb9d5e,Combo de Difusor branco de oleos essenciais e Óleo essencial Lavanda,difusor_blanc-15374,200,14.26,1.5,ES / FR 2,1.0,/public/products/featuredImage-1752160848454-2ac1320f.jpeg,True
22023fc1-01cf-4121-9b1c-eb4e36a9272d,Combo de 2 Unidades Body Emagrecedor Bege e Preto,bodyslimbeige15192_m,300,10.18,1.5,ES / FR 2,1.0,/public/products/featuredImage-1751648720991-98028a22.jpeg,True
8e5ce01a-d6e5-4e79-80e7-3fe8dc95c5d1,Combo de 2 unidades da Joelheira Completa,rodilleracompleta_15197,80,5.08,1.5,ES / FR 2,1.0,/public/products/featuredImage-1750948657811-f249c337.jpg,True
5f20a42e-ace7-4800-a441-b3a757d17da9,Mini Liquidificador de Frutas 380ml Portátil e Recarregável,batidorapo_15141,200,7.5,1.5,ES / FR 2,900.0,/public/products/featuredImage-1769607095440-57abeaf9.png,False
a2af901a-be0a-419f-8c9b-8f657e0e6867,Leggings térmicas com forro de veludo,legtermico_15622,300,4.7,1.5,ES / FR 2,1.0,/public/products/featuredImage-1738168705315-47bc6a05.jpg,False
090d651f-26ea-4df6-9d0b-fa0013e67561,Lâmpada lua,lunalamp_13559,100,5.6,1.5,ES / FR 2,1.0,/public/products/featuredImage-1734027099830-cc319491.JPG,False
da94ba1d-15fc-42ec-8ad5-9f3d2d70bd39,Drone dobrável com câmera 4K  Tecnologia compacta e profissional,dron15648,700,15.7,1.5,ES / FR 2,900.0,/public/products/featuredImage-1764170416591-a8cc3d7e.png,False
caaf1ea5-0e85-4c64-9af5-c7f0d838a811,Difusor de oleos essenciais,difusor_blanc-15374,100,10.7,1.5,ES / FR 2,1.0,/public/products/featuredImage-1733753173395-28a1901a.jpeg,False
76174733-3ee8-430a-a0b4-751763fa2a4a,Altavoz Bluetooth G 3 em 1  Carregador sem fio Lâmpada LED,lamparag3_bt-3401,100,13.76,1.5,ES / FR 2,1.0,/public/products/featuredImage-1732734852170-c8caaa4a.jpg,False
172b41ee-dfd0-492c-9ee2-562cd2331051,Esfoliante de silicone para Banho,siliconaespalda_13564,50,2.64,1.5,ES / FR 2,1.0,/public/products/featuredImage-1733324168278-b0e771c5.jpeg,False
f3d5fa50-6264-4c91-b731-af246bc13c27,Combo de 2 unidades Mini Camera de vigilância Wifi 1080HD,EMwebcam,100,6.6,1.5,Espanha 1,1.0,/public/products/featuredImage-1751649677827-f26c9027.jpg,True
20180c54-077b-442c-9ece-6fb97c4c9dff,Creme Facial Iluminador e Refrescante de Romã - 50ml,cremafacialgrana,100,4.2,1.5,ES / FR 2,900.0,/public/products/featuredImage-1749430936184-3159b644.jpg,False
8c870f45-dc87-4974-86bf-bd63ada25a60,Essência Antirrugas de Abacate Orgânico - 30ml,antiarrugasaguac,200,3.2,1.5,ES / FR 2,900.0,/public/products/featuredImage-1749433161215-87752254.jpg,False
f2445e1b-ad2c-489d-9b04-20cdcc5ce581,Creme para os Olhos com Ácido Kójico,cremaojoskojac,100,4.2,1.5,ES / FR 2,1.0,/public/products/featuredImage-1733326633370-6491e23c.jpeg,False
ac1a88b1-6c2f-4914-a3c3-6c0a790b453a,Aparelho de Boxe Tecnológico Interativo,boxeo,200,29.4,1.5,ES / FR 2,500.0,/public/products/featuredImage-1777396494799-1af1641c.png,False
c06a3ddc-4758-4613-a3b6-7d2fa29af53f,Tratamento Corporal Preenchedor com Ácido Hialurônico,retinolacido,20,6.0,1.5,ES / FR 2,1.0,/public/products/featuredImage-1737117988806-f8b62f64.jpeg,False
0dd50fa5-986d-404a-b9d1-efc5ead288e7,Luz Solar Exterior com Suporte,luz_ab-ta107,200,6.62,1.5,ES / FR 2,1.0,/public/products/featuredImage-1732801923700-eff16017.jpg,False
0fdc18be-e36b-4933-80d2-77b6fbdc9faf,Microfone de lapela duplo,microfonedeclip_gl69665,200,14.0,1.5,ES / FR 2,1.0,/public/products/featuredImage-1737990060229-3357ac27.jpeg,False
3d77e38d-3f8d-4460-a31f-8dc9c50f202c,Filtro de água da torneira,filtrogrifo_13456,100,5.24,1.5,ES / FR 2,1.0,/public/products/featuredImage-1732886464112-f80c747f.png,False
7e2c42e8-9290-4944-aebf-407ac30a4337,Cabo USB-C a USB-C 60W - Carga Rápida,cablecac_gl69476,100,3.1,1.5,ES / FR 2,1.0,/public/products/featuredImage-1746885622925-fc8b6d2f.jpeg,False
8dc2334f-e4f3-4bf7-b34d-e7a20282c2d6,removedor de arranhões de carro,reparacoche_14913,100,3.56,1.5,ES / FR 2,1.0,/public/products/featuredImage-1733138726547-953ea04c.jpeg,False
11e38a89-483b-48ae-9f6b-e591a0bef172,Alisador Cordless,cordless_15322,100,26.0,1.5,ES / FR 2,1.0,/public/products/featuredImage-1746210354944-32ac22d4.jpeg,False
f1ba762f-eb6b-462d-9cc9-509bcac1da72,Creme facial hidratante antioxidante de cúrcuma para pele delicada 60g BIOAQUA,tumericream,300,4.2,1.5,ES / FR 2,900.0,/public/products/featuredImage-1775048047183-d2e0713c.png,False
79c258f4-e869-444d-8ab5-5b004cb85440,Aparelho de massagem com ventosa,cupping_15939,50,12.2,1.5,ES / FR 2,900.0,/public/products/featuredImage-1765972181942-451bf20f.png,False
98b583d1-2777-43ac-a7db-ab32685d856c,Tratamento Capilar com Colágeno 200 ml - Repara - Hidrata e Fortalece o Seu Cabelo,minimask_15832,700,3.6,1.5,ES / FR 2,900.0,/public/products/featuredImage-1748655727398-805592d7.png,False
6f28b5ec-0c2d-44b0-a2b5-5164eb637db1,Massageador multifuncional 360,masajeador_14184,100,8.3,1.5,ES / FR 2,900.0,/public/products/featuredImage-1776438476390-60936079.png,False
a0bf67aa-5985-4f50-99ce-6dac15896755,Contorno de Olhos Iluminador com Vitamina C Ativa - Niacinamida 20ml - Desperta Instantaneamente o Seu Olhar,contornoojosilum,100,3.2,1.5,ES / FR 2,900.0,/public/products/featuredImage-1749429454899-a6c2744f.jpg,False
bdb7b97d-cad2-45e5-a2df-445fc6fd9b4a,Gel e adesivo 10x14cm para alívio da dor - 1 unidade,parchedolor-cosmi,100,3.2,1.5,ES / FR 2,900.0,/public/products/featuredImage-1765972590869-db088df2.png,False
a3be5409-e5cb-45d3-bc06-a3cef1ad360d,Depiladora 3 em 1,depiladora_14907,90,5.6,1.5,ES / FR 2,1.0,/public/products/featuredImage-1736801758538-7c87d699.jpeg,False
a750861b-5e5f-4ee7-94c0-f148a637dd4a,Espelho luminoso AO-77902,espejo_14493,90,6.62,1.5,ES / FR 2,1.0,/public/products/featuredImage-1733936203327-c2bce5c0.png,False
b2e77ae6-f1a9-4a52-82d8-a0e9b6defc2e,Escova 5 em 1,secador5en1_,20,15.8,1.5,ES / FR 2,900.0,/public/products/featuredImage-1759246255746-6f791d6e.png,False
39cb4b82-8d31-4096-9989-17c44ca9d413,Combo de 5 Unidades de Luz Solar 20W,luzsolar_v-7952,100,15.25,1.5,ES / FR 2,1.0,/public/products/featuredImage-1749057604203-548e5920.jpg,True
94834814-cb7b-47bb-b93f-e9c667f87b08,Combo 1 Unidade Estimulador Muscular de Glúteos EMS e 1 Unidade do Kit Massageador Abdominal Completo EMS,estimulaculo_14082,100,7.8,1.5,ES / FR 2,1.0,/public/products/featuredImage-1764694676988-29f6d475.png,True
c0286fa5-fd4d-4187-8db7-0b16f1f60cd7,Suportes universais para motocicletas,soporteun_g-1186,200,3.8,1.5,ES / FR 2,900.0,/public/products/featuredImage-1750080375300-76c415a1.png,False
1ed6002a-937c-4ff4-bc54-072ac70b3da2,COENZIMA Q10 60 Cápsulas,552008,600,6.11,1.5,Espanha 7,500.0,/public/products/featuredImage-1763051199428-c0dbdbb9.jpg,False
23bc925d-6886-4d72-9e68-0d27cb034ba1,Luz LED Hexagonal 6 Unidades,6udhexagonoluz_w23-96,60,14.78,1.5,ES / FR 2,1.0,/public/products/featuredImage-1733484549208-25c39770.jpeg,False
30068e0e-2292-4585-995d-46b3f763e3a1,Carregador PD USB-C - 25 W - M2TEC,cargac_v-8573,700,2.9,1.5,ES / FR 2,900.0,/public/products/featuredImage-1774453396756-0122b0b9.png,False
4d020233-e24b-4dd3-8db4-66ca256dc197,Lanterna Mini Multiuso,minilintern_8518383403100,200,2.03,1.5,ES / FR 2,1.0,/public/products/featuredImage-1733499993868-da9f5274.jpeg,False
97a307cd-424f-41e5-b5bb-591aeb4cdb26,Creme de Sangue de Dragão,cremacaradragon,50,4.5,1.5,ES / FR 2,200.0,/public/products/featuredImage-1740072495099-06e17450.jpg,False
a55f5a85-adc9-4a4b-8853-94b23ed7867d,Jogo de Espátulas,juegoespatulas_15079,100,3.56,1.5,ES / FR 2,1.0,/public/products/featuredImage-1733504294051-4c4ff383.jpeg,False
7759f731-2e75-4b51-a996-f8f100e5f8f5,Pochete para Celular,bolsadepo_v-8323,200,3.0,1.5,ES / FR 2,1.0,/public/products/featuredImage-1738246665403-64dfe98d.jpeg,False
b5cd547d-c6e0-4b6c-93ac-3fb9b4b284aa,Sérum Firmador com Retinol Booster 30ml,retinolshot30ml,200,4.2,1.5,ES / FR 2,900.0,/public/products/featuredImage-1770836479850-be0d9757.png,False
3f68a411-c656-49a1-a098-8dfadfc7daac,Lâmpada de Lava,motionlamp-azul_15441,20,10.1,1.5,ES / FR 2,1.0,/public/products/featuredImage-1736962265384-780fb334.jpeg,False
e863b4ed-c4fe-429e-b0a2-5890fd586940,Massageador Elétrico de Ventosas,ventosa_14760,80,6.47,1.5,ES / FR 2,1.0,/public/products/featuredImage-1734036254571-d39607e9.JPG,False
3c480eb4-5cda-4ac8-926d-374afd313c5b,Sapateira para 30 pares,zapatero_14654,30,9.17,1.5,ES / FR 2,1.0,/public/products/featuredImage-1733935637740-c56d020d.jpeg,False
21aea273-bcee-447a-8ee5-2d65ceaf52d7,Cápsulas vaginais,capsulas,70,4.7,1.5,ES / FR 2,900.0,/public/products/featuredImage-1751122284028-d647ee08.png,False
299f075f-3d9f-4b20-b782-bf45acb4ba92,Conjunto de 13 Peças de Utensílios de Cozinha,set13utens_15742,80,12.0,1.5,ES / FR 2,200.0,/public/products/featuredImage-1738248399971-da99f81f.jpeg,False
2981c77b-6a23-4acd-9573-b6aa6e728f53,Creme para varizes Ximonth,varicosa,500,4.2,1.5,ES / FR 2,900.0,/public/products/featuredImage-1776041835309-e0394643.png,False
cdb27a87-449d-43bc-81e2-6b6c1910b7da,Painel de matriz LED 16,ledmatrix_15840,50,65.4,1.5,ES / FR 2,900.0,/public/products/featuredImage-1775408810451-4d239409.png,False
eb1f9a84-bc21-46d8-92c0-72d55d4c3a4d,Afeitadora Surker,surker_14797,20,6.62,1.5,ES / FR 2,1.0,/public/products/featuredImage-1733497247844-5f065c4e.jpg,False
a02fab65-6978-4293-8035-a705793db479,Farol de Camping Preto,farol_15139,100,7.13,1.5,ES / FR 2,1.0,/public/products/featuredImage-1733695737765-81ac9f37.jpg,False
e46140ba-c3cd-4091-92fe-9d19d77c7854,Mini Motosserra Elétrica Recarregável 48V,si_6945466635363,20,20.2,1.5,ES / FR 2,2000.0,/public/products/featuredImage-1737120221799-163386ca.jpeg,False
250193ce-d8c1-4eed-a2a5-c9e1841dd71f,Combo de 2 unidades do Creme de sebo bovino,evilgoods_15913,1500,8.4,1.5,ES / FR 2,900.0,/public/products/featuredImage-1770730429324-11e1248f.png,True
91200c78-6031-4c0b-900b-2aeb731ed883,Óleo Bee Wax para ilustrar madeiras,embeewax,60,3.05,1.5,Espanha 1,300.0,/public/products/featuredImage-1746955198805-f28122d3.jpeg,False
d06b8ff1-4d75-4459-9595-3315edbd34f2,Lâmina Daling 2 em 1,daling_13467,100,10.19,1.5,ES / FR 2,1.0,/public/products/featuredImage-1733406671524-3da1ad6f.jpg,False
72bedcbb-1b84-4312-bb1c-4165b31d80c7,Sanduicheira de 750 W,sandwicher_14158,30,14.95,1.5,ES / FR 2,900.0,/public/products/featuredImage-1776257484690-9ff2ddfa.png,False
f547613b-6437-4625-b822-82f605415c56,Chaveiro carregador tipo C 2220mAh,llaverocargatipoc_v-7790,100,4.58,1.5,ES / FR 2,1.0,/public/products/featuredImage-1733764775469-dbb42b93.jpeg,False
9f51df59-2fe1-4545-a826-579e5cf8a160,Massageador de pés elétrico EMS,EM00002,10,4.75,1.5,Espanha 1,1.0,/public/products/featuredImage-1718457191992-f36467ad.jpg,False
ff74b827-b6de-43be-8815-7f64ed8e7cf9,Combo de 2 Unidades Body Emagrecedor Preto,bodyslimnegro1_m,90,10.18,1.5,ES / FR 2,900.0,/public/products/featuredImage-1750451072651-22226af7.png,True
920a4dc4-a298-4fda-9ca9-479cc632f014,Garrafa térmica compacta e elegante de aço inoxidável com capacidade para 350 ml,botellater_14373,200,5.95,1.5,ES / FR 2,900.0,/public/products/featuredImage-1769606284934-4d098514.png,False
1b51a13c-b558-4383-a1ed-627b1fe2172a,Jogo de Mesa - Cofrinho Dinossauro,juegohucha,200,11.2,1.5,ES / FR 2,1.0,/public/products/featuredImage-1733236083471-3e67d02b.jpeg,False
3a3cebce-643e-4151-a95e-62ef771bee89,Garrafa térmica de aço inoxidável de 500ml - Durável e elegante,botellater_14374,200,6.3,1.5,ES / FR 2,900.0,/public/products/featuredImage-1769605889723-30152cd4.png,False
14fb9509-ac78-4f89-965b-9d956aa8d255,Solução facial antienvelhecimento com glóbulos brancos e colágeno - 120ml,globulosbchafful,100,4.2,1.5,ES / FR 2,900.0,/public/products/featuredImage-1765390420240-4c49d17b.png,False
ab2b5481-59da-4a27-a50e-b1b55dc91139,Aquecedor Elétrico Portátil Plugável 1000W 110-220V com Controle Remoto - Calor Instantâneo e Seguro,flame_15627,400,10.7,1.5,ES / FR 2,900.0,/public/products/featuredImage-1759509142593-5afa8cdc.png,False
24cb6849-82e6-49a3-a8ba-7a201af6aba3,Envasadora a Vácuo 2 em 1,sellad_14241,90,6.62,1.5,ES / FR 2,1.0,/public/products/featuredImage-1733485847952-ed2dec0b.jpeg,False
b5951a1d-8b1f-4be9-9b25-27c2d81cb306,Manteigueira,aceitera_15355,100,3.56,1.5,ES / FR 2,1.0,/public/products/featuredImage-1732882267724-14c3912b.jpg,False
66a759a2-52b2-4a70-b810-1c30620f249e,Sérum Facial Regenerador com Sangue de Dragão - 30ml,sangrededragon,200,5.2,1.5,ES / FR 2,900.0,/public/products/featuredImage-1749469834069-cd784a07.png,False
4dd14710-0ae6-47c0-83e5-b782b0677579,Combo de 5 unidades do AIR COOLER,aircooler_14088,100,31.85,1.5,ES / FR 2,1.0,/public/products/featuredImage-1751456330660-f408f3ea.png,True
97d5f050-624a-459f-9b98-bbd240129892,Limpador de pincéis automático,brush_15308,100,4.58,1.5,ES / FR 2,1.0,/public/products/featuredImage-1733402200673-e17401bd.jpeg,False
22e32693-b8ff-4ed1-9b84-6911fe480d01,Caixa de Som Teknofun Dragon Ball Z Vegeta,teknofun_811352,100,10.2,1.5,ES / FR 2,1.0,/public/products/featuredImage-1737653144455-5e034622.jpeg,False
1a67792e-a424-49a2-ba47-b64f56335c07,Kit de Clareamento Dental Recarregável com LED,smilekit-negro_15736,90,12.95,1.5,ES / FR 2,1.0,/public/products/featuredImage-1738934360687-48b5948c.jpeg,False
1e0c528d-92b0-4171-b3d5-d28c4dfb400e,Dispositivo de TV inteligente V96 ANDROID,v96android_v96,100,26.0,1.5,ES / FR 2,1.0,/public/products/featuredImage-1733504643134-2e50e5b7.png,False
fea7e0e0-3332-40e9-84d9-922cd4caa949,Base com Colágeno,basecolageno_0527,20,5.09,1.5,ES / FR 2,1.0,/public/products/featuredImage-1746721229983-96c8e7f6.jpeg,False
badcb29b-096e-451b-9894-28fdaefa069f,Máquina de cortar cabelo profissional sem fio - potência e precisão para todos os estilos,vgr078_14394,200,16.1,1.5,ES / FR 2,900.0,/public/products/featuredImage-1760448825366-96953d1e.png,False
c8980b8e-eeb2-4bec-95c4-9093c80f5cf5,Jogo de Mesa Camelos Selvagens,juegocamello,100,11.2,1.5,ES / FR 2,1.0,/public/products/featuredImage-1733235783586-100fe820.jpeg,False
a17e2074-5e9c-4c88-8d42-2b731eb7fa99,Lâmpada Solar Recarregável,lmp_ab-ta134,200,7.64,1.5,ES / FR 2,1.0,/public/products/featuredImage-1732802303850-d5f6c1c6.jpg,False
e844f236-4e9a-4949-9ba5-0a7ad833a069,Carrinho de brinquedo para todos os terrenos,cochedejug_12945,100,24.4,1.5,ES / FR 2,900.0,/public/products/featuredImage-1769603194518-628fac67.png,False
fa0d0d88-440e-4bc6-99c8-f7f8e0acd348,Cortador de Legumes Manual Multifuncional,picadordev_14229,200,8.9,1.5,ES / FR 2,900.0,/public/products/featuredImage-1776434976384-6dc06cd4.png,False
a7d17b81-e614-453d-93ba-32baeaeae0d7,Secador de sapatos,calentadorzapato_15416,20,9.73,1.5,ES / FR 2,1.0,/public/products/featuredImage-1733762677587-a7e53878.jpeg,False
32d69a0f-acfd-4873-b2a6-8a8539253ca9,VECOSLAX 30 Cápsulas,552069,500,5.3,1.5,Espanha 7,500.0,/public/products/featuredImage-1763049535656-32c00ec4.jpg,False
408a83cf-9887-430b-961e-802700d7616c,Máscara Facial de Abacate Clareadora e Rejuvenescedora,clarificanteagua,200,2.2,1.5,ES / FR 2,900.0,/public/products/featuredImage-1747937915058-1bdead91.jpg,False
e49d72fd-a246-4ea5-a14c-d0f29852743f,Sabonete Facial Essência Árabe 100 ml,limpiafacia100ml,100,3.65,1.5,ES / FR 2,900.0,/public/products/featuredImage-1765974965218-00aa802d.png,False
676a2fac-6eeb-425b-894a-d8e17fd9b16c,EXPANSOR,expansor_13910,100,4.07,1.5,ES / FR 2,1.0,/public/products/featuredImage-1733402030488-bd07e1a1.jpeg,False
262be099-5b5f-4b70-b30d-8aa67431e29c,O cortador de pontas abertas,cortapunta_14020,100,16.82,1.5,ES / FR 2,1.0,/public/products/featuredImage-1733488773389-77bbafbb.jpeg,False
a67e0699-288a-4683-af46-0bf7dcda6c8f,Limpafor e suporte de pinceis de maquiagem,limpiadormaquillaje_15410,100,3.05,1.5,ES / FR 2,1.0,/public/products/featuredImage-1733754260261-4ad0dc66.jpeg,False
e60b301b-a58f-4ba4-8893-f551518f59ec,Luz LED Hexagonal - Conjunto de 3 Unidades,3udhexagonoluz_w7-99,30,8.15,1.5,ES / FR 2,1.0,/public/products/featuredImage-1733484900462-53c8f181.jpeg,False
689eb529-4e67-4575-b9cf-932302f4d70f,Estimulador Muscular de Glúteos EMS,estimulaculo_14082,200,3.71,1.5,ES / FR 2,1.0,/public/products/featuredImage-1733936616438-c62fe99c.jpeg,False
60494ea8-366b-4df8-a5d8-fd8a5fed97c9,Rizador automático sem fio de ondulação,autoriza_13924,200,9.24,1.5,ES / FR 2,1.0,/public/products/featuredImage-1733493106775-d47ad05d.jpeg,False
d9013303-630c-4008-8cbe-8ab4e949ecf1,Massageador Cervical Elétrico AORLIS,masajea_ao-78113,50,9.9,1.5,ES / FR 2,900.0,/public/products/featuredImage-1771816805897-23153ff6.jpeg,False
e4197151-0324-41f1-b882-38a01f0ea5a6,Bolsa encasadora  26x28  com 10 unid,bolsaenvasado10,100,3.56,1.5,ES / FR 2,1.0,/public/products/featuredImage-1733487064021-da57923b.jpeg,False
fc709878-a01d-4c19-bc99-479ba8de02b9,Kit Com 3 Unidades Controle de Jogo 4K,gamestic_gl69794,60,29.4,1.5,ES / FR 2,900.0,/public/products/featuredImage-1747167057311-6baeb30c.png,True
0472fbd3-b073-42d4-acdb-e58c047a4327,Mini Evasadora com 10 Bolsas,vaciocon_10bolsas,200,7.13,1.5,ES / FR 2,1.0,/public/products/featuredImage-1733502851701-4c653ddf.jpeg,False
d89b3d03-c7ef-4d49-b866-f84cfbebc1ff,Corretor de postura,postura_13438,100,3.51,1.5,ES / FR 2,1.0,/public/products/featuredImage-1733323979413-27ef75b0.jpeg,False
4d84c4fe-7e86-4816-8155-50a5a6ed712d,Adesivo SlimPatch no umbigo 30 unidades,em30slimpatchdetox,30,2.7,1.5,Espanha 1,300.0,/public/products/featuredImage-1719062035382-9c5cae6f.jpg,False
9f3f19f3-bc89-4883-8fae-71ff1aee384a,Processador de Alimentos Multifuncional 2L 250W,procesador_14165,200,18.55,1.5,ES / FR 2,900.0,/public/products/featuredImage-1776435502384-32790a1d.png,False
15447ee4-3ae2-4ded-a9dd-54499833f561,Creme Facial Clareador 5 em 1 com Vitamina C Ativa - Niacinamida - Pele Radiante a Cada Aplicação,iluminadorvitamc,100,4.2,1.5,ES / FR 2,900.0,/public/products/featuredImage-1749429678982-1b564e5a.jpg,False
d534fde1-11aa-4b1b-89ad-b41ee8646da6,Escorredor de louça de dois níveis em aço inoxidável -Branco,escurridor_16030,100,18.9,1.5,ES / FR 2,900.0,/public/products/featuredImage-1765392406667-8bc4b02d.png,False
06bf079c-771a-437b-b40a-c43a05128c71,Combo de 2 unidades do  Massageador de Pés,piesyartic_,200,17.68,1.5,ES / FR 2,1.0,/public/products/featuredImage-1751649596421-3b02d6d0.jpg,True
425fb2ed-16b4-4a44-8d12-0c391899041b,Corretor de Joanetes com ajustador,EMAlineaDedo,200,6.6,1.5,Espanha 1,1.0,/public/products/featuredImage-1718640874953-db1704a5.png,False
83df46db-295b-491e-abb9-a3d631784ac3,Máscara de Cílios de Fibra de Seda 4D,mascarafibraseda_6970779603020,600,2.0,1.5,ES / FR 2,200.0,/public/products/featuredImage-1740072054250-4d74894a.jpg,False
4955cae9-9996-4114-8f40-d80606442f47,Chapinha RD-216,plancha_7888818029023,100,9.68,1.5,ES / FR 2,1.0,/public/products/featuredImage-1733417394289-7e7f8726.jpg,False
34959efe-5352-4b0f-9399-edc0f91b2ad2,Lip Injection Glass Glow - Óleo Labial Voluminizador 12 ml,lipglow,50,4.8,1.5,ES / FR 2,1.0,/public/products/featuredImage-1733313195522-3e3eb752.jpeg,False
b92c51ee-4e51-4d8b-9207-95aab722e24a,Prancha de cabelo profissional de alta precisão,alizadorde_13887,200,12.3,1.5,ES / FR 2,900.0,/public/products/featuredImage-1769192617691-a26559e1.png,False
a30d0245-7084-4baa-b5fa-3aea2064dd89,Tampão para garrafa de Vinho,taponvinovacio_14306,200,2.54,1.5,ES / FR 2,1.0,/public/products/featuredImage-1733416752029-04ce259e.jpeg,False
766d2710-747a-4f20-81d6-923c6a291e7e,Tapetes de carro universais,tapeteuniversala,300,5.1,1.5,ES / FR 2,900.0,/public/products/featuredImage-1749433657646-65d437b1.jpg,False
2c8a92d4-0654-409f-9682-c0ea1086870a,Humidificador LED rosa,humidificador_14029,300,4.15,1.5,ES / FR 2,1.0,/public/products/featuredImage-1733753035858-ab3abc6d.jpeg,False
7124e2af-abd4-4931-9646-0636f44640fc,Livro de som de aprendizagem em espanhol,librobebe_14659,500,5.09,1.5,ES / FR 2,1.0,/public/products/featuredImage-1733486576040-11cd41d6.jpeg,False
0c7e4947-1a13-42df-bb70-b55dd60da64f,Mini Embaladora mais 20 Bolsas,vaciocon_20bolsa,40,10.19,1.5,ES / FR 2,1.0,/public/products/featuredImage-1733753075773-7e6b94d4.jpg,False
84a56435-7cbf-4b40-ba12-0c8ebcf07ec2,Creme de Noite Antiarrugas com Pro-Xylane 130g,cremnocheantiarr,100,225.0,1.5,ES / FR 2,1.0,/public/products/featuredImage-1737117311268-3f52ec73.jpeg,False
14ffeb27-1cff-4319-8d52-55d46e72013e,Almofada Protetora para os pés,tiptoe_15326,200,0.91,1.5,ES / FR 2,1.0,/public/products/featuredImage-1746215967196-b5c3c002.png,False
f891dccd-4297-4d12-ba56-05b016ee8bb6,Violent Fan X8 - Ventilador portátil ultra potente,aire_16070,200,9.2,1.5,ES / FR 2,900.0,/public/products/featuredImage-1765977096343-f747048a.png,False
ee2a0b9a-e6ed-45e1-be5b-409ede3292a5,Cinta Body com Fecho,bodycremallera_14595,50,6.11,1.5,ES / FR 2,1.0,/public/products/featuredImage-1732884423447-3fdc9fce.jpg,False
2a7e26ad-04a3-487d-989b-682aaeab7857,Afiador de Facas Profissional Tungstênio,afilador_14213,200,3.03,1.5,ES / FR 2,1.0,/public/products/featuredImage-1733500220867-f550236b.jpeg,False
b5f0575e-1d28-472d-910e-e623b683e86e,Secador de cabelo compacto de 800 W - Potentele - leve e perfeito para uso diário,secado800w_14098,100,18.55,1.5,ES / FR 2,900.0,/public/products/featuredImage-1774451137730-082d1720.png,False
be305a9d-c8a0-4f3c-affc-e99f753eb498,Luz de vídeo LED Iluminação profissional para fotografia e vídeo,ledvideolight,100,3.6,1.5,ES / FR 2,900.0,/public/products/featuredImage-1746798270548-aaff60cc.jpeg,False
20b9a902-c4da-4852-8a5d-679cc96e35c7,montagens magnéticas para carros,soportema_g-1076,200,3.6,1.5,ES / FR 2,900.0,/public/products/featuredImage-1750078721541-d0672602.png,False
26fd7760-505d-4432-b9b1-c5ab5ddcc7b0,Mini tábua de vapor portátil,minplanch_14351,200,7.64,1.5,ES / FR 2,1.0,/public/products/featuredImage-1733486357477-4c54ff5f.jpeg,False
1876dcd8-7b56-4fe0-b676-b4a1df268db5,Escova Dental ultrassônica,cepiultson_14092,300,5.09,1.5,ES / FR 2,1.0,/public/products/featuredImage-1733486679947-f9fbad21.jpeg,False
024cd259-973e-4170-98ab-6c5593dcc3c7,Ducha Turbo,cabezaturb_15430,100,3.56,1.5,ES / FR 2,1.0,/public/products/featuredImage-1733418500394-179c8c76.jpeg,False
b658270b-c16a-45d2-87c8-6e910a2e050c,combo 4 unidades Sabonete Compacto para Cabelos  Elimina Cabelos Brancos,jabon_15620,50,9.36,1.5,ES / FR 2,1.0,/public/products/featuredImage-1751369500014-18a66682.jpg,True
d65d0386-ff20-431b-88c8-6ecbba24bac1,Depiladora YES,depiyes_14962,70,4.53,1.5,ES / FR 2,1.0,/public/products/featuredImage-1733763696800-c4bcf7b8.jpeg,False
7ea9984f-fdde-4989-860a-ada967f2396a,Escova de ar quente multifuncional,cepilloali_14365,100,11.1,1.5,ES / FR 2,900.0,/public/products/featuredImage-1769542100338-a3ab92e8.png,False
d1da3c9d-11f6-49c4-baf3-75bc48d5526a,Monitor de Pressão Arterial Eletrônico Controle Preciso e Fácil em Casa,electronicblood,100,12.8,1.5,ES / FR 2,900.0,/public/products/featuredImage-1746022817705-77774c4d.jpeg,False
c120eba4-fee9-40d9-988c-e2e4bdc5c847,Garrafa Térmica 1200 ml,termoceleste_15521,100,8.15,1.5,ES / FR 2,1.0,/public/products/featuredImage-1733406662452-c5ec2e4c.jpeg,False
a561258b-0b9a-46de-8efd-5459880450a5,Varal Telescópico com Capacidade Máxima de Carga de 20kg,tendederot_15929,200,9.7,1.5,ES / FR 2,900.0,/public/products/featuredImage-1760383679317-e34f018c.png,False
56ae046d-a242-46d6-b0cc-09db594bf794,Alto-falante Bluetooth,altavozs_gl69304,80,12.5,1.5,ES / FR 2,200.0,/public/products/featuredImage-1738248638892-7052bd64.jpeg,False
6484fc34-21af-4edc-b902-db2c96ed9543,Cabeçote Turbo para Chuveiro,duchaespiral_7438644334336,100,4.07,1.5,ES / FR 2,1.0,/public/products/featuredImage-1734024399844-48f2eb12.JPG,False
1bafd17e-5736-4c6a-a18a-6bc6ca43d0f9,Mini Evasadora  com 3 Bolsas,vaciocon_3bolsas,300,4.99,1.5,ES / FR 2,1.0,/public/products/featuredImage-1733502766280-7e4c608a.jpeg,False
1caf0703-3646-41c3-9bd8-5b4f11b815ef,Faixa de correção postural ajustável,bandasfitn_13764,200,5.1,1.5,ES / FR 2,900.0,/public/products/featuredImage-1769603787582-c22cb310.png,False
5de6458c-ab82-47a0-b4ea-975e59ce902f,Receptor digital terrestre 1080p com PVR - USB - H 265 - HDTV,receptor_gl70205,30,16.55,1.5,ES / FR 2,900.0,/public/products/featuredImage-1765976541418-b705a1c7.png,False
0683df05-459e-410c-a56f-7d7b452678f3,Aquecedor Elétrico Portátil 1000W 110-220V com Controle Remoto,heatcue_15266,30,12.7,1.5,ES / FR 2,900.0,/public/products/featuredImage-1759509378745-139b1cb4.png,False
3200919f-b403-4c43-ae06-5f0462e49088,Cinta com Efeito Sauna,fajasauna_14028,50,3.54,1.5,ES / FR 2,1.0,/public/products/featuredImage-1732884237061-8b98fcb1.jpg,False
f66d5963-3101-4709-80eb-bcb642255084,Projetor Portável,proyector_v-8221,20,40.2,1.5,ES / FR 2,1.0,/public/products/featuredImage-1732810616795-334ee822.jpeg,False
a4114b1e-bf1a-430e-a5b9-ef5c2e107409,Removedor Sônico de Pelos de Animais,pelossonic_14244,20,7.1,1.5,ES / FR 2,900.0,/public/products/featuredImage-1776256330694-35ed88cb.png,False
6223d85d-7d70-4760-a76a-7648b88c658c,Combo de 3 Unidades Máscara de Colágeno,biomaskcollagem,500,11.1,1.5,ES / FR 2,900.0,/public/products/featuredImage-1747854379062-9edbb94c.jpeg,True
643a6025-f8f0-45d7-873c-bbc7a437df6e,Drone E58,drone58_13683,50,15.7,1.5,ES / FR 2,900.0,/public/products/featuredImage-1746467177909-016830cb.jpg,False
14884659-8d8a-4498-bb54-4f6b54a9cd51,Limpador Facial Elétrico,limpaut_13397,100,3.51,1.5,ES / FR 2,1.0,/public/products/featuredImage-1733937940665-2474c107.png,False
5e9f6e11-d419-455d-afa5-c7f445cd871b,Compressor de ar portátil multifuncional com visor LED e partida de emergência,compressor_15943,50,35.2,1.5,ES / FR 2,900.0,/public/products/featuredImage-1765408471355-209e01df.png,False
680dab15-e057-43c7-b511-36826e6a0317,Conjunto de joias de ouro aleatórias com pérolas,joyasdoper_15918,50,6.3,1.5,ES / FR 2,900.0,/public/products/featuredImage-1775407577957-ce48d759.png,False
98a6524f-2aee-4a75-80e9-992796119912,Mini Power Bank Ultracompacto de 5000mAh Preto com Cabo Integrado,powerbank_g-1438,100,6.85,1.5,ES / FR 2,900.0,/public/products/featuredImage-1765975297489-0ce7adcc.png,False
489763f7-2495-4f43-a8d4-e0898333ee17,Carregador de telefone,cochecargador_v-7875,100,11.72,1.5,ES / FR 2,1.0,/public/products/featuredImage-1733495659180-afef2efa.jpeg,False
817c3179-467a-4b2e-92eb-817a5dca45cf,Escova Alisadora para Homens,cepibarba_15353,300,3.56,1.5,ES / FR 2,1.0,/public/products/featuredImage-1732887209789-adc40f6a.jpg,False
a36989ea-c499-43c4-a64c-30683ae091df,RC Drone 8807,dron_12458,90,51.49,1.5,ES / FR 2,1.0,/public/products/featuredImage-1733490168044-62ec8e06.jpg,False
16e9e18b-f0cd-49be-a887-3ad61775cd8b,Creme Facial SOS para Acne 50 ml - Retinol Complex,acne50mlretinolc,100,5.65,1.5,ES / FR 2,900.0,/public/products/featuredImage-1766419891167-96e8f30e.png,False
2339870d-4838-40b4-9238-9cba0fc36e00,Mini envasadora e 5 bolsas,vaciocon_5bolsas,200,5.6,1.5,ES / FR 2,1.0,/public/products/featuredImage-1733502568028-6192043d.jpeg,False
05523a8f-6342-4323-975c-b13378a43ec5,Conjunto esportivo feminino Cinza,conjuntogris_15289,50,6.11,1.5,ES / FR 2,1.0,/public/products/featuredImage-1733417701356-c5211fde.jpeg,False
aeec00bb-f0d5-49f5-804f-9d80282158e4,Suporte para iPad com base giratória de 360,soportei_gl70084,100,4.55,1.5,ES / FR 2,900.0,/public/products/featuredImage-1760446773790-61fcd2e2.png,False
f2e41662-5bae-41ec-b831-8d79764b5177,AIR COOLER,aircooler_14088,100,6.37,1.5,ES / FR 2,1.0,/public/products/featuredImage-1746209929580-abd44928.jpeg,False
e73f9e49-2769-4a1b-9bea-b32a78786134,Shampoo para Cachorros 200 ml - Retinol Complex,champcachor200ml,200,5.65,1.5,ES / FR 2,900.0,/public/products/featuredImage-1766340551792-d7ce5026.png,False
5c6cbc24-e82b-48ce-9f89-5dc663ea8bb3,Conjunto de Brinquedos Dominó com Peças,domino_14319,200,9.66,1.5,ES / FR 2,1.0,/public/products/featuredImage-1732799547392-37384944.jpg,False
a0d48d7f-a859-4c60-a666-8e9e0a64ecf1,Labubu Mistery Box,ali:15861,600,5.2,1.5,ES / FR 2,900.0,/public/products/featuredImage-1752060601728-5621dd1f.jpeg,False
3d7739cd-790f-47d5-a482-4a15aa28f19a,Cacto Dançante Interativo e Divertido,cactusbail_14749,100,6.3,1.5,ES / FR 2,900.0,/public/products/featuredImage-1769544231625-4c0b979b.png,False
ec2befe9-6d4b-41ca-b37b-49159b2e6f73,NOOTRÓPICO 110 Cápsulas,552201,900,7.57,1.5,Espanha 7,500.0,/public/products/featuredImage-1763047947466-b3605873.jpg,False
fc6ebb2f-2a99-429f-a6c3-5cce18822b5b,Ventilador mini Portatil,ventiladr_gl69291,80,5.09,1.5,ES / FR 2,1.0,/public/products/featuredImage-1733487482075-d036e892.jpeg,False
7c94a6ac-eaba-405b-9f9a-2084725e5ef0,Máquina de cortar cabelo masculina 1200mAh,maquinill_g-1001,20,5.3,1.5,ES / FR 2,900.0,/public/products/featuredImage-1747145613260-2dabe016.jpeg,False
8d6fed52-f613-444c-80a9-8924c9ca85cd,PISTOLA DE BOLHAS,burbujaconejo_15392,200,4.58,1.5,ES / FR 2,1.0,/public/products/featuredImage-1733504891924-6c7e7726.jpeg,False
81b4dcd4-eef6-4856-ab07-35554db25f33,Carro Teledirigido Acrobático,cocheturn_14850,100,6.2,1.5,ES / FR 2,1.0,/public/products/featuredImage-1737030014369-3d08cc89.jpeg,False
f0378cd3-6e41-4f60-9c43-ccfa47416149,Escova para Mascotes,cepilloperro_azul14583,100,3.0,1.5,ES / FR 2,1.0,/public/products/featuredImage-1733762170683-9463b83d.png,False
17a5d292-fd6d-4f87-b380-a3be4a599f58,Batedeira de mão compacta e portátil de 20 W e 5 V,batidorade_14238,70,10.5,1.5,ES / FR 2,900.0,/public/products/featuredImage-1769609473022-1767ef42.png,False
8815933e-d864-460b-8121-62e258b07651,Aquecedor de Tomada 400 Watts,calefa400w_15210,300,7.15,1.5,ES / FR 2,1.0,/public/products/featuredImage-1746239564408-5765e2f6.jpeg,False
874ec33a-a742-4b0b-8835-6c84d86e4909,Óleo Capilar Essência Árabe com Colágeno 100 ml,aceiteparac100ml,200,4.2,1.5,ES / FR 2,900.0,/public/products/featuredImage-1766339370104-a12d60a6.png,False
2ad1c227-ecb5-4fc7-ba76-edaa67566fef,HOYGI Máscara Facial de Colágeno,hoygicollagenoma,100,4.6,1.5,ES / FR 2,1.0,/public/products/featuredImage-1737651980510-59ae929d.jpeg,False
348ed976-5c8b-4017-a5fd-5ecb2d801ff7,Adaptador Dongle de Tela Sem Fio para TV - Transmita tudo do seu celular,wireless_gl69610,100,12.45,1.5,ES / FR 2,900.0,/public/products/featuredImage-1765390628799-80354def.png,False
fc8484e3-e2cb-4776-bb27-862b3f90eeac,Encapsulados - FAT - BURNER 100 Cápsulas,552100,800,8.54,1.5,Espanha 7,500.0,/public/products/featuredImage-1763040274158-e0a59527.jpg,False
fa46b788-abeb-4bc6-8b0b-38a23989bf9f,Máscara Facial de Carvão,mascarilla_46005,300,2.53,1.5,ES / FR 2,1.0,/public/products/featuredImage-1733693771390-cf7f5810.JPG,False
56ee4a43-b359-46f7-8f0e-2d5b8dae0e60,Prancha para cabelos curtos,planchacurl_14042,200,11.72,1.5,ES / FR 2,1.0,/public/products/featuredImage-1733496166730-77b94138.jpeg,False
579570e9-3970-462d-a01e-115383601a1e,Depiladora Laser IPL  Caixa,ipldepi_15415caja,100,25.48,1.5,ES / FR 2,1.0,/public/products/featuredImage-1733405312067-ca43059a.png,False
c5938403-0c39-4247-9618-89f9070ccf20,Mesinha de Cabeceira Branca,mesadenoch_15700,200,7.4,1.5,ES / FR 2,1.0,/public/products/featuredImage-1736948934385-a4398a64.jpeg,False
c7ebb98a-9d39-42f2-96d4-76d5a6c8bab1,Combo de 4 unidades Joelheira,rodillera_15360,300,11.0,1.5,ES / FR 2,1.0,/public/products/featuredImage-1751973807129-7b156d80.jpeg,True
a712ed84-76e7-4ad3-9205-57e28abf72ba,Combo de Shorts de Yoga Cinza e Cinta Corset Redutor,yogashorts_grey,10,6.28,1.5,ES / FR 2,1.0,/public/products/featuredImage-1753723558631-94b52be2.jpeg,True
7369e0be-1b3d-4234-8ed4-37fcbf82c97f,Pistola de Brinquedo com Luz e Som,pistola_8435533123070,100,5.95,1.5,ES / FR 2,1.0,/public/products/featuredImage-1737031002051-77257b63.jpeg,False
dc725bff-6729-4bc4-b68a-0f3fb17f2709,Combo do Dispensador de azeite e Marmita Térmica Elétrica 2 em 1 com Recipiente de Aço,dispensadoraceit_14623,100,13.74,1.5,ES / FR 2,1.0,/public/products/featuredImage-1757007740428-7f289b75.png,True
11d6a9ff-80fa-41fb-bcca-2c2b43f083da,Espelho com Luz LED,espejo_13654,200,7.13,1.5,ES / FR 2,1.0,/public/products/featuredImage-1733421359053-e83bf6dd.jpeg,False
43280da2-16b2-4490-abfb-a8dd307ba922,Combo de 2 unidades Spray Capilar com Biotina,serumbiotin,80,8.4,1.5,ES / FR 2,1.0,/public/products/featuredImage-1749583550207-99b774f8.jpeg,True
30f240fb-544c-43f5-9d5a-e650da0fc648,Porta-bebés Multifuncional,portabebe_15377rosa,10,3.55,1.5,ES / FR 2,1.0,/public/products/featuredImage-1738589217409-3807fcbf.jpeg,False
517709db-ab48-423c-94fb-8dc8df502e30,Solução Facial Multiefeito com Centella Asiática 100ml SADOER,solcentella100ml,100,4.2,1.5,ES / FR 2,900.0,/public/products/featuredImage-1760444277042-133264e5.png,False
6f85e88d-1aef-4760-acbe-0cbd2094f58a,3Q Beauty Esfoliante Corporal 350ml - Cuidado Intenso e Renovador,exfoliante3qbeau,100,5.2,1.5,ES / FR 2,900.0,/public/products/featuredImage-1753214149933-d8bf9365.png,False
a43173e1-746b-471e-b3fe-4011df852f89,Drone K102PRO,dronk10_15064,100,30.08,1.5,ES / FR 2,1.0,/public/products/featuredImage-1733502675272-59106677.jpeg,False
52d213cc-cdde-4e9d-bb15-2d5c73f970f5,Prancha vapor,planchavapor_14351,100,7.64,1.5,ES / FR 2,1.0,/public/products/featuredImage-1733490318855-e80954ef.jpeg,False
0796eccb-f1fe-4486-a225-070c237a0f6e,Sérum Hidratante Facial com Sangue de Dragão,suerosangredrago,100,4.6,1.5,ES / FR 2,200.0,/public/products/featuredImage-1740072350332-0ed99d49.jpg,False
0f54a786-1812-4911-9624-a7dbc9658165,Máscara Facial Antienvelhecimento e Suavizante de Aloe Vera - 3 Passos,calmanteantiedad,200,4.65,1.5,ES / FR 2,900.0,/public/products/featuredImage-1749434319344-8ab6c5ab.jpg,False
b1418769-34fa-45b0-9890-f7c27a30495e,Combo de Quatro unidades da Mini pistola de massagem,pistolamasaje_14101,400,50.96,1.5,ES / FR 2,1.0,/public/products/featuredImage-1751974033707-8a5f2e7a.png,True
3706dcca-7362-4fdb-8f93-e7bbefc322ab,Pistola de lavagem,pistoladelavado_15434,100,7.64,1.5,ES / FR 2,1.0,/public/products/featuredImage-1733760128788-74453f96.png,False
abe95e0d-1af4-4b4d-8ea2-22bb0b1306ae,Rosa LED,florcupula-una_15672,50,7.7,1.5,ES / FR 2,1.0,/public/products/featuredImage-1737036342874-4316134e.jpeg,False
9233d934-6fc1-4466-9079-53667e54922f,Caixa de Som TG-371,altavoztg_v-7816,200,7.2,1.5,ES / FR 2,1.0,/public/products/featuredImage-1746886781747-5b2bc266.jpg,False
59dd712b-ff82-4c77-bfb6-313a2102f782,Encapsulado Libidol H,552029,600,6.38,1.5,Espanha 7,500.0,/public/products/featuredImage-1762459180566-75fab516.png,False
54e1326e-d03a-4d1c-b572-0e42e0905135,Aspirador de pó portátil e potente para animais de estimação sem fio,aspiradora_14340,200,6.3,1.5,ES / FR 2,900.0,/public/products/featuredImage-1770832664778-39308333.png,False
910e0cf6-6776-40f2-94cb-8f2a7c28bb31,Máscara Facial de Abacate,mascarilla_46952,200,2.53,1.5,ES / FR 2,1.0,/public/products/featuredImage-1733694483054-af205aef.jpg,False
098686bd-4570-462f-b594-ae9400f657fa,Escova Alisadora XRUI,alisador_13946,200,15.29,1.5,ES / FR 2,1.0,/public/products/featuredImage-1733406461317-fe7bd36c.jpg,False
b9c56597-f4f3-4dd8-9581-4ea044eac20b,Lanterna HD-515,linternahd-515_9423201501205,100,5.52,1.5,ES / FR 2,1.0,/public/products/featuredImage-1733696032109-227939fa.jpg,False
281b815d-4a2f-4274-8370-b5a171733af2,Fita de Luz LED RGB 5,tiraled_g-1478,200,7.1,1.5,ES / FR 2,1.0,/public/products/featuredImage-1737030086488-32f86484.jpeg,False
45dd98e3-7c5b-4dde-a1a1-4966bff9dd5b,Loção Corporal Arabian Essence 500 ml,locioncorpo500ml,200,4.2,1.5,ES / FR 2,900.0,/public/products/featuredImage-1765974686628-18878cb4.png,False
41c68797-d953-48bf-8d83-3269a14452b9,Unicórnio de Pelúcia Macia,15005,200,3.4,1.5,ES / FR 2,1.0,/public/products/featuredImage-1736944556652-bcfa9e03.jpeg,False
df24f8fb-9051-4e19-9efa-7e359f3bc03d,Sérum Facial Iluminador e Refrescante de Romã - 50ml,serumfaciailumin,200,3.2,1.5,ES / FR 2,900.0,/public/products/featuredImage-1749431154865-0bf72744.jpg,False
5adad5c5-55a8-432d-bade-1c1f09f7ff73,Smartwatch X10MAX,watchx10max-dorado_v-8263,100,9.7,1.5,ES / FR 2,1.0,/public/products/featuredImage-1733403308595-f3177ab8.jpeg,False
89b6e4c4-d9b8-41e4-8cd3-6a24cb7ea725,Cabo USB-C para Lightning,tipoclig_gl69477,200,3.2,1.5,ES / FR 2,1.0,/public/products/featuredImage-1737034664507-33697e18.jpeg,False
35d7fc76-5796-4954-8feb-ff0b15ff9fb4,ANDROID TV STICK - Transforme qualquer tela em uma Smart TV,tvstick_gl70180,100,22.65,1.5,ES / FR 2,900.0,/public/products/featuredImage-1765390935095-e576e54d.png,False
bbd9d527-105e-4069-ad2f-4640b9bd5581,Garrafa de água em aço inoxidável de 500ml durável e elegante,botellaino_14004,200,8.1,1.5,ES / FR 2,900.0,/public/products/featuredImage-1769605239242-cb365680.png,False
7552dade-2359-4aee-9171-d3e5629de84c,Pistola de Bolhas de Sabão com 10 Furos - Diversão Automática de Alto Impacto,pistoladeb_15067,400,3.3,1.5,ES / FR 2,900.0,/public/products/featuredImage-1771871408823-a218c973.png,False
11e63be4-ce6b-411f-8548-5c67507e46eb,Combo de 2 unidades do Air Cooler,aircooler_14088,100,13.4,1.5,ES / FR 2,1.0,/public/products/featuredImage-1751649226002-74ceeaa2.jpeg,True
0e9b9569-c03e-4aa8-887a-b93d0f561864,Jogo de Mesa A Tapete Voador,alfombramagica_8435426966951,100,9.6,1.5,ES / FR 2,1.0,/public/products/featuredImage-1737122956900-081a18c2.jpeg,False
9795c38d-8cba-4cbc-9fae-10233d33362e,Bálsamo multifuncional em barra com cálcio 9g - Hidratação e cuidado em um só produto,calciumbalsamo9g,70,3.9,1.5,ES / FR 2,900.0,/public/products/featuredImage-1774445313527-cf16f32d.png,False
dea8c74e-117d-4612-9f6d-09e5ac92108f,Combo com 2 Unidades Máscara Capilar Reparadora 500ml cada,maskpelo_15621,200,8.98,1.5,ES / FR 2,1.0,/public/products/featuredImage-1764878380780-cc06eed5.png,True
17dc9352-5852-492b-bc5f-2ad052ab7332,Óculos Zoom Autofoco  e caixa,gafastransp_caja,200,3.56,1.5,ES / FR 2,1.0,/public/products/featuredImage-1732885362094-c6b5dccb.jpeg,False
693e6011-a85f-4e48-99f8-5eda27948f9e,Combo de 2 Unidades do Suplemento Natural 8 em 1 - Sea Moss - Ashwagandha - Black Seed Oil - Gengibre Extra Strength 19445 mg,---,100,8.4,1.5,ES / FR 2,400.0,/public/products/featuredImage-1760707426993-6a4a9b21.png,True
a7feb59e-d377-4466-9ace-843b616c2093,Combo de 3 Meias Térmicas,calcetines15267,10,6.09,1.5,ES / FR 2,1.0,/public/products/featuredImage-1752159405500-3ed29337.png,True
c1c77b47-3a35-496b-9887-7d3d3614445f,Creme dental clareador com niacinamida 120g - Sorriso mais brilhante e cuidado diário,pastadentalniaci,100,3.9,1.5,ES / FR 2,900.0,/public/products/featuredImage-1774446086830-098266e4.png,False
32147cda-92b5-4db9-ad05-fe9dd2a70e3b,Colar 7 VC  CAIXA,collar7vc_verdecaja,70,4.58,1.5,ES / FR 2,1.0,/public/products/featuredImage-1733404623406-eee90427.png,False
5e11fb3a-52dd-4d0f-a6d1-b86dfc3b709b,Máscara Facial Nutritiva e Regeneradora de Caviar,mascariregcaviar,100,4.65,1.5,ES / FR 2,900.0,/public/products/featuredImage-1747918868548-56bd31dd.jpeg,False
38f9d69c-facf-4ab6-aad4-33171b53be8b,Pistola de Bolhas com 76 Orifícios,burbuj_15068,200,8.15,1.5,ES / FR 2,1.0,/public/products/featuredImage-1734025236792-0c3f9185.JPG,False
63980f2d-1b36-4fdf-8cf8-f44e9d75afaf,Copo térmico com ventosa em formato de elefante 400ml - Divertido e seguro,calentador_13814,200,9.9,1.5,ES / FR 2,900.0,/public/products/featuredImage-1769543385116-91c268ff.png,False
8935811d-0766-4d84-b75f-487daa50d69e,Creme Facial Regenerador de Girassol,cremagirasol,200,5.5,1.5,ES / FR 2,1.0,/public/products/featuredImage-1737123449174-fb8fa272.jpeg,False
1674c99a-b08e-471c-8cf1-431c5e11f4b1,Picador de Legumes 14 em 1,veggieslic_14228,50,10.7,1.5,ES / FR 2,1.0,/public/products/featuredImage-1754585377697-4c385d64.png,False
ab831a59-b395-454e-bf58-0cb41db726c5,Creme de Essência Rejuvenescedora - 50ML,escenciarejuvene,200,6.65,1.5,ES / FR 2,900.0,/public/products/featuredImage-1747486365635-f432abe2.png,False
bd0f2da4-14ad-4bdc-8d60-2191238e9766,Combo de 2 Unidades Body Emagrecedor Bege,bodyslimbeige15192_m,300,10.18,1.5,ES / FR 2,1.0,/public/products/featuredImage-1750450862044-5f6e66a7.png,True
676f5a30-3843-4d54-9d63-4041439952cb,Almofada antitombos para bebê azul elefante,elefante_15716,60,5.6,1.5,ES / FR 2,1.0,/public/products/featuredImage-1746209082658-b0fca2c7.png,False
917b6268-c1ca-40a0-bdca-c2ce05a008cc,Sonny Angels - Figuras Colecionáveis,sonyangel_verde,500,2.7,1.5,ES / FR 2,1.0,/public/products/featuredImage-1733404428294-36e73c47.jpeg,False
74d2792d-806f-4eac-ad8f-81f8e44f5e13,Combo de 3 unidades do Spray Capilar com Biotina,serumbiotin,100,12.6,1.5,ES / FR 2,1.0,/public/products/featuredImage-1749583761343-5a79a73b.jpeg,True
9e5d9084-32bd-4fe5-a2bc-143a6acf95c3,Kit de 2 Console de jogos sem fio Retro Stick com 2 controladores,tvstick_v-8220,10,58.12,1.5,ES / FR 2,1.0,/public/products/featuredImage-1744137425764-46c74278.jpeg,True
a5cbd067-71f6-49d1-8665-6ac2f4261b16,Caixa de Armazenamento de Maquiagem,cajaorgani_15701,100,6.7,1.5,ES / FR 2,1.0,/public/products/featuredImage-1736957127399-311aa48c.jpeg,False
1049ac28-6067-40b7-ad6f-5b4c0d50a795,Liquidificador portátil de 380ml compacto e recarregável,batidora_13443,400,8.1,1.5,ES / FR 2,900.0,/public/products/featuredImage-1769607927620-f42c298b.png,False
f32a1b5e-8ef2-4d00-8897-470b4a0c03b0,Creme Facial Antirrugas Preenchedor Aloe Vera 50ml,cremaloerellenar,100,5.6,1.5,ES / FR 2,1.0,/public/products/featuredImage-1737723008624-a0f2d738.jpeg,False
12987662-7364-4f24-b910-969d81edb2cf,Suporte pasta de dentes,soportepasta_14666,100,4.58,1.5,ES / FR 2,1.0,/public/products/featuredImage-1733496245676-1488515f.jpeg,False
23229251-3d84-4c2c-a233-abcc95a38382,FÉRTIL H 45 Cápsulas mais 45 Cápsulas,552027,600,7.57,1.5,Espanha 7,500.0,/public/products/featuredImage-1763050073383-bdff5895.jpg,False
6073f0c3-27d4-4b6a-a3d9-72776d8156ad,Consola de Jogos Retro,consol8270_15719,70,49.5,1.5,ES / FR 2,1.0,/public/products/featuredImage-1737037504236-1068f962.jpeg,False
a83cd663-f257-4fb7-ade9-a82897888659,kit de 3 Console de jogos sem fio Retro Stick com 2 controladores,tvstick_v-8220,10,87.18,1.5,ES / FR 2,1.0,/public/products/featuredImage-1744137413554-215f19db.jpeg,True
e4634fc8-b175-4aa8-829f-84dee30b73b7,Creme bronzeador Ouhoe Shine Brown,shinebrown,60,3.7,1.5,ES / FR 2,900.0,/public/products/featuredImage-1749432977764-86694cd1.jpg,False
0374de08-123c-4961-a2f8-9e342d1c4448,Modelador de cabelo de efeito triplo,rizadorx3_14522,100,7.62,1.5,ES / FR 2,1.0,/public/products/featuredImage-1733138220845-3a73bdc9.jpeg,False
15d099be-4c3a-4eab-9bc9-b4f93d6fb279,Máquina de fazer cubos de gelo 2 em 1 com bandeja e tampa,hielomold_15817,40,7.15,1.5,ES / FR 2,900.0,/public/products/featuredImage-1753213758687-4230af50.png,False
291b60d8-d679-4c10-8a61-b16b5cefe548,EELHOE Máscara de Queratina,eelhoemascaraker,100,4.0,1.5,ES / FR 2,1.0,/public/products/featuredImage-1737650660949-3a93881f.png,False
358384cd-6ff0-4aea-8d27-f6129faea45f,Joelheira Completa,rodilleracompleta_15197,90,2.54,1.5,ES / FR 2,1.0,/public/products/featuredImage-1732735206598-32678477.jpg,False
12a3cd62-937f-4e1d-94c8-8c4817652800,Creme Exfoliante com 3 porcento de Niacinamida,crema_se003,300,2.33,1.5,ES / FR 2,1.0,/public/products/featuredImage-1733693273511-e8789592.JPG,False
6def5b18-7893-49b0-9cde-1ec6e8335149,Body Mist Pheromones Tropical Night,mistpherotropica,100,5.6,1.5,ES / FR 2,1.0,/public/products/featuredImage-1737132511867-9e6b3e6c.png,False
cad7fb43-c5a3-40b4-9bc8-f5e266f63261,Avião Planador com Lançador,avionconca_14828,100,3.2,1.5,ES / FR 2,1.0,/public/products/featuredImage-1737028158570-76db0cb9.jpeg,False
c9c483b5-b433-43b6-9289-18a93f9b2f8f,Medidor de Glicose Digital - Kit Completo para Monitoramento em Casa,blood_15962,100,6.2,1.5,ES / FR 2,900.0,/public/products/featuredImage-1759507471298-292a69be.png,False
66aa5918-27e7-4221-896c-10e837226d9b,FT80 Smart Watch,ft80,50,7.7,1.5,ES / FR 2,200.0,/public/products/featuredImage-1740071901167-e9e1aa24.jpg,False
662c4be0-766e-42ee-9546-a99b477f6001,Lâmpada Solar,wallsol-14657,100,9.17,1.5,ES / FR 2,1.0,/public/products/featuredImage-1747234793120-cd481f49.jpeg,False
87a9460c-c62c-4844-9444-ea22a6ac94d0,Recipiente de silicone para air fryer,airsilicona15111,90,2.03,1.5,ES / FR 2,1.0,/public/products/featuredImage-1733936072379-ef3326fb.png,False
69cf4215-7718-4c5c-84ad-fca60f837c7e,Chuveiro iônico com 32 modos,cbzalio,100,3.51,1.5,ES / FR 2,1.0,/public/products/featuredImage-1732813096478-d3275ccb.jpeg,False
9228856c-6645-4951-a222-2a973f9ac1e4,Rolo de treinamento para abdominais com suporte para cotovelos,absrodillo_15405naranja,70,14.78,1.5,ES / FR 2,1.0,/public/products/featuredImage-1736786743050-62555ed8.jpg,False
12d1d6f7-2288-4ec3-94b0-ba16e69f9523,Helicóptero,helirc2can_15401,100,11.7,1.5,ES / FR 2,1.0,/public/products/featuredImage-1737028317983-37fcc162.jpeg,False
4d200be9-9386-4041-b49c-fccb4b885ed6,Luz de preenchimento móvel - Iluminação portátil para fotos e vídeos,luzrelle_gl70201,90,4.5,1.5,ES / FR 2,900.0,/public/products/featuredImage-1765391505123-e88191d1.png,False
98559b07-5568-4c3e-9850-63b93a7cf103,Fita de luzes LED 3M,tirasled,100,10.2,1.5,ES / FR 2,1.0,/public/products/featuredImage-1730989871385-6418bfbb.jpg,False
369ef231-3e3e-472d-bba6-2094b4ae9f63,Aquecedor de alimentos portátil 4 em 1,fiambrera_15080,100,7.13,1.5,ES / FR 2,1.0,/public/products/featuredImage-1733487476028-fea298b6.jpeg,False
bd75d8c3-b0db-4ba9-abb7-4aee434463c5,MISSHA M Perfect Cover BB Cream SPF42,bbcream_88063333,200,5.2,1.5,ES / FR 2,1.0,/public/products/featuredImage-1737049570005-cabe2211.jpeg,False
0c1b444b-bc6d-47a6-a85a-d121ae3be2a2,Combo do 3Q Beauty Esfoliante Corporal 350ml e Depiladora Laser,exfoliante3qbeau,100,30.68,1.5,ES / FR 2,900.0,/public/products/featuredImage-1756319332098-8df948a9.png,True
db8055cf-9005-4440-8dd4-06d64c514e04,Console portátil Q21 para dois jogadores,conso_16016,200,12.9,1.5,ES / FR 2,900.0,/public/products/featuredImage-1775046973272-89cc49cf.png,False
24403a8f-a2ec-4685-84d7-9a4f421058ca,oculos 03,ray03,80,3.15,1.5,ES / FR 2,200.0,/public/products/featuredImage-1738933380693-678b8261.jpeg,False
2db3adc9-6a8c-4de7-a706-c0bc7ab678fb,Suporte para copo,soportechupito_13858,200,4.58,1.5,ES / FR 2,1.0,/public/products/featuredImage-1733490415448-b8795979.jpeg,False
96416769-e75c-413f-b35a-e1d78f3bf43e,Colar 7 Trevo,collar7trebol_rojo,50,4.07,1.5,ES / FR 2,1.0,/public/products/featuredImage-1733929052751-6e2297be.png,False
56cf27a0-92ae-44df-9f72-fa905e7b4885,Fones de Ouvido Bluetooth Over Ear - Conforto e Som Sem Fio,auricular_v-8515,100,22.95,1.5,ES / FR 2,900.0,/public/products/featuredImage-1759508420062-1238481a.png,False
604cd08e-8027-4373-b69c-145dcb1e6b3f,Powerbank Magnético Sem Fio,powerbankqg7_v-7626,1200,7.5,1.5,ES / FR 2,1.0,/public/products/featuredImage-1738250458656-dfccc73a.jpeg,False
609d99cb-0907-4378-8d4d-4a7185f14be5,Máscara Facial Hidratante Suprema 24K,mascarillasup24k,200,4.65,1.5,ES / FR 2,900.0,/public/products/featuredImage-1747917851431-95ea22c9.jpg,False
56282e01-f9d3-4e9b-9eca-cb83d4eaa7b8,Aparador de Barba SK-3003,afeitadora_14790,1300,5.09,1.5,ES / FR 2,1.0,/public/products/featuredImage-1733485119172-b87fece5.jpg,False
8a44ee8c-af74-43bd-be3d-c2170b092873,Carregador Multifuncional,cargamulti_v-7200,70,10.7,1.5,ES / FR 2,1.0,/public/products/featuredImage-1733495362337-861472b8.jpeg,False
96b1d0ce-da8a-47af-b980-b9d7e5fe8d4f,Luz de preenchimento LED de 16 polegadas,16inchledfilllig,100,18.4,1.5,ES / FR 2,900.0,/public/products/featuredImage-1746799195114-7d8067d8.png,False
6324a95a-5ef2-4932-b885-e8e2ec4ba803,Creme para Remoção de Cicatrizes 30g JAYSUING - Regeneração e Melhora Visível da Pele,cremajaysuing30g,200,4.4,1.5,ES / FR 2,900.0,/public/products/featuredImage-1774446346477-e2130219.png,False
9cecadcd-dccb-4dfc-9151-48c6711d75a3,Tripe 3D para Self,tripodemovil_14672,200,5.45,1.5,ES / FR 2,1.0,/public/products/featuredImage-1733761981546-27b3b032.jpeg,False
79919cbd-5e09-41d2-b31f-53528c30fd7f,Base em Creme com Vitamina C,basevitaminac,100,5.09,1.5,ES / FR 2,1.0,/public/products/featuredImage-1746721726909-0c2f28fc.jpeg,False
d3041b7f-ea4b-49e5-85d4-543159b9f521,Máscara Facial com Aloé Vera,mascarilla_46002,300,2.53,1.5,ES / FR 2,1.0,/public/products/featuredImage-1733693861519-0976440b.JPG,False
8bfe374e-077f-4c25-a70d-b7c1dfeb0ecd,Carregador ultra rápido de coche 45w,cargcoche_v-7904,300,3.7,1.5,ES / FR 2,500.0,/public/products/featuredImage-1773948442768-56eeba48.png,False
4f986a38-c230-47ae-95ee-00360862daa0,Travesseiro inflável para o pescoço,traccion_15369,200,3.4,1.5,ES / FR 2,900.0,/public/products/featuredImage-1765389784927-0b8cecaf.png,False
bdb20534-dde4-4f56-9690-2914d0600905,Cortador de Cabelo M2,afeitadora_13469,200,7.13,1.5,ES / FR 2,1.0,/public/products/featuredImage-1733418873990-2e3905af.jpg,False
a5562c35-6a4b-42c7-9c80-a461809f8c42,Sérum para unhas com veneno de abelha 50ml - Tratamento antifúngico e cuidado intensivo,nailfungus,300,3.7,1.5,ES / FR 2,900.0,/public/products/featuredImage-1765979053518-8f257eda.png,False
9373f215-764b-44d2-95ef-4a6248ff7a2d,Luz de preenchimento LED de 25 W - 30 cm - 3 temperaturas de cor -controle central,luz30cm_gl70202,30,4.8,1.5,ES / FR 2,900.0,/public/products/featuredImage-1765391168829-c8bec45c.png,False
93c829f8-a623-4f0e-a1f9-165bda51745d,Amplificador de Ecrã,pantallag-1472,60,3.05,1.5,ES / FR 2,1.0,/public/products/featuredImage-1746216602705-e1f836b1.jpeg,False
4829fa3d-c2d3-4a40-a082-0117d1e0886a,Drone Mini,dronmini_14707,300,13.7,1.5,ES / FR 2,1.0,/public/products/featuredImage-1732801105011-ce368ebd.jpg,False
dfc8f9e1-94da-4f02-b58f-6e4c688313aa,Super Secador de Pelo,dyson_7842540536945,30,20.9,1.5,ES / FR 2,1.0,/public/products/featuredImage-1733752651051-34618b45.jpeg,False
4a47bc61-0b32-41c8-9f37-60782cbc0099,Contorno de Olhos Hidratante com Ácido Hialurônico e Rosa - 20g,ojoshialuronicor,200,3.2,1.5,ES / FR 2,900.0,/public/products/featuredImage-1749430219525-5e7535d6.jpg,False
42beb781-a822-4bc5-a645-378351c0c04a,Creme Hidratante com Colágeno,cremacolageno,100,5.55,1.5,ES / FR 2,1.0,/public/products/featuredImage-1733407504476-d0867cd7.png,False
baef3b13-d2ef-4c6b-80cc-87766a8f5a2f,Base Corretora Liquido Focallure,embasecamilleanti,100,4.1,1.5,Espanha 1,300.0,/public/products/featuredImage-1718639854821-4b9a3288.png,False
0ab832f1-f0bf-440f-ad84-5029483817f0,Limpador de janela 2 em 1,limpiadorverde_14218,80,3.56,1.5,ES / FR 2,1.0,/public/products/featuredImage-1733936500256-4403e048.png,False
7d68c36f-23a4-4c67-9f02-887bd69c7a9d,Gel Roller para Olheiras,gelrollerojos_6040,50,4.07,1.5,ES / FR 2,1.0,/public/products/featuredImage-1733407366723-a12a6c2a.jpg,False
20435dc9-cbed-49db-bcac-60097946bcab,Óleo Capilar Adivasi 100ml OUHOE,adivasi100ml,100,4.4,1.5,ES / FR 2,900.0,/public/products/featuredImage-1775406876729-8a666673.png,False
05ef208c-de52-472e-bf21-03021e1facb7,Projetor 4K com Android 1,proyector_v-7889,200,103.25,1.5,ES / FR 2,900.0,/public/products/featuredImage-1776255217495-10ece4c3.png,False
4d600f40-a439-4354-846a-cc1bb792dd36,Cinta Modeladora Preta,fajamolblack_13490xl,30,4.53,1.5,ES / FR 2,1.0,/public/products/featuredImage-1753384201260-59b33924.png,False
3b17da30-0f35-4e52-8786-b2ab6bd52e2c,Pelúcia Macio de Crocodilo,peluchcoco_14990,100,3.4,1.5,ES / FR 2,1.0,/public/products/featuredImage-1736945541290-b8d2b7d1.jpeg,False
16916966-6afe-4a15-8bfc-5d4269ea4497,Máscara à prova dágua BIG MAXX BLACK QIANXIU,mascaraqianxiu,200,4.7,1.5,ES / FR 2,900.0,/public/products/featuredImage-1765977347209-52532783.png,False
fa0b259e-6899-47ba-8d0f-a0a8ebbe8d5c,Lanterna Potente,lintern_14060,80,7.13,1.5,ES / FR 2,1.0,/public/products/featuredImage-1733500100227-ec6f826d.jpeg,False
80b27dd3-4407-4919-8eef-914051839509,Liquidificador elétrico de 35 W com copo de 410 ml - Potência compacta para resultados profissionais,batidora35_13571,100,9.3,1.5,ES / FR 2,900.0,/public/products/featuredImage-1769608147549-5fe9563e.png,False
cfc7c0c4-d4a0-4b31-9ff4-3b88c76ce0ae,Cão robô interativo e inteligente - responde a perguntas e ao toque,iadog_15958,50,45.2,1.5,ES / FR 2,900.0,/public/products/featuredImage-1765407206500-2ef2b386.png,False
7040dfc9-32ff-4652-bdcd-dcc2df2f327a,Dispensador de água automático inteligente,dispensado_13820,100,4.5,1.5,ES / FR 2,900.0,/public/products/featuredImage-1770833332530-2a4d4c57.png,False
0f11312d-5f0a-4182-89f9-8e8164a0136c,Organizador Maquiagem,organizadorespej_14513,100,9.17,1.5,ES / FR 2,1.0,/public/products/featuredImage-1736780355692-dfd1bc1d.jpeg,False
c4222f25-de34-426b-a731-dfd44f6f7b3a,Set 4 Recipientes de Armazenamento Fresco com Colador e Tampa Hermética,tuper_15572,30,11.6,1.5,ES / FR 2,1.0,/public/products/featuredImage-1733313917629-167ecdb2.jpeg,False
234ca94a-58da-4272-85d7-10b4cbc31ed4,Projetor Astronauta com Conexão Bluetooth,conejo_v-8225,100,14.78,1.5,ES / FR 2,1.0,/public/products/featuredImage-1732887601816-d6ac497c.jpg,False
24b4abec-d106-43a7-a2a1-f6e0dc936fef,Prancha de cabelo elétrica profissional,planchadep_14311,100,9.5,1.5,ES / FR 2,900.0,/public/products/featuredImage-1776258795734-1f5edefb.png,False
b9c8dea9-a427-4a5f-8c15-bfae354da217,Mini Consola de Jogos Retro para TV,miniretro_14800,50,9.7,1.5,ES / FR 2,1.0,/public/products/featuredImage-1737125171650-f23e6732.jpeg,False
55fc4ffa-1d1b-4db9-8d3f-79f476cea58a,Creme antienvelhecimento para pescoço e colo,cremacuelloescot,800,4.2,1.5,ES / FR 2,900.0,/public/products/featuredImage-1750873797689-ed770732.jpg,False
6b350e87-a20b-46f6-8b7d-659fbfa2d083,Relógio Tomi,relojtomi-azul_14868,100,8.7,1.5,ES / FR 2,1.0,/public/products/featuredImage-1736895330768-db9d5b6d.jpeg,False
4b786f80-01a8-453b-9c6a-5522b024d99e,Mangueira de jardim expansível de 15 m - Flexibilidade e potência em cada rega,manguera15_13560,50,5.65,1.5,ES / FR 2,900.0,/public/products/featuredImage-1771871808378-32f1fa8e.png,False
b34a57bf-b9f8-4c61-820e-fa5bd9399313,Oculos 01,ray01,60,3.15,1.5,ES / FR 2,200.0,/public/products/featuredImage-1753724042321-49873234.jpeg,False
55c7c3db-9595-4fae-b5c7-b26d3e631099,Moedor elétrico de grãos de 300 W em aço inoxidável,grindercaf_15428,80,6.82,1.5,ES / FR 2,900.0,/public/products/featuredImage-1750081132537-5f2144e3.jpg,False
bfb3f54a-d966-4ec1-87be-aa1f47b4ca8a,Etiqueta localizadora compatível com iOS rastreador inteligente Bluetooth,locatori_gl69895,100,4.6,1.5,ES / FR 2,900.0,/public/products/featuredImage-1745944721164-ae35c8be.jpeg,False
fda7aa19-0710-446e-bf83-f3a64639c913,Combo 2 Meias Térmicas,calcetines15267,20,4.06,1.5,ES / FR 2,1.0,/public/products/featuredImage-1766777253276-f898642d.jpeg,True
d5741156-d911-4602-acad-76d1dbc5d45e,Combo de Colar 7 VC  CAIXA e Body  Emagrecedor Bege L,bodyslimbeige15192_l,400,9.67,1.5,ES / FR 2,1.0,/public/products/featuredImage-1751645837406-7ab4dc00.jpg,True
657574d3-724c-491e-a047-7f09bfa77483,Aspirador de pó portátil mini 2 em 1 compacto e multifuncional,miniaspira_15059,200,10.5,1.5,ES / FR 2,900.0,/public/products/featuredImage-1769187912258-5024f08c.png,False
7a376b4a-7ed1-473a-9fcb-4fc5b755e0dd,CREATINA 3000 MG 160 Cápsulas,552158,500,6.15,1.5,Espanha 7,500.0,/public/products/featuredImage-1763051752882-fb3eb62b.jpg,False
4c7135c7-8e8e-4cb1-b8b2-2309ab122c8e,Massageador Facila Antirrugas,masajecara_14964,90,5.55,1.5,ES / FR 2,1.0,/public/products/featuredImage-1733500342349-ffdd0142.jpeg,False
ab139c32-bb26-4627-8210-fdd5cbff1d8a,Luz Solar de Parede AB-TA122,luz_ab-ta122,200,11.72,1.5,ES / FR 2,1.0,/public/products/featuredImage-1732802102633-143b1132.jpg,False
0372b879-70ec-4c5d-afe4-1c689aa454ea,Suporte para laptop e tablet em liga de alumínio,soportela_g-1193,70,2.8,1.5,ES / FR 2,900.0,/public/products/featuredImage-1747060385467-dd27bdd3.jpg,False
588342bd-4893-40cf-b85b-7bbc60530a00,Coador giratorio duplo,coladorgiratorio_13700,100,4.12,1.5,ES / FR 2,1.0,/public/products/featuredImage-1746926367937-6bee0da2.jpeg,False
e7a21085-7334-4ca8-885f-eb200ec7f5e9,Controle de jogo 4K,gamestic_gl69794,60,9.8,1.5,ES / FR 2,900.0,/public/products/featuredImage-1747056990147-a22b8f61.png,False
8183cc4c-bdb3-4e63-8a7a-7e2c5266b5d2,Conjunto esportivo feminino Preto,conjuntonegro_15289,60,6.11,1.5,ES / FR 2,1.0,/public/products/featuredImage-1733417772010-d5aaba3d.jpeg,False
31bfe6e9-503e-4249-905b-0c8803f3e9b1,Massajador de Mão,masajeador_15559,50,18.86,1.5,ES / FR 2,1.0,/public/products/featuredImage-1733406237958-49d46e3c.jpg,False
97f5120e-66cd-4a4b-a33d-f53fecf87bb4,Sérum em Mini Cápsulas Essência de Grãos de Café,6903072413041,100,5.0,1.5,ES / FR 2,1.0,/public/products/featuredImage-1737034067071-67f81a7a.png,False
2a28262f-ecec-4f98-ba9a-3fab3052d703,Máscara Facial Hidratante Concentrada de Mel,concentradademie,100,4.65,1.5,ES / FR 2,900.0,/public/products/featuredImage-1747936944508-d03da0b1.jpg,False
3000c83e-c840-4e95-ad4c-b4bce5471f37,Adesivo para Acne com Hidrocolóides - SADOER,hidrocoloidesacn,200,2.45,1.5,ES / FR 2,900.0,/public/products/featuredImage-1749470784529-3aa8ad31.jpg,False
a182d2b5-c101-464d-b88b-c174efd6296f,Esmalte de unhas 12000RPM - Potência compacta para manicures rápidas,esmaltad_gl69835,200,16.7,1.5,ES / FR 2,900.0,/public/products/featuredImage-1760445906431-0fca2ac5.png,False
1a4664aa-54fd-4feb-b513-06feffccc632,Máquina de vapor facial profissional,vaporfaci_123855,200,14.95,1.5,ES / FR 2,900.0,/public/products/featuredImage-1776464395588-b9ff2259.png,False
e62a3c0c-ff08-48f9-8662-90ef904616ab,Apoio para tornozelo,soportetobillo_14329,200,1.72,1.5,ES / FR 2,1.0,/public/products/featuredImage-1733403108489-fce7592a.jpeg,False
eccb8f6c-f15d-4f67-8d69-72bb09451dc8,CC Cream Angeala Repair 7 in One 50g,angealarep7inone,200,4.1,1.5,ES / FR 2,1.0,/public/products/featuredImage-1737118793438-3dd12bb7.png,False
bd806647-cb89-469c-825c-3d26bff5fbd3,Porta joias portátil,portablejoyas_15356beige,50,2.54,1.5,ES / FR 2,1.0,/public/products/featuredImage-1733754420992-d2e893d8.jpeg,False
1c6daa8e-773f-4510-b876-89063afe414a,Consola Retro 500 em 1 Portátil,consola50_v-7811,100,10.5,1.5,ES / FR 2,900.0,/public/products/featuredImage-1771852044489-0705bdea.jpeg,False
53f1dbeb-b764-4192-b621-3951c7368a71,Combo de Colar 7 VC  CAIXA e Modelador Corporal Preto,collar7vc_negrocaja,70,9.67,1.5,ES / FR 2,1.0,/public/products/featuredImage-1751567269048-346589db.jpg,True
250ba6b3-a101-45a6-bdbe-336e9dc209a8,Máscara Facial Ácido Hialurônico PACK 4 unidades,mask-4uds_46954,400,7.63,1.5,ES / FR 2,1.0,/public/products/featuredImage-1733402415544-ebde94dd.jpeg,False
0cf24f3f-6b0c-4eef-ba84-4189c32eb8e9,Sérum Premium 5 em 1 para Rugas Persistentes com Extrato de Levedura e Caviar,serumpremarrugas,100,4.6,1.5,ES / FR 2,1.0,/public/products/featuredImage-1737116249650-d47325f4.jpeg,False
19aa27a0-2bb6-48f6-a721-432b46daa76f,Resfriador Magnético para Celular,cooling_gl69632,200,6.7,1.5,ES / FR 2,1.0,/public/products/featuredImage-1736951797163-a6ba4c5f.png,False
44c34392-9160-4a82-93ae-2daf02c4beda,Picador de Alho Automático,picadorautomatico_8421235212112,100,4.58,1.5,ES / FR 2,1.0,/public/products/featuredImage-1733499489373-9f773454.jpeg,False
1ed1c8ec-9bc7-4910-b8f4-aa57049973ed,Pelúcia Bubble Tea,peluche_15259,100,4.8,1.5,ES / FR 2,1.0,/public/products/featuredImage-1737120506648-893e4966.jpeg,False
97b7fd4c-ea22-43e0-ace6-a959743d178e,Rosa Preservada,rosagrande_15734,300,7.7,1.5,ES / FR 2,1.0,/public/products/featuredImage-1752075146025-0bdbe052.jpg,False
105f7352-a150-43e1-84e1-8245b58f062c,Máquina de Costura Portátil,portacoser_14891,100,4.7,1.5,ES / FR 2,1.0,/public/products/featuredImage-1733494230316-a9cd3143.jpeg,False
dfe10080-204d-4df2-9e1c-171b625c66d7,suportes de mesa para braço preguiçoso,soportebr_v-7261,200,4.6,1.5,ES / FR 2,900.0,/public/products/featuredImage-1750079964867-f5c23a36.jpg,False
f6b97856-995e-4505-9ee6-8a7a61a22a65,Mini Envasadora,solominivacio_14723,200,4.07,1.5,ES / FR 2,1.0,/public/products/featuredImage-1733330982995-a01ffd15.jpeg,False
4864c81b-784f-4531-b00c-ee581e1aaf58,Conjunto de chaves de fenda 51 em 1,desto51en1_g-1231,200,7.19,1.5,ES / FR 2,1.0,/public/products/featuredImage-1733487386965-771f63e8.jpeg,False
6a0c1e2b-3c72-4ee3-b6a8-e8acc7db96d2,Carregador Veicular Dual USB e USB C  Com Carga Rápida e Compacta,cargador_gl69688,300,3.7,1.5,ES / FR 2,900.0,/public/products/featuredImage-1746464045770-3c6e73f8.jpeg,False
8ca89725-1b9d-419e-9e40-ec1340622832,Cortador de unhas para bebês,bebeunas_15412rosa,30,3.56,1.5,ES / FR 2,1.0,/public/products/featuredImage-1732793577926-b1202155.jpg,False
f7d8556c-e5ac-42ae-acad-68af91c57a51,Ventilador USB de Mesa com Rodinha Dobrável Compacto e Portátil para Escritório,wheelfan_gl69309,200,8.2,1.5,ES / FR 2,900.0,/public/products/featuredImage-1746017270463-8c3fba9e.jpeg,False
ba0888cb-2bea-48d3-b5d9-55445529c62e,Cortador de pelos recarregável para animais de estimação - Modelo Q-T180,pistola_8435533123070,100,12.7,1.5,ES / FR 2,1.0,/public/products/featuredImage-1737031187337-acdbb4ce.jpeg,False
6227674b-7ddc-460e-ae73-4091c5c3b45d,Balança de cozinha eletrônica de alta precisão,balanza_ao-78368,200,8.1,1.5,ES / FR 2,900.0,/public/products/featuredImage-1769186431292-66aae724.png,False
5e957257-7f17-4d93-833e-bbee379fdc2b,Sérum Facial de Niacinamida 30ml,serumnicmina30ml,100,3.2,1.5,ES / FR 2,900.0,/public/products/featuredImage-1760444492556-462f3ac0.png,False
bf778608-747f-4a8b-abad-c77ca99c7920,Batedeira elétrica multifuncional para cozinha,batidora_gl9337,200,12.7,1.5,ES / FR 2,900.0,/public/products/featuredImage-1769193696092-0a89f8e4.png,False
72318880-947f-4e21-948a-2e8af9a12695,Balança eletrônica de mão com gancho,escalaelesd-4208,100,3.1,1.5,ES / FR 2,1.0,/public/products/featuredImage-1736940563129-21fd5bc7.jpeg,False
ec87a7a5-7752-4d85-b81f-153bf403125a,Trenzinho Dominó,trendomino_14318,200,9.68,1.5,ES / FR 2,1.0,/public/products/featuredImage-1734028957816-0b8601a8.jpg,False
0e239d0f-a1dc-4fa8-9391-d5082e19afb5,Suporte para tornozelo,tobilloverde_13895,200,2.34,1.5,ES / FR 2,1.0,/public/products/featuredImage-1733403179401-58f7ff70.png,False
73a5f2cc-863a-4a2c-a388-8292f1b2ff17,Sérum Facial Skin Clinic com Ouro 24K 30ml KISS BEAUTY,serumskin24k30ml,100,3.4,1.5,ES / FR 2,900.0,/public/products/featuredImage-1775409120405-33b69074.png,False
0724b190-b638-48d2-98de-791df414cfe7,Caixa Musical para Crianças Space Odyssey,cajamusica_2063a,100,6.1,1.5,ES / FR 2,1.0,/public/products/featuredImage-1736957630530-cbf4c0cb.jpeg,False
8141837e-0481-4d4e-8d41-c08337dff80a,Smartwatch Luxo Rose com Detalhes em Vermelho e Cristais,reloj_8159,30,22.2,1.5,ES / FR 2,200.0,/public/products/featuredImage-1739890682033-31792242.jpeg,False
66bd30ca-078a-4dab-a881-e523b08d56a7,ENCAPSULADO PROBIOTICO MICROBIOTA COM GLUTAMINA,552161-1,800,7.64,1.5,Espanha 7,500.0,/public/products/featuredImage-1772219841748-43b80c6d.png,False
12917bec-7b14-4f0d-a645-0905cccdd97a,Combo com 3 Unidades Adesivos Analgésicos para Dor no Joelho,kneepatch_15499,500,5.1,1.5,ES / FR 2,1.0,/public/products/featuredImage-1765897574789-8428a96e.jpeg,False
d318fb9d-d7ed-4e67-b186-bc27b1e03599,Lanterna Frontal,luzfrontalfoyu_78915431087,200,5.58,1.5,ES / FR 2,1.0,/public/products/featuredImage-1733695861159-892fb9d2.jpg,False
8916b7a4-b664-479c-8902-507626837f56,Conjunto de 14 peças para cortar legumes com recipiente - Multifuncional profissional para cozinhar rapidamente,picadordev_14228,30,15.4,1.5,ES / FR 2,900.0,/public/products/featuredImage-1771872169025-d88465df.png,False
5d36aed7-1155-421c-9a33-4d5e8a8ddeb7,Gel de Limpeza Facial com Alfa Arbutina e Vitamina C para Clarear e Hidratar,whiteningfacegel,200,10.2,1.5,ES / FR 2,1.0,/public/products/featuredImage-1737120164067-2fcd977e.png,False
ba2c0420-b4be-4f74-bbeb-96b2d5a30368,Secador elétrico portátil com design dobrável,secadorropaplega_15822,100,14.7,1.5,ES / FR 2,900.0,/public/products/featuredImage-1760382991329-2aa8f6d9.png,False
661458f9-b8a0-4599-8dd5-f1f5eee8f748,Cortador de legumes multifuncional e ralador de queijo,rayadorque_14629,100,17.95,1.5,ES / FR 2,900.0,/public/products/featuredImage-1776435803653-38b8e1e4.png,False
4cd590bd-ed36-4a32-a085-0ff012ec8213,Oxímetro de pulso digital,oximetro_lk87,1500,3.2,1.5,ES / FR 2,900.0,/public/products/featuredImage-1746800364484-b7b60414.jpg,False
f0cd4317-3a11-4fd0-a2a9-7de782e7deec,SÉRUM FACIAL 4 EM 1 REPARA E NUTRE 30ML SADOER,serumsakura,200,4.15,1.5,ES / FR 2,900.0,/public/products/featuredImage-1746632008654-aef29cce.jpg,False
13dd9486-ae36-44d3-b91e-b5b033f8ddf1,Combo com 4 Adesivos Analgésicos para Dor no Joelho,kneepatch_15499,300,6.8,1.5,ES / FR 2,1.0,/public/products/featuredImage-1764336571297-b3a730c2.png,True
013138b9-20f7-472e-a79d-05666229ca9e,Capa de sofá reversível branca e marrom com proteção para cadeado,fundasillonblanc,200,5.2,1.5,ES / FR 2,900.0,/public/products/featuredImage-1765392033180-e345ac99.png,False
b87f7907-cca4-4fc4-9d07-57bb59d51fbd,Encapsulado NAD Youth Capsules,nad-sup,800,5.0,1.5,ES / FR 2,500.0,/public/products/featuredImage-1770317157463-0462ecde.jpeg,False
0becf508-be4d-4d24-a4bb-3bd5b0a32c3a,Massageador Elétrico de Pulso para Pescoço,masajeador_15560,100,8.66,1.5,ES / FR 2,1.0,/public/products/featuredImage-1733402125414-84c0b0c8.jpeg,False
9336269c-b312-43bf-a227-a3c02764e914,Magic Pad,magicpad_14730,90,4.22,1.5,ES / FR 2,1.0,/public/products/featuredImage-1734034532685-ea5669ed.JPG,False
eb33a958-09eb-4a40-9d47-0ce1b9abb50b,Barbeador VGR,afeitadora_13644,800,9.68,1.5,ES / FR 2,1.0,/public/products/featuredImage-1733744906760-31604f3d.jpg,False
2b1648e4-5b4e-4cbb-9760-17fb542c19a6,Combo de 4 Unidades da Luz Magnetica com Sensor,luzmagnetica_15479,700,22.4,1.5,ES / FR 2,1.0,/public/products/featuredImage-1762362462107-5a001b96.png,True
86958aa8-b724-498f-891d-01967225a57f,Pulso Microelétrico para Abdómen,pulsabdomin_15368,400,5.6,1.5,ES / FR 2,1.0,/public/products/featuredImage-1732882339062-70703aa1.jpg,False
2c014c27-be69-4f95-b41a-4f2160e5fed6,Dispensador Automático de Espuma para Mãos com Sensor Infravermelho,dispejabon_13457,100,3.6,1.5,ES / FR 2,1.0,/public/products/featuredImage-1733235205226-20d54ee1.jpeg,False
70068825-10a8-4623-b2db-9d61c7239d23,CONTORNO DOS OLHOS 4 EM 1 REPARA E NUTRE 20GR SADOER,contornosakura,400,3.45,1.5,ES / FR 2,900.0,/public/products/featuredImage-1746631691454-61273de6.jpeg,False
6be97743-6285-4926-844a-2c4bfaa3b093,Modelador Corporal Preto,bodyslimnegro1_m,100,5.09,1.5,ES / FR 2,900.0,/public/products/featuredImage-1747071224089-869c6219.png,False
46a897fd-48ae-4d54-ba8a-4ed73262aec9,Limpador Facial Clareador e Iluminador com 5 Vitaminas C Intensas - 100ml,limpiadorfacialc,200,3.45,1.5,ES / FR 2,900.0,/public/products/featuredImage-1749429905893-74b99f7e.jpg,False
098a3196-1361-4d97-9f27-dfd96deaae4a,Shilajit Resina Mineral- suplemento,shilaresin_16069,200,4.15,1.5,ES / FR 2,500.0,/public/products/featuredImage-1764158974599-0e4f27ab.jpeg,False
cabe728e-e6ad-4470-8ed6-a0c2fb6782e9,Câmera Wi-Fi em Formato de Lâmpada,3556,100,13.2,1.5,ES / FR 2,1.0,/public/products/featuredImage-1746887791082-a89d323a.jpeg,False
