fonte,id,nome,sku,preco_eur,stock,peso,envio_eur,armazem,imagem,link,score_minerado,tags
dropipro,2731,Bolígrafo de caligrafía con 4 recambios para cuaderno mágico,,0.39,23958,0.25,,Dropi PRO ES,https://dropipro.com/storage/products/2731/WechatIMG2686_1777999894.jpg,https://dropipro.com/app/products,20.0,alto_stock
dropipro,2720,Linterna led con zoom 3modo FA-556,,2.99,2000,0.24,,Dropi PRO ES,https://dropipro.com/storage/products/2720/LINTERNA_1777985004.JPG,https://dropipro.com/app/products,20.0,"winner_candidate,alto_stock,preco_ideal_teste"
dropipro,2680,Parches antihongos para uñas (16 unidades),,1.69,2672,0.22,,Dropi PRO ES,https://dropipro.com/storage/products/2680/parche_1776768242.jpg,https://dropipro.com/app/products,20.0,alto_stock
dropipro,2679,Parches antihongos para uñas (60 unidades),,1.99,2554,0.22,,Dropi PRO ES,https://dropipro.com/storage/products/2679/hongo_1776352192.jpg,https://dropipro.com/app/products,20.0,alto_stock
dropipro,2678,Funda de almohada satén gris para modelo ( Almohada ergonómica antiestrés ),,1.59,1497,0.26,,Dropi PRO ES,https://dropipro.com/storage/products/2678/FUNDAGRIS_1764872974_1775834363.jpg,https://dropipro.com/app/products,20.0,alto_stock
dropipro,2677,Funda de almohada satén gris para modelo ( Almohada de punto ergonómica 3D ),,1.59,1485,0.26,,Dropi PRO ES,https://dropipro.com/storage/products/2677/FUNDAGRIS_1764872974_1775834363.jpg,https://dropipro.com/app/products,20.0,alto_stock
dropipro,2645,Gafas fotocromáticas con protección UV para mujer,,2.29,647,0.23,,Dropi PRO ES,https://dropipro.com/storage/products/2645/WechatIMG2588_1773744636.jpg,https://dropipro.com/app/products,20.0,"winner_candidate,preco_ideal_teste"
dropipro,2642,Gel exfoliante purificante 50 g para rostro y cuerpo,,1.99,1149,0.27,,Dropi PRO ES,https://dropipro.com/storage/products/2642/613SfrNjUNL._AC_SX569__1775568151.jpg,https://dropipro.com/app/products,20.0,alto_stock
dropipro,2640,Spray de nutrición con queratina para uñas,,1.89,1151,0.29,,Dropi PRO ES,https://dropipro.com/storage/products/2640/613536292_1328564002624683_3167888408250939837_n_1773675731.jpg,https://dropipro.com/app/products,20.0,alto_stock
dropipro,2637,Leggins Mujer Push Up negro talla L/XL,,3.99,1800,0.4,,Dropi PRO ES,https://dropipro.com/storage/products/2637/NEGRO_1773393177.jpg,https://dropipro.com/app/products,20.0,"winner_candidate,alto_stock,preco_ideal_teste"
dropipro,2636,Leggins Mujer Push Up negro talla S/M,,3.99,1541,0.4,,Dropi PRO ES,https://dropipro.com/storage/products/2636/NEGRO_1773393177.jpg,https://dropipro.com/app/products,20.0,"winner_candidate,alto_stock,preco_ideal_teste"
dropipro,2622,Plantilla ergonómica con tecnología 4D Cloud ( talla mujer ),,1.89,1693,0.27,,Dropi PRO ES,https://dropipro.com/storage/products/2622/71JJpmE7zoL._AC_SL1500__1771503145.jpg,https://dropipro.com/app/products,20.0,alto_stock
dropipro,2621,Plantilla ergonómica con tecnología 4D Cloud ( talla hombre ),,1.89,1561,0.27,,Dropi PRO ES,https://dropipro.com/storage/products/2621/71JJpmE7zoL._AC_SL1500__1771503145.jpg,https://dropipro.com/app/products,20.0,alto_stock
dropipro,2605,Sup Resina orgánica pura del Himalaya SHILAJIT 100g,,2.69,635,0.34,,Dropi PRO ES,https://dropipro.com/storage/products/2605/shilajit_1770820464.jpg,https://dropipro.com/app/products,20.0,"winner_candidate,preco_ideal_teste"
dropipro,2577,Parche térmico terapéutico lumbar,,1.49,779,0.23,,Dropi PRO ES,https://dropipro.com/storage/products/2577/lumbar_1769279374.jpg,https://dropipro.com/app/products,20.0,
dropipro,2576,Parche para aliviar la garganta,,1.49,1000,0.23,,Dropi PRO ES,https://dropipro.com/storage/products/2576/gargan_1769279004.jpg,https://dropipro.com/app/products,20.0,alto_stock
dropipro,2575,Parche alivio dolor de talón,,1.49,781,0.24,,Dropi PRO ES,https://dropipro.com/storage/products/2575/talon_1769278937.jpg,https://dropipro.com/app/products,20.0,
dropipro,2574,Rodillera estabilizadora de rótula,,3.49,768,0.31,,Dropi PRO ES,https://dropipro.com/storage/products/2574/RODI_1769278777.jpg,https://dropipro.com/app/products,20.0,"winner_candidate,preco_ideal_teste"
dropipro,2558,Parches GLP-1 – Apoyo diario para el control del apetito y el metabolismo,,1.49,8429,0.2,,Dropi PRO ES,https://dropipro.com/storage/products/2558/glp_1768243447.jpg,https://dropipro.com/app/products,20.0,alto_stock
dropipro,2550,Lámpara solar exterior con sensor de movimiento,,3.49,770,0.43,,Dropi PRO ES,https://dropipro.com/storage/products/2550/lampa_1768234046.jpg,https://dropipro.com/app/products,20.0,"winner_candidate,preco_ideal_teste"
dropipro,2504,Leggings Push Up anticelulitis 3D negro ( talla M = M/L ),,4.99,968,0.43,,Dropi PRO ES,https://dropipro.com/storage/products/2504/negro_1767025897.jpg,https://dropipro.com/app/products,20.0,"winner_candidate,preco_ideal_teste"
dropipro,2503,Alcachofa iónica con doble filtro,,4.09,1041,0.6,,Dropi PRO ES,https://dropipro.com/storage/products/2503/alcachofa_1767016141.jpg,https://dropipro.com/app/products,20.0,"winner_candidate,alto_stock,preco_ideal_teste"
dropipro,2487,Filtro para el modelo de alcachofa Pro cromada,,0.45,12257,0.2,,Dropi PRO ES,https://dropipro.com/storage/products/2487/FILTR_1765975247.jpg,https://dropipro.com/app/products,20.0,alto_stock
dropipro,2486,Alcachofa de ducha de alta presión Pro cromada,,4.09,10962,0.49,,Dropi PRO ES,https://dropipro.com/storage/products/2486/WechatIMG2439_1765974189.jpg,https://dropipro.com/app/products,20.0,"winner_candidate,alto_stock,preco_ideal_teste"
dropipro,2429,Funda de almohada satén blanco 35x55cm para modelo ( Almohada cervical viscoelástica Cuello ),,1.59,946,0.24,,Dropi PRO ES,https://dropipro.com/storage/products/2429/FUNDABLANCO_1764873045.jpg,https://dropipro.com/app/products,20.0,
dropipro,2428,Funda de almohada satén gris 35x55cm para modelo ( Almohada cervical viscoelástica Cuello ),,1.59,953,0.24,,Dropi PRO ES,https://dropipro.com/storage/products/2428/FUNDAGRIS_1764872974.jpg,https://dropipro.com/app/products,20.0,
dropipro,2287,Bálsamo antiarrugas VITALIS,,1.99,25964,0.21,,Dropi PRO ES,https://dropipro.com/storage/products/2287/bals_1777634515.jpg,https://dropipro.com/app/products,20.0,alto_stock
dropipro,2219,Pegatinas filtrantes para desague 10 piezas,,0.89,3949,0.21,,Dropi PRO ES,https://dropipro.com/storage/products/2219/FILTRANTEDESAGUE_1756731473.jpg,https://dropipro.com/app/products,20.0,alto_stock
dropipro,2451,Parches para eliminar arrugas faciales 10 pcs,,1.99,792,0.24,,Dropi PRO ES,https://dropipro.com/storage/products/2451/parche_1765887248.jpg,https://dropipro.com/app/products,20.0,
dropipro,2442,Pack de 10 parches para aliviar dolores cervicales,,1.49,917,0.23,,Dropi PRO ES,https://dropipro.com/storage/products/2442/61gkwUgxfZL._SL1500__1765470319.jpg,https://dropipro.com/app/products,20.0,
dropipro,2437,Suplemento liposomal NAD+ con resveratrol,,3.89,672,0.3,,Dropi PRO ES,https://dropipro.com/storage/products/2437/NAD_1752592049_1765219687.jpg,https://dropipro.com/app/products,20.0,"winner_candidate,preco_ideal_teste"
dropipro,2433,Collar con colgante de trébol transformable oro,,2.49,1985,0.2,,Dropi PRO ES,https://dropipro.com/storage/products/2433/WechatIMG2423_1765214043.jpg,https://dropipro.com/app/products,20.0,"winner_candidate,alto_stock,preco_ideal_teste"
dropipro,1093,Bateria Dron 4K,,1.89,14724,0.02,,Dropi PRO ES,https://dropipro.com/storage/products/1093/bateria-lipo-dron-e99-pro-2-negro_2023-05-30-18-54-53.jpg,https://dropipro.com/app/products,20.0,alto_stock
dropipro,1638,Smartwatch serie 10 con pantalla 2.2 pulgadas negro,,4.99,2529,0.31,,Dropi PRO ES,https://dropipro.com/storage/products/1638/WechatIMG1928_1735057615.jpg,https://dropipro.com/app/products,20.0,"winner_candidate,alto_stock,preco_ideal_teste"
dropipro,10,Auriculares Inalámbricos 2ª generación,,2.29,8395,0.26,,Dropi PRO ES,https://dropipro.com/storage/products/10/aird_2024-05-30-17-45-19.jpg,https://dropipro.com/app/products,20.0,"winner_candidate,alto_stock,preco_ideal_teste"
dropipro,1483,Árbol de navidad de fieltro con 25 adornos + luces de 3m,,3.99,1034,0.4,,Dropi PRO ES,https://dropipro.com/storage/products/1483/alber_2024-11-15-15-52-13.jpg,https://dropipro.com/app/products,20.0,"winner_candidate,alto_stock,preco_ideal_teste"
dropipro,1910,Cinta de Sellado resistente al agua 5cm*3m,,1.69,2812,0.57,,Dropi PRO ES,https://dropipro.com/storage/products/1910/6880c50517391c1cf08249d18456c70b_2023-10-30-16-34-01_1742234748.jpg,https://dropipro.com/app/products,20.0,alto_stock
dropipro,1377,Spray sellador impermeabilizante transparente,,3.69,6856,0.5,,Dropi PRO ES,https://dropipro.com/storage/products/1377/WechatIMG1740_2024-10-09-16-01-53.jpg,https://dropipro.com/app/products,20.0,"winner_candidate,alto_stock,preco_ideal_teste"
dropipro,382,Dispositivo Antirronquidos,,2.99,5261,0.12,,Dropi PRO ES,https://dropipro.com/storage/products/382/7193eB2zqyL_2023-11-01-11-35-54._AC_SL1500_.jpg,https://dropipro.com/app/products,20.0,"winner_candidate,alto_stock,preco_ideal_teste"
dropipro,2294,Cuaderno mágico de escritura para Niños 4und PORTUGUES,,2.49,5897,0.43,,Dropi PRO ES,https://dropipro.com/storage/products/2294/CUADERNOPORTUGUES_1766402064.jpg,https://dropipro.com/app/products,20.0,"winner_candidate,alto_stock,preco_ideal_teste"
dropipro,2293,Cuaderno mágico de escritura para Niños 4und INGLES,,2.49,8478,0.43,,Dropi PRO ES,https://dropipro.com/storage/products/2293/LIBRO_2024-08-14-18-48-38.jpg,https://dropipro.com/app/products,20.0,"winner_candidate,alto_stock,preco_ideal_teste"
dropipro,2320,Parches desintoxicante para pies KINOKI 10 pcs,,1.89,2846,0.27,,Dropi PRO ES,https://dropipro.com/storage/products/2320/kinoki_1762528531.jpg,https://dropipro.com/app/products,20.0,alto_stock
dropipro,2303,Medidor de glucosa portátil,,2.99,2071,0.24,,Dropi PRO ES,https://dropipro.com/storage/products/2303/MEDIDORDEGLUCOSA_1766403685.jpg,https://dropipro.com/app/products,20.0,"winner_candidate,alto_stock,preco_ideal_teste"
dropipro,2074,"Aumento Labios Instantaneo , Plumper y brillo para el cuidado de los labios",,0.99,1598,0.21,,Dropi PRO ES,https://dropipro.com/storage/products/2074/IMG_20251110_134427_1762779683.jpg,https://dropipro.com/app/products,20.0,alto_stock
dropipro,2372,Manopla quita pelos mascota,,1.89,631,0.24,,Dropi PRO ES,https://dropipro.com/storage/products/2372/MANOP_1763553626.jpg,https://dropipro.com/app/products,20.0,
dropipro,2363,Recortadora de pelo de mascotas,,4.99,2150,0.34,,Dropi PRO ES,https://dropipro.com/storage/products/2363/RECO_1763400862.jpg,https://dropipro.com/app/products,20.0,"winner_candidate,alto_stock,preco_ideal_teste"
dropipro,2072,Serum Koreano- Liso al Instante,,0.99,887,0.32,,Dropi PRO ES,https://dropipro.com/storage/products/2072/IMG_20251110_133041_1762779429.jpg,https://dropipro.com/app/products,20.0,
dropipro,2073,Parches para ojos,,0.99,1738,0.2,,Dropi PRO ES,https://dropipro.com/storage/products/2073/IMG_20251110_134010_1762779962.jpg,https://dropipro.com/app/products,20.0,alto_stock
dropipro,2286,Pack de gafas antirayos azules multifocales autograduable mas funda de cuero,,1.79,16370,0.2,,Dropi PRO ES,https://dropipro.com/storage/products/2286/WechatIMG2495_1767359882.jpg,https://dropipro.com/app/products,20.0,alto_stock
dropipro,2081,Anillo magnetico detox- Anillo Bisuteria,,0.99,640,0.2,,Dropi PRO ES,https://dropipro.com/storage/products/2081/nNcuROCD8mGPxz4T9NFZpfvnd6dxzCUQxSq5ZEKZ_1753962740.jpg,https://dropipro.com/app/products,20.0,
dropipro,2078,Well sleep para apneas de sueño,,1.99,1140,0.23,,Dropi PRO ES,https://dropipro.com/storage/products/2078/IMG_20251110_133306_1762780318.jpg,https://dropipro.com/app/products,20.0,alto_stock
dropipro,2307,Spray veneno de abeja para eliminar verrugas,,1.99,4252,0.24,,Dropi PRO ES,https://dropipro.com/storage/products/2307/ABEJA_1761998282.jpg,https://dropipro.com/app/products,20.0,alto_stock
dropipro,2075,Spray vitamina c,,0.99,835,0.29,,Dropi PRO ES,https://dropipro.com/storage/products/2075/IMG_20251110_133548_1762780060.jpg,https://dropipro.com/app/products,20.0,
dropipro,2080,REstaurador de plastico,,0.99,797,0.23,,Dropi PRO ES,https://dropipro.com/storage/products/2080/3CUExgJkfiNcUuFYKqGpLdq5Frsz1x1mmEZUFCeN_1753962785.jpg,https://dropipro.com/app/products,20.0,
dropipro,2082,Slimory- Masajeador linfático,,2.5,698,0.29,,Dropi PRO ES,https://dropipro.com/storage/products/2082/EGCykXGk7Wu0P7FoUrWbMVgVzlhWgJwXE1RcqVrC_1753962721.jpg,https://dropipro.com/app/products,20.0,"winner_candidate,preco_ideal_teste"
dropipro,2077,Rotulador cejas negro,,1.69,1418,0.21,,Dropi PRO ES,https://dropipro.com/storage/products/2077/SAehbmF9gPLWtSJqsaldI1xG1hNMqCNixvgmIdNx_1753962930.jpg,https://dropipro.com/app/products,20.0,alto_stock
dropipro,2276,Mascarillas facial BIO-COLLAGEN 5 unidades,,2.99,698,0.52,,Dropi PRO ES,https://dropipro.com/storage/products/2276/MASCBIOCOLAGEN_1766401338.jpg,https://dropipro.com/app/products,20.0,"winner_candidate,preco_ideal_teste"
dropipro,2273,Pack de 3 paños de limpieza de malla de alambre,,0.89,654,0.05,,Dropi PRO ES,https://dropipro.com/storage/products/2273/PACK3PAO_1766401056.jpg,https://dropipro.com/app/products,20.0,
dropipro,2270,Perfume con Feromonas Hombre 50ml,,2.99,2105,0.17,,Dropi PRO ES,https://dropipro.com/storage/products/2270/FEROMONAS_1766400611.jpg,https://dropipro.com/app/products,20.0,"winner_candidate,alto_stock,preco_ideal_teste"
dropipro,2176,Pulseras repelente de mosquitos blanco,,3.99,1995,0.24,,Dropi PRO ES,https://dropipro.com/storage/products/2176/MOSQBLAN_17495637881_1756228545.jpg,https://dropipro.com/app/products,20.0,"winner_candidate,alto_stock,preco_ideal_teste"
dropipro,2175,Shine Brown bronceador corporal 100g,,2.89,1271,0.34,,Dropi PRO ES,https://dropipro.com/storage/products/2175/SHINE_1756225978.jpg,https://dropipro.com/app/products,20.0,"winner_candidate,alto_stock,preco_ideal_teste"
dropipro,2304,SUP Gummies SHILAJIT 30 unidades,,3.69,650,0.31,,Dropi PRO ES,https://dropipro.com/storage/products/2304/shila_1777895955.jpg,https://dropipro.com/app/products,20.0,"winner_candidate,preco_ideal_teste"
dropipro,2147,SUP Cúrcuma 30 Cápsulas – Apoyo Articular y Antioxidante Natural,,3.19,1059,0.21,,Dropi PRO ES,https://dropipro.com/storage/products/2147/CURCUMA_1766320838.jpg,https://dropipro.com/app/products,20.0,"winner_candidate,alto_stock,preco_ideal_teste"
dropipro,2144,SUP Gummies de Vinagre de Manzana – Apoyo Digestivo y Energía Natural,,4.15,3677,0.41,,Dropi PRO ES,https://dropipro.com/storage/products/2144/MANZANAANTIGUA_1766318916.jpg,https://dropipro.com/app/products,20.0,"winner_candidate,alto_stock,preco_ideal_teste"
dropipro,2142,SUP Aceite de Onagra 30 Perlas – Equilibrio Hormonal y Bienestar Femenino,,3.49,1096,0.24,,Dropi PRO ES,https://dropipro.com/storage/products/2142/ONAGRA_1766318701.jpg,https://dropipro.com/app/products,20.0,"winner_candidate,alto_stock,preco_ideal_teste"
dropipro,2389,Dispositivo Láser para Hongos en las Uñas,,2.49,612,0.26,,Dropi PRO ES,https://dropipro.com/storage/products/2389/HONGO_1763812535.jpg,https://dropipro.com/app/products,20.0,"winner_candidate,preco_ideal_teste"
dropipro,2392,Cepillo de limpieza 2 en 1 ajustable de 120°,,1.99,637,0.41,,Dropi PRO ES,https://dropipro.com/storage/products/2392/CEPILLO_1763815885.jpg,https://dropipro.com/app/products,20.0,
dropipro,2102,Oxímetro de dedo profesional con pantalla LED,,2.39,3115,0.23,,Dropi PRO ES,https://dropipro.com/storage/products/2102/OXIMETRO_1765564364.jpg,https://dropipro.com/app/products,20.0,"winner_candidate,alto_stock,preco_ideal_teste"
dropipro,96,Cortina Magnética Antimosquitos,,2.79,707,0.48,,Dropi PRO ES,https://dropipro.com/storage/products/96/cortina_24-11-2022.jpg,https://dropipro.com/app/products,20.0,"winner_candidate,preco_ideal_teste"
dropipro,893,Cera para reparación de arañazos de coche,,3.29,970,1.47,,Dropi PRO ES,https://dropipro.com/storage/products/893/CERA_2024-06-19-17-51-25.JPG,https://dropipro.com/app/products,20.0,"winner_candidate,preco_ideal_teste"
dropipro,1915,Kit blanqueador dental,,0.99,991,0.21,,Dropi PRO ES,https://dropipro.com/storage/products/1915/KITBLANQUEADOR-24403_1764700970.jpg,https://dropipro.com/app/products,20.0,
dropipro,1925,Limpiadores de Desagües Potente 110G,,0.99,1490,0.32,,Dropi PRO ES,https://dropipro.com/storage/products/1925/LIMPIADOR-24446_1764701080.jpg,https://dropipro.com/app/products,20.0,alto_stock
dropipro,1927,Manta Térmica Supervivencia Reutilizable,,0.99,994,0.24,,Dropi PRO ES,https://dropipro.com/storage/products/1927/MANTATERMICA-24547_1764701481.jpg,https://dropipro.com/app/products,20.0,
dropipro,1970,Pulsera de terapia magnética titanio con regulador,,2.99,870,0.04,,Dropi PRO ES,https://dropipro.com/storage/products/1970/61RlhysVALL._AC_SX425__1765302222.jpg,https://dropipro.com/app/products,20.0,"winner_candidate,preco_ideal_teste"
dropipro,1971,Inhalador nasal para mejorar la respiración,,2.69,705,0.03,,Dropi PRO ES,https://dropipro.com/storage/products/1971/INHALADOR_1765302522.jpg,https://dropipro.com/app/products,20.0,"winner_candidate,preco_ideal_teste"
dropipro,1972,Dilatador nasal magnetico 30pcs,,2.99,1162,0.26,,Dropi PRO ES,https://dropipro.com/storage/products/1972/DILATADOR_1765302629.jpg,https://dropipro.com/app/products,20.0,"winner_candidate,alto_stock,preco_ideal_teste"
dropipro,366,Correa Smartwatch Ultra8 Metalica Plata,,1.95,8330,0.07,,Dropi PRO ES,https://dropipro.com/storage/products/366/eb75f09b7e1641cbdb30b33cea6770f9902f4d6d_original_2023-10-14-19-59-07.jpeg,https://dropipro.com/app/products,20.0,alto_stock
dropipro,312,Correa smartwatch PRO metálica negro,,1.49,4311,0.04,,Dropi PRO ES,https://dropipro.com/storage/products/312/71J6IufQioL_2023-08-17-19-13-27._AC_SX679_.jpg,https://dropipro.com/app/products,20.0,alto_stock
dropipro,182,Camiseta reductora hombre efecto sauna S/M,,2.95,1978,0.35,,Dropi PRO ES,https://dropipro.com/storage/products/182/D_NQ_NP_870851-MLM51138250095_082022-W_2023-04-05-20-34-11.jpg,https://dropipro.com/app/products,20.0,"winner_candidate,alto_stock,preco_ideal_teste"
dropipro,2032,Pack de 2 rollos de dibujo para niños,,2.99,1503,0.33,,Dropi PRO ES,https://dropipro.com/storage/products/2032/ROLLODIBUJO_1765303910.jpg,https://dropipro.com/app/products,20.0,"winner_candidate,alto_stock,preco_ideal_teste"
dropipro,359,Set 5 Parche Adelgazante del Abdomen,,1.89,2273,0.26,,Dropi PRO ES,https://dropipro.com/storage/products/359/646_2023-10-13-13-46-22.jpg,https://dropipro.com/app/products,20.0,alto_stock
dropipro,328,Rodillera 1pcs Deportiva Ajustable S/M,,2.29,905,0.2,,Dropi PRO ES,https://dropipro.com/storage/products/328/cf9350f6a11f396f4b0e8b3cb98f9490_2023-08-23-18-23-36.jpg,https://dropipro.com/app/products,20.0,"winner_candidate,preco_ideal_teste"
dropipro,1624,Estimulador muscular para entrenamiento de abdominales modelo pila,,3.69,1947,0.38,,Dropi PRO ES,https://dropipro.com/storage/products/1624/ESTIMULADOR_1734536930.JPG,https://dropipro.com/app/products,20.0,"winner_candidate,alto_stock,preco_ideal_teste"
dropipro,385,Estimulador muscular para entrenamiento de abdominales,,4.99,867,0.38,,Dropi PRO ES,https://dropipro.com/storage/products/385/ESTIMULADOR_1734536930_1777470886.jpeg,https://dropipro.com/app/products,20.0,"winner_candidate,preco_ideal_teste"
dropipro,9,Bandas elásticas ejercicio,,3.99,848,0.74,,Dropi PRO ES,https://dropipro.com/storage/products/9/bandas_elascticas_02-11-2022.png,https://dropipro.com/app/products,20.0,"winner_candidate,preco_ideal_teste"
dropipro,754,Corrector de Postura Para Mujer XL/XXL,,3.89,3398,0.38,,Dropi PRO ES,https://dropipro.com/storage/products/754/71RB2RRWOdL_2023-11-01-13-43-15._SL1500_.jpg,https://dropipro.com/app/products,20.0,"winner_candidate,alto_stock,preco_ideal_teste"
dropipro,390,Corrector de Postura Para Mujer M/L,,3.89,1755,0.38,,Dropi PRO ES,https://dropipro.com/storage/products/390/71RB2RRWOdL_2023-11-01-13-43-15._SL1500_.jpg,https://dropipro.com/app/products,20.0,"winner_candidate,alto_stock,preco_ideal_teste"
dropipro,367,Corrector Juvenil,,2.49,689,0.13,,Dropi PRO ES,https://dropipro.com/storage/products/367/2_2023-10-14-20-02-14.jpg,https://dropipro.com/app/products,20.0,"winner_candidate,preco_ideal_teste"
dropipro,379,Corrector de Postura Reforzada,,1.55,4630,0.3,,Dropi PRO ES,https://dropipro.com/storage/products/379/51UUnzxFr6L_2023-10-16-19-59-33.jpg,https://dropipro.com/app/products,20.0,alto_stock
dropipro,21,Corrector de postura,,1.99,2462,0.1,,Dropi PRO ES,https://dropipro.com/storage/products/21/81mf3obqwpL_2023-11-23-14-01-25._SL1500_.jpg,https://dropipro.com/app/products,20.0,alto_stock
dropipro,303,Faja térmica para el dolor correctora de postura,,2.89,2814,0.4,,Dropi PRO ES,https://dropipro.com/storage/products/303/711Wcu2poPL_2023-07-30-13-41-13._SL1000_.jpg,https://dropipro.com/app/products,20.0,"winner_candidate,alto_stock,preco_ideal_teste"
dropipro,498,Faja Reductora Mujer Adelgazante Negro M/L,,3.95,1003,0.25,,Dropi PRO ES,https://dropipro.com/storage/products/498/24031_2024-01-27-19-54-43.jpg,https://dropipro.com/app/products,20.0,"winner_candidate,alto_stock,preco_ideal_teste"
dropipro,616,Body Reductor Mujer Negro M/L,,3.69,1587,0.29,,Dropi PRO ES,https://dropipro.com/storage/products/616/bodyng_2024-03-07-19-26-57.jpg,https://dropipro.com/app/products,20.0,"winner_candidate,alto_stock,preco_ideal_teste"
dropipro,1506,Gafas Multifocal de lectura OnePower,,1.79,33890,0.05,,Dropi PRO ES,https://dropipro.com/storage/products/1506/GAFA_2024-11-19-11-41-04.jpg,https://dropipro.com/app/products,20.0,alto_stock
dropipro,1819,Pack de gafas antirayos azules multifocales +1.50 mas funda de cuero,,1.79,10049,0.01,,Dropi PRO ES,https://dropipro.com/storage/products/1819/714NVmUTEKL_2024-05-15-17-13-07._AC_SX679_.jpg,https://dropipro.com/app/products,20.0,alto_stock
dropipro,1110,Linterna led con zoom 3modo,,2.89,12075,0.14,,Dropi PRO ES,https://dropipro.com/storage/products/1110/LINTERNACOB_2024-08-24-16-11-58.JPG,https://dropipro.com/app/products,20.0,"winner_candidate,alto_stock,preco_ideal_teste"
dropipro,860,Mini linterna recargable zoom,,1.99,1568,0.28,,Dropi PRO ES,https://dropipro.com/storage/products/860/WechatIMG1326_2024-05-31-16-48-16.jpg,https://dropipro.com/app/products,20.0,alto_stock
dropipro,1896,Linterna eléctrica alta luminosidad 4 modos,,4.49,730,0.38,,Dropi PRO ES,https://dropipro.com/storage/products/1896/LINTERNA4MODOS_1764700564.jpg,https://dropipro.com/app/products,20.0,"winner_candidate,preco_ideal_teste"
dropipro,1882,Luz solar LED con mando y sensor de movimiento FA-120B,,4.89,1415,0.57,,Dropi PRO ES,https://dropipro.com/storage/products/1882/SOLAR_1741113571.jpg,https://dropipro.com/app/products,20.0,"winner_candidate,alto_stock,preco_ideal_teste"
dropipro,1111,Luz solar led cob magnetica 20W,,3.69,1208,0.22,,Dropi PRO ES,https://dropipro.com/storage/products/1111/COB_2024-08-24-16-18-50.jpg,https://dropipro.com/app/products,20.0,"winner_candidate,alto_stock,preco_ideal_teste"
dropipro,384,Luz LED Blanca Recargable Con Sensor Movimiento 60CM,,4.49,639,0.44,,Dropi PRO ES,https://dropipro.com/storage/products/384/61jOmrmzczL_2023-11-01-11-47-41._AC_SL1500_.jpg,https://dropipro.com/app/products,20.0,"winner_candidate,preco_ideal_teste"
dropipro,1112,Luz solar de pared con mando 72 LED,,4.49,1038,0.45,,Dropi PRO ES,https://dropipro.com/storage/products/1112/LED_2024-08-24-16-24-09.jpg,https://dropipro.com/app/products,20.0,"winner_candidate,alto_stock,preco_ideal_teste"
dropipro,1880,Mini luz solar LED con mando y sensor de movimiento FA-526,,3.49,656,0.39,,Dropi PRO ES,https://dropipro.com/storage/products/1880/miniluz_1741113135.jpg,https://dropipro.com/app/products,20.0,"winner_candidate,preco_ideal_teste"
dropipro,1497,Bolsa de Agua portátil de 8L,,2.49,991,0.11,,Dropi PRO ES,https://dropipro.com/storage/products/1497/BOLSAAGUA_2024-11-18-17-18-33.jpg,https://dropipro.com/app/products,20.0,"winner_candidate,preco_ideal_teste"
dropipro,1446,Trampa para cucarachas Reutilizable,,2.69,987,0.17,,Dropi PRO ES,https://dropipro.com/storage/products/1446/TRAMPA_2024-11-06-16-51-32.jpg,https://dropipro.com/app/products,20.0,"winner_candidate,preco_ideal_teste"
dropipro,1135,Cinta doble cara extrafuerte nanotech 3cm x 3m,,1.49,3985,0.27,,Dropi PRO ES,https://dropipro.com/storage/products/1135/CINTA_2024-04-20-18-55-18.jpg,https://dropipro.com/app/products,20.0,alto_stock
dropipro,380,Cinta de Sellado resistente al agua 10cm*5m,,2.69,4525,0.74,,Dropi PRO ES,https://dropipro.com/storage/products/380/6880c50517391c1cf08249d18456c70b_2023-10-30-16-31-47.jpg,https://dropipro.com/app/products,20.0,"winner_candidate,alto_stock,preco_ideal_teste"
dropipro,1155,Medidor de contornos y ángulos bloqueable,,3.89,2373,0.33,,Dropi PRO ES,https://dropipro.com/storage/products/1155/615FR9TcMbL_2024-05-24-16-39-01._AC_SX679_.jpg,https://dropipro.com/app/products,20.0,"winner_candidate,alto_stock,preco_ideal_teste"
dropipro,381,Cinta de Sellado resistente al agua 5cm*1m,,1.69,2238,0.15,,Dropi PRO ES,https://dropipro.com/storage/products/381/6880c50517391c1cf08249d18456c70b_2023-10-30-16-34-01.jpg,https://dropipro.com/app/products,20.0,alto_stock
dropipro,1044,Cinta de reparación mosquiteras transparente 50MMx2M,,1.49,826,0.05,,Dropi PRO ES,https://dropipro.com/storage/products/1044/CINTA_2024-08-04-18-23-48.jpg,https://dropipro.com/app/products,20.0,
dropipro,909,Cinta de sellado autoadhesiva para cocina y baño 22mmx3.35m,,1.69,3022,0.15,,Dropi PRO ES,https://dropipro.com/storage/products/909/CINTA_2024-06-25-17-24-05.JPG,https://dropipro.com/app/products,20.0,alto_stock
dropipro,801,"Cinta doble cara extrafuerte nanotech 2,4cm x 2m",,1.29,1179,0.07,,Dropi PRO ES,https://dropipro.com/storage/products/801/CINTA_2024-04-20-18-55-18.jpg,https://dropipro.com/app/products,20.0,alto_stock
dropipro,368,Cinta FLEX TAPE,,1.89,1004,0.28,,Dropi PRO ES,https://dropipro.com/storage/products/368/71y9x0tddaL_2023-10-14-20-06-26._AC_SL1500_.jpg,https://dropipro.com/app/products,20.0,alto_stock
dropipro,1071,Adaptador de llave universal,,3.99,693,0.22,,Dropi PRO ES,https://dropipro.com/storage/products/1071/61ntrDr6ydL._AC_SL1024__1739208960.jpg,https://dropipro.com/app/products,20.0,"winner_candidate,preco_ideal_teste"
dropipro,1571,Boquilla 6 en 1 para pistola alta presión,,1.89,2895,0.26,,Dropi PRO ES,https://dropipro.com/storage/products/1571/BOQUILLA_1732558459.JPG,https://dropipro.com/app/products,20.0,alto_stock
dropipro,101,Pistola de Agua Presion,,3.69,646,0.45,,Dropi PRO ES,https://dropipro.com/storage/products/101/pistolaaguapresion_28-11-2022.jpg,https://dropipro.com/app/products,20.0,"winner_candidate,preco_ideal_teste"
dropipro,568,Kit Destornillador de Precisión 115 en 1,,3.99,1846,0.68,,Dropi PRO ES,https://dropipro.com/storage/products/568/115_2024-03-19-16-56-12.jpg,https://dropipro.com/app/products,20.0,"winner_candidate,alto_stock,preco_ideal_teste"
dropipro,566,Llave multifuncion 48 en 1,,3.99,1135,0.51,,Dropi PRO ES,https://dropipro.com/storage/products/566/71sLnkR8STL_2024-02-09-13-08-08._AC_SL1500_.jpg,https://dropipro.com/app/products,20.0,"winner_candidate,alto_stock,preco_ideal_teste"
dropipro,448,Nivel Láser multifuncional 4 en 1,,3.95,1155,0.5,,Dropi PRO ES,https://dropipro.com/storage/products/448/7104yLVu05L_2023-12-20-13-41-06._AC_SL1500_.jpg,https://dropipro.com/app/products,20.0,"winner_candidate,alto_stock,preco_ideal_teste"
dropipro,408,Aspirador de coche portátil 3 en 1,,4.99,6163,0.56,,Dropi PRO ES,https://dropipro.com/storage/products/408/aspirador_2024-03-13-14-31-08.jpg,https://dropipro.com/app/products,20.0,"winner_candidate,alto_stock,preco_ideal_teste"
dropipro,892,Removedor de arañazos,,2.85,3125,0.33,,Dropi PRO ES,https://dropipro.com/storage/products/892/removedor_2024-06-19-17-43-07.jpg,https://dropipro.com/app/products,20.0,"winner_candidate,alto_stock,preco_ideal_teste"
dropipro,316,Mini Cámara Espia 1080p HD,,4.49,2165,0.26,,Dropi PRO ES,"https://dropipro.com/storage/products/316/61pGU4rP-cL_2023-08-23-16-22-44._AC_UF1000,1000_QL80_.jpg",https://dropipro.com/app/products,20.0,"winner_candidate,alto_stock,preco_ideal_teste"
dropipro,2056,Pack de 10 perchas individuales,,1.39,1985,0.21,,Dropi PRO ES,https://dropipro.com/storage/products/2056/PERCHAS_1765560547.jpg,https://dropipro.com/app/products,20.0,alto_stock
dropipro,2050,Repuesto de incienso de reflujo 50pcs,,0.89,1207,0.28,,Dropi PRO ES,https://dropipro.com/storage/products/2050/INCIENSO_1765558960.jpg,https://dropipro.com/app/products,20.0,alto_stock
dropipro,2045,Polvos eliminador de poros,,2.29,997,0.23,,Dropi PRO ES,https://dropipro.com/storage/products/2045/signal-2025-11-25-151327_1764080069.jpeg,https://dropipro.com/app/products,20.0,"winner_candidate,preco_ideal_teste"
dropipro,2044,Bálsamo antiarrugas,,2.29,849,0.21,,Dropi PRO ES,https://dropipro.com/storage/products/2044/signal-2025-11-25-150138_1764079407.jpeg,https://dropipro.com/app/products,20.0,"winner_candidate,preco_ideal_teste"
dropipro,2041,Resina orgánica pura del Himalaya SHILAJIT 100g,,2.89,866,0.34,,Dropi PRO ES,https://dropipro.com/storage/products/2041/SHILAJIT_1765304189.jpg,https://dropipro.com/app/products,20.0,"winner_candidate,preco_ideal_teste"
dropipro,950,Luz led RGB con bateria,,2.19,1099,0.05,,Dropi PRO ES,https://dropipro.com/storage/products/950/LUZ_2024-07-16-23-06-30.jpg,https://dropipro.com/app/products,20.0,"winner_candidate,alto_stock,preco_ideal_teste"
dropipro,914,luces LED sumergibles multicolores,,3.19,632,0.3,,Dropi PRO ES,https://dropipro.com/storage/products/914/RGB_2024-06-30-15-17-00.JPG,https://dropipro.com/app/products,20.0,"winner_candidate,preco_ideal_teste"
dropipro,1853,Hucha de madera con contador,,2.49,1676,0.21,,Dropi PRO ES,https://dropipro.com/storage/products/1853/HUCHA_1740132772.jpg,https://dropipro.com/app/products,20.0,"winner_candidate,alto_stock,preco_ideal_teste"
dropipro,1791,Pack de 2 atrapapelusas flotante para lavadora,,1.99,1357,0.17,,Dropi PRO ES,https://dropipro.com/storage/products/1791/PELUSA_1738952962.jpg,https://dropipro.com/app/products,20.0,alto_stock
dropipro,1553,Repuesto bateria solo para aspiradora potente ( no sirve para otro modelos ),,3.69,1775,0.29,,Dropi PRO ES,https://dropipro.com/storage/products/1553/BATERIA_2024-11-06-16-36-00.JPG,https://dropipro.com/app/products,20.0,"winner_candidate,alto_stock,preco_ideal_teste"
dropipro,1517,Cinta impermeable autoadhesiva de asfalto 10CM X 10M,,4.89,772,1.9,,Dropi PRO ES,https://dropipro.com/storage/products/1517/CINTAASF_2024-11-19-13-31-22.jpg,https://dropipro.com/app/products,20.0,preco_ideal_teste
dropipro,1516,Cinta impermeable autoadhesiva de asfalto 5CM X 2.5M,,1.99,3118,0.25,,Dropi PRO ES,https://dropipro.com/storage/products/1516/CINTAASF_2024-11-19-13-28-06.jpg,https://dropipro.com/app/products,20.0,alto_stock
dropipro,943,Fregona de Limpieza telescópica autoescurrible,,4.49,1814,0.6,,Dropi PRO ES,https://dropipro.com/storage/products/943/WechatIMG1410_2024-07-13-16-05-16.jpg,https://dropipro.com/app/products,20.0,"winner_candidate,alto_stock,preco_ideal_teste"
dropipro,363,Fregona de Limpieza telescópica 360* autoescurrible,,3.99,10797,0.63,,Dropi PRO ES,https://dropipro.com/storage/products/363/1696664837898_2023-10-14-18-55-05.jpg,https://dropipro.com/app/products,20.0,"winner_candidate,alto_stock,preco_ideal_teste"
dropipro,414,Recambio Mopa 360 1ud,,0.49,5715,0.15,,Dropi PRO ES,https://dropipro.com/storage/products/414/MOPA_2023-12-13-11-53-09.jpg,https://dropipro.com/app/products,20.0,alto_stock
dropipro,941,Fregona autolimpiante giratoria 360,,2.99,2191,0.7,,Dropi PRO ES,https://dropipro.com/storage/products/941/MOPA_2024-07-13-15-34-00.JPG,https://dropipro.com/app/products,20.0,"winner_candidate,alto_stock,preco_ideal_teste"
dropipro,237,Mini Fregona Portátil absorbente,,1.99,1897,0.17,,Dropi PRO ES,https://dropipro.com/storage/products/237/61eXh08x-2L_2023-06-01-18-02-25._AC_SL1500_.jpg,https://dropipro.com/app/products,20.0,alto_stock
dropipro,449,Repuesto Mini Fregona Portátil Pack 1,,0.49,9340,0.22,,Dropi PRO ES,https://dropipro.com/storage/products/449/61UOcDYE9qL_2023-12-20-13-46-01._AC_SL1500_.jpg,https://dropipro.com/app/products,20.0,alto_stock
dropipro,12,Mopa Fregona 7L,,4.99,3091,1.31,,Dropi PRO ES,https://dropipro.com/storage/products/12/4508605748809_1_2023-10-04-11-43-38.jpg,https://dropipro.com/app/products,20.0,"winner_candidate,alto_stock,preco_ideal_teste"
dropipro,297,Repuesto Mopa Fregona 7/8L,,0.25,30385,0.02,,Dropi PRO ES,https://dropipro.com/storage/products/297/Trapos-de-repuesto-para-mopa-cabezal-de-limpieza-giratorio-360-pa-o-de-fibra-de-carbono_2023-07-30-11-57-01.jpg,https://dropipro.com/app/products,20.0,alto_stock
dropipro,938,Cepillo limpieza esponja plegable,,1.79,901,0.3,,Dropi PRO ES,https://dropipro.com/storage/products/938/CEPILLO_2024-07-13-13-57-48.jpg,https://dropipro.com/app/products,20.0,
dropipro,263,Cepillo de Limpieza eléctrico,,3.49,651,0.54,,Dropi PRO ES,https://dropipro.com/storage/products/263/61-t8lvthL_2023-06-12-12-04-50._AC_SL1500_.jpg,https://dropipro.com/app/products,20.0,"winner_candidate,preco_ideal_teste"
dropipro,524,Cepillo inodoro de goma para pared,,2.59,822,0.28,,Dropi PRO ES,https://dropipro.com/storage/products/524/cepillo_2024-04-23-11-54-54.jpg,https://dropipro.com/app/products,20.0,"winner_candidate,preco_ideal_teste"
dropipro,1119,Set 2 toalla para el Cabello ( color sultido ),,1.99,727,0.12,,Dropi PRO ES,https://dropipro.com/storage/products/1119/TOALLA_2024-08-24-17-29-50.jpg,https://dropipro.com/app/products,20.0,
dropipro,688,Manguera ducha 1.5m,,1.85,655,0.35,,Dropi PRO ES,https://dropipro.com/storage/products/688/MANGUERA_2024-03-23-18-02-07.jpg,https://dropipro.com/app/products,20.0,
dropipro,675,Soporte ducha,,2.99,906,0.29,,Dropi PRO ES,https://dropipro.com/storage/products/675/reposapies_2024-03-22-16-44-12.jpg,https://dropipro.com/app/products,20.0,"winner_candidate,preco_ideal_teste"
dropipro,670,Cabezal ducha (varios modelos),,1.39,3747,0.15,,Dropi PRO ES,https://dropipro.com/storage/products/670/22139_2024-03-21-18-56-26.jpg,https://dropipro.com/app/products,20.0,alto_stock
dropipro,671,Cabezal de ducha iónico con 3 modos,,2.89,3052,0.25,,Dropi PRO ES,https://dropipro.com/storage/products/671/22138_2024-03-21-18-26-23.jpg,https://dropipro.com/app/products,20.0,"winner_candidate,alto_stock,preco_ideal_teste"
dropipro,575,Alcachofa de ducha de alta presión,,3.49,11379,0.48,,Dropi PRO ES,https://dropipro.com/storage/products/575/71V4BmYbMPL_2024-02-10-18-39-26._AC_SL1500_.jpg,https://dropipro.com/app/products,20.0,"winner_candidate,alto_stock,preco_ideal_teste"
dropipro,375,Filtro para alcachofa de ducha de alta presión,,0.29,32635,0.21,,Dropi PRO ES,https://dropipro.com/storage/products/375/619KX7ddJbL_2024-01-17-17-55-32._AC_SL1050_.jpg,https://dropipro.com/app/products,20.0,alto_stock
dropipro,815,Alfombra de ducha súper absorbente ovalada gris,,2.49,1293,0.45,,Dropi PRO ES,https://dropipro.com/storage/products/815/ALFOVGRIS_2024-05-06-15-46-04.jpg,https://dropipro.com/app/products,20.0,"winner_candidate,alto_stock,preco_ideal_teste"
dropipro,821,Alfombra antideslizante y absorbente de secado rápido gris,,2.49,1202,0.63,,Dropi PRO ES,https://dropipro.com/storage/products/821/ALFGRIS_2024-05-06-16-47-48.jpg,https://dropipro.com/app/products,20.0,"winner_candidate,alto_stock,preco_ideal_teste"
dropipro,332,Pastillas eliminadoras de manchas amarillas y blanqueadoras de inodoro,,1.99,732,0.25,,Dropi PRO ES,https://dropipro.com/storage/products/332/855823806_max_2023-09-08-16-14-13.jpg,https://dropipro.com/app/products,20.0,
dropipro,659,Bolsa De Almacenamiento 1PC,,2.29,3040,0.16,,Dropi PRO ES,https://dropipro.com/storage/products/659/618JsSl0gGL_2024-03-19-17-31-01._AC_SL1264_.jpg,https://dropipro.com/app/products,20.0,"winner_candidate,alto_stock,preco_ideal_teste"
dropipro,1117,Set de 3 organizador de zapato,,2.89,1603,0.24,,Dropi PRO ES,https://dropipro.com/storage/products/1117/ZAP_2024-08-24-17-21-34.jpg,https://dropipro.com/app/products,20.0,"winner_candidate,alto_stock,preco_ideal_teste"
dropipro,485,Ganchos Para Colgar Ropa (18 uds),,1.49,809,0.24,,Dropi PRO ES,https://dropipro.com/storage/products/485/24064_2024-01-24-19-02-51.jpg,https://dropipro.com/app/products,20.0,
dropipro,494,Almohadillas de Goma para Lavadoras,,0.99,3131,0.21,,Dropi PRO ES,https://dropipro.com/storage/products/494/24026_2024-01-27-19-19-27.jpg,https://dropipro.com/app/products,20.0,alto_stock
dropipro,506,Agarraderas de Baño con Ventosa,,2.79,1163,0.47,,Dropi PRO ES,https://dropipro.com/storage/products/506/24057_2024-01-29-17-20-31.jpg,https://dropipro.com/app/products,20.0,"winner_candidate,alto_stock,preco_ideal_teste"
dropipro,552,Secadora de ropa portátil,,1.59,1530,0.06,,Dropi PRO ES,https://dropipro.com/storage/products/552/51ElygGYyIL_2024-02-08-13-14-51._AC_SL1000_.jpg,https://dropipro.com/app/products,20.0,alto_stock
dropipro,217,Parasol de coche,,4.25,717,0.56,,Dropi PRO ES,https://dropipro.com/storage/products/217/61EK4iTUUPL_2023-05-30-16-47-17.jpg,https://dropipro.com/app/products,20.0,"winner_candidate,preco_ideal_teste"
dropipro,161,Percha multifuncional ahorra espacio,,1.49,2113,0.25,,Dropi PRO ES,https://dropipro.com/storage/products/161/BN5532-8_2023-02-28-16-48-08.jpg,https://dropipro.com/app/products,20.0,alto_stock
dropipro,28,Carrito de compra plegable - Azul,,2.89,1379,0.55,,Dropi PRO ES,"https://dropipro.com/storage/products/28/519msnT4tiL_2023-07-28-19-21-56._AC_UF1000,1000_QL80_.jpg",https://dropipro.com/app/products,20.0,"winner_candidate,alto_stock,preco_ideal_teste"
dropipro,13,Limpiacristales magnético,,2.49,1128,0.73,,Dropi PRO ES,https://dropipro.com/storage/products/13/limpiacristales_02-11-2022.jpg,https://dropipro.com/app/products,20.0,"winner_candidate,alto_stock,preco_ideal_teste"
dropipro,31,Levantador de muebles,,3.99,763,0.87,,Dropi PRO ES,https://dropipro.com/storage/products/31/levantador_muebles_02-11-2022.jpg,https://dropipro.com/app/products,20.0,"winner_candidate,preco_ideal_teste"
dropipro,19,Set Rodillo de Pintura recargable,,4.49,1220,0.87,,Dropi PRO ES,https://dropipro.com/storage/products/19/rodillo_pintura_02-11-2022.jpg,https://dropipro.com/app/products,20.0,"winner_candidate,alto_stock,preco_ideal_teste"
dropipro,553,Luces LED con sensor de movimiento,,4.99,721,0.17,,Dropi PRO ES,https://dropipro.com/storage/products/553/61RkIlqlMxL_2024-02-08-13-37-04._AC_SL1500_.jpg,https://dropipro.com/app/products,20.0,"winner_candidate,preco_ideal_teste"
dropipro,1569,Lámina decorativa efecto mármol 60 x 300cm,,2.89,1793,0.44,,Dropi PRO ES,https://dropipro.com/storage/products/1569/MALMO_1732550574.jpg,https://dropipro.com/app/products,20.0,"winner_candidate,alto_stock,preco_ideal_teste"
dropipro,464,Lámpara LED con diamantes de cristal de 16colores,,3.49,637,0.57,,Dropi PRO ES,https://dropipro.com/storage/products/464/815Vzu603tL_2023-12-29-13-50-11._AC_SL1500_.jpg,https://dropipro.com/app/products,20.0,"winner_candidate,preco_ideal_teste"
dropipro,410,Quemador de Incienso de Reflujo con aromas y alfombrilla,,4.95,905,0.8,,Dropi PRO ES,https://dropipro.com/storage/products/410/71uK2niPUtL_2024-01-17-17-46-14._AC_SL1500_.jpg,https://dropipro.com/app/products,20.0,"winner_candidate,preco_ideal_teste"
dropipro,16,Incienso Cascada,,3.99,786,0.87,,Dropi PRO ES,https://dropipro.com/storage/products/16/incienso_02-11-2022.png,https://dropipro.com/app/products,20.0,"winner_candidate,preco_ideal_teste"
dropipro,299,Mini licuadora de vaso portatil blanco,,3.95,1272,0.52,,Dropi PRO ES,https://dropipro.com/storage/products/299/61Z-oPc0rL_2024-01-18-12-46-59._AC_SL1500_.jpg,https://dropipro.com/app/products,20.0,"winner_candidate,alto_stock,preco_ideal_teste"
dropipro,173,Aspirador de coche portátil,,4.19,3501,0.52,,Dropi PRO ES,https://dropipro.com/storage/products/173/61X2feVi2JL_2023-04-05-12-36-50._AC_SL1500_1024x.webp,https://dropipro.com/app/products,20.0,"winner_candidate,alto_stock,preco_ideal_teste"
dropipro,40,Luces LED inalámbricas x3 con mando,,3.59,1197,0.41,,Dropi PRO ES,https://dropipro.com/storage/products/40/luz_2024-06-03-18-11-58.jpg,https://dropipro.com/app/products,20.0,"winner_candidate,alto_stock,preco_ideal_teste"
dropipro,1525,Pack 3 fundas de silicona para mango de olla con aislamiento térmico,,3.49,825,0.17,,Dropi PRO ES,https://dropipro.com/storage/products/1525/OLLA_2024-11-19-17-57-30.jpg,https://dropipro.com/app/products,20.0,"winner_candidate,preco_ideal_teste"
dropipro,1519,Bolígrafo de decoracion eléctrico para café y repostería,,2.49,760,0.25,,Dropi PRO ES,https://dropipro.com/storage/products/1519/SPECIQA_2024-11-19-15-16-06.jpg,https://dropipro.com/app/products,20.0,"winner_candidate,preco_ideal_teste"
dropipro,1518,Guante de acero inoxidable resistente al corte,,3.49,969,0.13,,Dropi PRO ES,https://dropipro.com/storage/products/1518/GUANTE_2024-11-19-13-43-08.jpg,https://dropipro.com/app/products,20.0,"winner_candidate,preco_ideal_teste"
dropipro,1492,Molde de silicona para hacer cubitos de hielo,,2.89,723,0.32,,Dropi PRO ES,https://dropipro.com/storage/products/1492/HIELO_2024-11-18-16-48-08.jpg,https://dropipro.com/app/products,20.0,"winner_candidate,preco_ideal_teste"
dropipro,311,Afilador de cuchillos con ventosa,,1.59,1636,0.1,,Dropi PRO ES,https://dropipro.com/storage/products/311/Afilador-profesional-con-ventosa-piedra-de-afilar-cuchillos-herramienta-de-cocina-piedra-de-afilar_2023-08-09-13-08-25.jpg,https://dropipro.com/app/products,20.0,alto_stock
dropipro,1168,Pack de 5 paños de limpieza de malla de alambre,,1.0,755,0.05,,Dropi PRO ES,https://dropipro.com/storage/products/1168/PANO_2024-09-11-15-05-58.jpg,https://dropipro.com/app/products,20.0,
dropipro,393,Papel de Horno para Freidora de Aire 20CM*50PCS,,1.89,922,0.38,,Dropi PRO ES,https://dropipro.com/storage/products/393/71CeAi7oWgL_2023-11-01-13-54-38._AC_SL1500_.jpg,https://dropipro.com/app/products,20.0,
dropipro,392,Papel de Horno para Freidora de Aire 16CM*50PCS,,1.49,1508,0.32,,Dropi PRO ES,https://dropipro.com/storage/products/392/713iIjJx7FL_2023-11-01-13-52-38._AC_SL1500_.jpg,https://dropipro.com/app/products,20.0,alto_stock
dropipro,377,Molde para hacer empanadillas dumplings,,3.49,1390,0.52,,Dropi PRO ES,https://dropipro.com/storage/products/377/61tELHHuHBL_2023-10-16-19-51-58._AC_SL1500_.jpg,https://dropipro.com/app/products,20.0,"winner_candidate,alto_stock,preco_ideal_teste"
dropipro,834,Organizador de cajones de plástico para nevera ( colores variados ),,1.69,1251,0.12,,Dropi PRO ES,https://dropipro.com/storage/products/834/NEVERA_2024-05-21-19-27-59.jpg,https://dropipro.com/app/products,20.0,alto_stock
dropipro,832,Jarra dispensador de masa con tapa,,4.49,760,0.32,,Dropi PRO ES,https://dropipro.com/storage/products/832/DISPENSADOR_2024-05-21-19-18-18.jpg,https://dropipro.com/app/products,20.0,"winner_candidate,preco_ideal_teste"
dropipro,777,Set de 6 Tapas de Silicona Reutilizables,,1.79,1389,0.1,,Dropi PRO ES,https://dropipro.com/storage/products/777/TAPA_2024-04-10-14-50-52.jpg,https://dropipro.com/app/products,20.0,alto_stock
dropipro,1069,Limpiador de microondas Angry Mom,,2.59,891,0.12,,Dropi PRO ES,https://dropipro.com/storage/products/1069/MICROODAS_2024-08-14-18-20-44.jpg,https://dropipro.com/app/products,20.0,"winner_candidate,preco_ideal_teste"
dropipro,286,Prensa Ajos Acero Inoxidable,,1.19,1725,0.27,,Dropi PRO ES,https://dropipro.com/storage/products/286/71OldEEX5wL_2023-07-10-19-11-19._AC_SX522_.jpg,https://dropipro.com/app/products,20.0,alto_stock
dropipro,676,Grifo giratorio con cascada para extensión 4en1,,3.49,1222,0.36,,Dropi PRO ES,https://dropipro.com/storage/products/676/GRIFO_2024-03-22-16-54-55.jpg,https://dropipro.com/app/products,20.0,"winner_candidate,alto_stock,preco_ideal_teste"
dropipro,264,Grifo Giratorio Plastico,,2.44,5379,0.27,,Dropi PRO ES,"https://dropipro.com/storage/products/264/716NuF7x6aL_2023-06-13-15-51-06._AC_UF1000,1000_QL80_.jpg",https://dropipro.com/app/products,20.0,"winner_candidate,alto_stock,preco_ideal_teste"
dropipro,285,Filtro de agua dos posiciones ajustable,,1.69,2203,0.01,,Dropi PRO ES,https://dropipro.com/storage/products/285/61DVKMdPM9L_2023-07-10-19-08-08._AC_SX522_.jpg,https://dropipro.com/app/products,20.0,alto_stock
dropipro,284,Adaptador grifo Turbo Flex 360 Instantáneo,,1.29,2226,0.07,,Dropi PRO ES,https://dropipro.com/storage/products/284/71i3CaplMNL_2024-01-18-12-56-39._AC_SL1500_.jpg,https://dropipro.com/app/products,20.0,alto_stock
dropipro,227,Cabezal de grifo flexible 2 modos,,1.49,4969,0.1,,Dropi PRO ES,https://dropipro.com/storage/products/227/kit-2pzs-de-boquilla-grifo-flexible-para-la-cocina-360-la-boquilla-giratoria_2023-06-01-13-39-49.jpg,https://dropipro.com/app/products,20.0,alto_stock
dropipro,1063,Protector de esquinas para Bebe 4pcs,,1.49,781,0.05,,Dropi PRO ES,https://dropipro.com/storage/products/1063/ESQUINA_2024-08-14-18-34-32.jpg,https://dropipro.com/app/products,20.0,
dropipro,1478,Spray de revestimiento cerámica 3 en 1 (235ml),,3.99,1756,0.3,,Dropi PRO ES,https://dropipro.com/storage/products/1478/ARMO_2024-11-13-16-45-59.jpg,https://dropipro.com/app/products,20.0,"winner_candidate,alto_stock,preco_ideal_teste"
dropipro,598,Blanqueador Dental Morada v34,,2.29,9826,0.27,,Dropi PRO ES,https://dropipro.com/storage/products/598/v34_2024-07-15-17-13-37.jpg,https://dropipro.com/app/products,20.0,"winner_candidate,alto_stock,preco_ideal_teste"
dropipro,106,Pizarra mágica 3D,,4.95,2697,0.4,,Dropi PRO ES,https://dropipro.com/storage/products/106/pizarra_07-12-2022_09-01-2023.jpg,https://dropipro.com/app/products,20.0,"winner_candidate,alto_stock,preco_ideal_teste"
dropipro,1440,Juegos educativos azul,,3.89,1359,0.27,,Dropi PRO ES,https://dropipro.com/storage/products/1440/CELES_2024-11-06-15-55-30.jpg,https://dropipro.com/app/products,20.0,"winner_candidate,alto_stock,preco_ideal_teste"
dropipro,321,"Pack de 10 filamentos PLA de color de 1,75 mm",,1.89,846,0.16,,Dropi PRO ES,"https://dropipro.com/storage/products/321/71aPjfTvwNL_2023-08-23-18-44-18._AC_UF894,1000_QL80_.jpg",https://dropipro.com/app/products,20.0,
dropipro,1050,Mini dron bola giratoria mágica azul,,2.99,2565,0.27,,Dropi PRO ES,https://dropipro.com/storage/products/1050/PELOTAAZUL_2024-08-08-16-50-44.jpg,https://dropipro.com/app/products,20.0,"winner_candidate,alto_stock,preco_ideal_teste"
dropipro,574,Rodillera de espuma ultra gruesas,,3.99,770,0.1,,Dropi PRO ES,https://dropipro.com/storage/products/574/71EgMgA5pTL_2024-02-10-18-28-28._SL1020_.jpg,https://dropipro.com/app/products,20.0,"winner_candidate,preco_ideal_teste"
dropipro,53,Pest Reject - Matainsectos,,3.49,3508,0.13,,Dropi PRO ES,https://dropipro.com/storage/products/53/8430478540609_1_2023-05-31-18-49-25.jpg,https://dropipro.com/app/products,20.0,"winner_candidate,alto_stock,preco_ideal_teste"
dropipro,308,Repelente insectos Pest Reject,,2.45,2240,0.27,,Dropi PRO ES,https://dropipro.com/storage/products/308/ahuyentador-pest-reject_2023-08-02-10-32-33.jpg,https://dropipro.com/app/products,20.0,"winner_candidate,alto_stock,preco_ideal_teste"
dropipro,945,Vibrador,,2.49,628,0.26,,Dropi PRO ES,https://dropipro.com/storage/products/945/2024-07-1410_2024-07-14-10-14-42.08.png,https://dropipro.com/app/products,20.0,"winner_candidate,preco_ideal_teste"
dropipro,1065,Cuaderno mágico de escritura para Niños 4und Español,,2.49,8622,0.43,,Dropi PRO ES,https://dropipro.com/storage/products/1065/LIBRO_2024-08-14-18-48-38.jpg,https://dropipro.com/app/products,20.0,"winner_candidate,alto_stock,preco_ideal_teste"
dropipro,961,Eliminador profesional de arañazos en 20 seg para coche,,3.89,3930,0.36,,Dropi PRO ES,https://dropipro.com/storage/products/961/ARANAZO_2024-07-19-12-55-22.jpg,https://dropipro.com/app/products,20.0,"winner_candidate,alto_stock,preco_ideal_teste"
dropipro,149,Mango extensible limpia cristales para coche,,3.69,761,0.22,,Dropi PRO ES,https://dropipro.com/storage/products/149/BN1527-1_2023-02-28-15-48-49.jpg,https://dropipro.com/app/products,20.0,"winner_candidate,preco_ideal_teste"
dropipro,1485,Pack 6 parche antifiebre para niños,,1.89,768,0.11,,Dropi PRO ES,https://dropipro.com/storage/products/1485/PARCHE_2024-11-15-17-26-41.jpg,https://dropipro.com/app/products,20.0,
dropipro,121,Cepillo de dientes para niños - forma U,,0.99,10527,0.23,,Dropi PRO ES,https://dropipro.com/storage/products/121/cepillo_dientes_ninos_2023-01-25-18-29-06.jpg,https://dropipro.com/app/products,20.0,alto_stock
dropipro,1602,Aceite esencial reparacion de colageno 50ml,,2.89,1724,0.29,,Dropi PRO ES,https://dropipro.com/storage/products/1602/COLAG_1733763849.jpg,https://dropipro.com/app/products,20.0,"winner_candidate,alto_stock,preco_ideal_teste"
dropipro,1572,Plantillas de masaje magnético de acupresión unisex,,1.89,2492,0.05,,Dropi PRO ES,https://dropipro.com/storage/products/1572/PLANTILLAHOM_1732558883.jpg,https://dropipro.com/app/products,20.0,alto_stock
dropipro,1540,Pack 30 Parches para dejar de fumar,,1.99,972,0.21,,Dropi PRO ES,https://dropipro.com/storage/products/1540/FUMA_2024-11-20-17-35-37.JPG,https://dropipro.com/app/products,20.0,
dropipro,1511,Pack 10 pegatinas levanta pechos,,1.49,1480,0.22,,Dropi PRO ES,https://dropipro.com/storage/products/1511/PECHO_2024-11-19-12-39-50.jpg,https://dropipro.com/app/products,20.0,alto_stock
dropipro,1508,Cepillo voluminizador con omnia botanica,,2.29,884,0.06,,Dropi PRO ES,https://dropipro.com/storage/products/1508/CEPILLO_2024-11-19-12-11-09.JPG,https://dropipro.com/app/products,20.0,"winner_candidate,preco_ideal_teste"
dropipro,1463,Champú para canas 100ml negro,,2.79,2267,0.33,,Dropi PRO ES,https://dropipro.com/storage/products/1463/CAMPU-NEG_2024-11-07-18-44-14.JPG,https://dropipro.com/app/products,20.0,"winner_candidate,alto_stock,preco_ideal_teste"
dropipro,1462,Set de 4 botellas de viaje,,2.89,810,0.15,,Dropi PRO ES,https://dropipro.com/storage/products/1462/BOTELLA_2024-11-07-17-53-38.jpg,https://dropipro.com/app/products,20.0,"winner_candidate,preco_ideal_teste"
dropipro,326,Mini afeitadora eléctrica portátil azul/plata,,3.29,745,0.29,,Dropi PRO ES,https://dropipro.com/storage/products/326/MNAZUL_2023-08-31-22-50-54.jpg,https://dropipro.com/app/products,20.0,"winner_candidate,preco_ideal_teste"
dropipro,365,Cepillo Masajeador Cuero Cabelludo,,0.99,1160,0.1,,Dropi PRO ES,https://dropipro.com/storage/products/365/16965167185fbdc11a6b431018b823e377e698b5c4_thumbnail_720x_2024-01-17-18-11-45.jpg,https://dropipro.com/app/products,20.0,alto_stock
dropipro,147,Masajeador Cervical,,3.99,1744,0.41,,Dropi PRO ES,https://dropipro.com/storage/products/147/WechatIMG175_2023-02-28-15-35-07.jpeg,https://dropipro.com/app/products,20.0,"winner_candidate,alto_stock,preco_ideal_teste"
dropipro,351,Masajeador cervical mariposa,,1.99,4428,0.26,,Dropi PRO ES,https://dropipro.com/storage/products/351/MASAJEADORCERVICAL_2023-09-15-13-15-34.jpeg,https://dropipro.com/app/products,20.0,alto_stock
dropipro,415,Almohadilla de Repuesto para Masajeador Cervical 1ud,,0.49,850,0.01,,Dropi PRO ES,https://dropipro.com/storage/products/415/61Y73FCHOqL_2024-01-17-17-41-22._AC_SL1500_.jpg,https://dropipro.com/app/products,20.0,
dropipro,511,Calcetines Autocalentables,,1.39,4743,0.3,,Dropi PRO ES,https://dropipro.com/storage/products/511/418DJHMYKL_2024-01-29-17-48-47._AC_.jpg,https://dropipro.com/app/products,20.0,alto_stock
dropipro,937,Calcetines de silicona hidratantes,,1.69,685,0.09,,Dropi PRO ES,https://dropipro.com/storage/products/937/CALSETINE_2024-07-13-13-53-18.jpg,https://dropipro.com/app/products,20.0,
dropipro,1064,Calcetines ortopedicos para aliviar juanete,,1.99,1830,0.34,,Dropi PRO ES,https://dropipro.com/storage/products/1064/CALCETINE_2024-08-14-18-41-11.jpg,https://dropipro.com/app/products,20.0,alto_stock
dropipro,44,Corrector de Juanetes pack 2 uds,,1.29,1990,0.23,,Dropi PRO ES,https://dropipro.com/storage/products/44/s-l500_2023-05-23-19-26-47.jpg,https://dropipro.com/app/products,20.0,alto_stock
dropipro,1073,Taloneras ortopédicas 1 par,,2.55,731,0.09,,Dropi PRO ES,https://dropipro.com/storage/products/1073/TALONERA_2024-08-14-19-41-56.JPG,https://dropipro.com/app/products,20.0,"winner_candidate,preco_ideal_teste"
dropipro,310,Masajeador de pies ems,,2.39,2385,0.35,,Dropi PRO ES,https://dropipro.com/storage/products/310/81iJyIFhKL_2023-06-17-16-16-16._AC_SL1500_.jpg,https://dropipro.com/app/products,20.0,"winner_candidate,alto_stock,preco_ideal_teste"
dropipro,370,Media de Compresion 2pcs Negro,,1.99,1198,0.31,,Dropi PRO ES,https://dropipro.com/storage/products/370/gsc_119368965_2326484_1_2023-11-02-17-06-35.jpg,https://dropipro.com/app/products,20.0,alto_stock
dropipro,369,Rodillera con frío/calor,,4.59,741,0.26,,Dropi PRO ES,https://dropipro.com/storage/products/369/1696666227079_2023-10-14-20-12-12.jpg,https://dropipro.com/app/products,20.0,"winner_candidate,preco_ideal_teste"
dropipro,346,Parches de Alivio del Dolor de Rodilla 12pcs,,1.49,4004,0.23,,Dropi PRO ES,https://dropipro.com/storage/products/346/61Ci5srEa8L_2023-09-09-12-10-32._AC_SL1000_.jpg,https://dropipro.com/app/products,20.0,alto_stock
dropipro,895,Parches para Aliviar el Dolor Menstrual,,0.99,1777,0.01,,Dropi PRO ES,https://dropipro.com/storage/products/895/MENSTRUA_2024-06-19-18-01-19.jpg,https://dropipro.com/app/products,20.0,alto_stock
dropipro,558,Parches para dormir 28 piezas,,1.49,764,0.22,,Dropi PRO ES,https://dropipro.com/storage/products/558/1200121188_max_2024-02-08-17-07-59.jpg,https://dropipro.com/app/products,20.0,
dropipro,489,Parche de alivio del dolor (8 Parches),,0.99,641,0.15,,Dropi PRO ES,https://dropipro.com/storage/products/489/GHGJBV_2024-01-26-14-05-29.jpg,https://dropipro.com/app/products,20.0,
dropipro,110,Parches desintoxicantes de pies,,1.99,1563,0.27,,Dropi PRO ES,https://dropipro.com/storage/products/110/parches_pies_2023-01-25-18-04-15.png,https://dropipro.com/app/products,20.0,alto_stock
dropipro,972,Jabón comprimido para cubrir el cabello,,2.69,1467,0.07,,Dropi PRO ES,https://dropipro.com/storage/products/972/JABONjpg_2024-07-19-19-08-46.jpeg,https://dropipro.com/app/products,20.0,"winner_candidate,alto_stock,preco_ideal_teste"
dropipro,337,Spray de Crecimiento del Cabello,,1.79,4009,0.33,,Dropi PRO ES,https://dropipro.com/storage/products/337/61Rpaz4-IoL_2023-09-08-18-57-51._AC_SL1500_.jpg,https://dropipro.com/app/products,20.0,alto_stock
dropipro,117,Crema para hemorroides,,0.99,1760,0.23,,Dropi PRO ES,https://dropipro.com/storage/products/117/crema_hemorroides_2023-01-25-18-15-38.png,https://dropipro.com/app/products,20.0,alto_stock
dropipro,345,Crema aclarante blanqueadora,,1.99,3172,0.27,,Dropi PRO ES,https://dropipro.com/storage/products/345/61ttt4MjghL_2024-01-18-12-39-30._AC_SL1500_.jpg,https://dropipro.com/app/products,20.0,alto_stock
dropipro,1594,Crema reafirmante para el contorno de los ojos,,1.69,1338,0.22,,Dropi PRO ES,https://dropipro.com/storage/products/1594/OJO_1733396991.jpg,https://dropipro.com/app/products,20.0,alto_stock
dropipro,109,Serum crece pelos,,0.99,8386,0.28,,Dropi PRO ES,https://dropipro.com/storage/products/109/serum_2024-06-03-14-18-31.jpg,https://dropipro.com/app/products,20.0,alto_stock
dropipro,824,Mascarilla de carbón para blanquear los poros,,2.49,1302,0.08,,Dropi PRO ES,https://dropipro.com/storage/products/824/WechatIMG1307_2024-05-09-18-03-33.jpg,https://dropipro.com/app/products,20.0,"winner_candidate,alto_stock,preco_ideal_teste"
dropipro,695,Protector bucal antirronquido,,3.19,2164,0.23,,Dropi PRO ES,https://dropipro.com/storage/products/695/WhatsAppImage2024-04-02at15_2024-04-02-15-38-14.37.jpg,https://dropipro.com/app/products,20.0,"winner_candidate,alto_stock,preco_ideal_teste"
dropipro,683,Gorro de máscara para migraña,,2.99,646,0.26,,Dropi PRO ES,https://dropipro.com/storage/products/683/MASCA_2024-03-22-18-50-27.jpg,https://dropipro.com/app/products,20.0,"winner_candidate,preco_ideal_teste"
dropipro,620,Cinta de silicona para cicatrices (rollo de 5 x 500cm ),,0.99,624,0.02,,Dropi PRO ES,https://dropipro.com/storage/products/620/3_2024-04-30-13-41-44.jpeg,https://dropipro.com/app/products,20.0,
dropipro,591,Blanqueador Dental Morada v34,,1.99,6592,0.2,,Dropi PRO ES,https://dropipro.com/storage/products/591/v34_2024-07-15-17-13-37.jpg,https://dropipro.com/app/products,20.0,alto_stock
dropipro,403,Spray Eliminacion Cicatrices,,1.99,1403,0.05,,Dropi PRO ES,https://dropipro.com/storage/products/403/71IQtXuwAlL_2023-11-09-12-13-33._SL1500_.jpg,https://dropipro.com/app/products,20.0,alto_stock
dropipro,330,Removedor de Verrugas,,1.49,1838,0.23,,Dropi PRO ES,https://dropipro.com/storage/products/330/71qabnM0i2S_2023-09-08-16-01-28._AC_SL1500_.jpg,https://dropipro.com/app/products,20.0,alto_stock
dropipro,309,Set 3 perfumes con feromonas,,1.99,1585,0.29,,Dropi PRO ES,https://dropipro.com/storage/products/309/71If68o68gL_2023-08-02-13-53-22._AC_SX679_.jpg,https://dropipro.com/app/products,20.0,alto_stock
dropipro,142,Lápiz electrónico acupuntura,,2.99,775,0.29,,Dropi PRO ES,https://dropipro.com/storage/products/142/WechatIMG174_2023-02-28-15-22-50.jpeg,https://dropipro.com/app/products,20.0,"winner_candidate,preco_ideal_teste"
dropipro,114,Aceite anti-hongos uñas,,1.49,2006,0.24,,Dropi PRO ES,https://dropipro.com/storage/products/114/71zBLtTwYwL_2024-01-18-16-37-31._AC_SL1500_.jpg,https://dropipro.com/app/products,20.0,alto_stock
dropipro,113,Spray para Varices,,0.99,1331,0.25,,Dropi PRO ES,https://dropipro.com/storage/products/113/710vPCL-b6L_2024-01-17-16-16-15._SL1500_.jpg,https://dropipro.com/app/products,20.0,alto_stock
dropipro,124,Cepillo de ducha exfoliante,,1.59,7640,0.33,,Dropi PRO ES,https://dropipro.com/storage/products/124/exfoliante_ducha_2023-01-25-18-34-54.jpg,https://dropipro.com/app/products,20.0,alto_stock
dropipro,372,Almohada cervical quiropráctica,,2.95,1106,0.35,,Dropi PRO ES,https://dropipro.com/storage/products/372/almohada_2024-06-03-14-13-18.jpg,https://dropipro.com/app/products,20.0,"winner_candidate,alto_stock,preco_ideal_teste"
dropipro,46,Almohada relajante ortopédica piernas,,3.69,5194,0.22,,Dropi PRO ES,https://dropipro.com/storage/products/46/cojin_ergonomico_02-11-2022.png,https://dropipro.com/app/products,20.0,"winner_candidate,alto_stock,preco_ideal_teste"
dropipro,1829,Calcetines de yoga antideslizante ( colores variados ),,1.29,680,0.1,,Dropi PRO ES,https://dropipro.com/storage/products/1829/calcetine_1739883080.jpg,https://dropipro.com/app/products,20.0,
dropipro,1704,Rodilleras 1pcs tejido 3D con almohadilla ( talla unica ),,2.69,1578,0.47,,Dropi PRO ES,https://dropipro.com/storage/products/1704/615AW88DOGL._AC_SL1500__1737041907.jpg,https://dropipro.com/app/products,20.0,"winner_candidate,alto_stock,preco_ideal_teste"
dropipro,1598,Bandas de Resistencia 5 und,,1.89,806,0.29,,Dropi PRO ES,https://dropipro.com/storage/products/1598/CINTA_1733499007.jpg,https://dropipro.com/app/products,20.0,
dropipro,1570,Almohadilla ortopédico para juanetes 1 pares,,1.99,882,0.24,,Dropi PRO ES,https://dropipro.com/storage/products/1570/ALMOHADI_1732552296.jpg,https://dropipro.com/app/products,20.0,
dropipro,1539,Pack 12 parche para ciática,,1.89,1181,0.22,,Dropi PRO ES,https://dropipro.com/storage/products/1539/CIATICA_2024-11-20-17-05-56.jpg,https://dropipro.com/app/products,20.0,alto_stock
dropipro,1522,Plantillas ortopédicas con amortiguacion para hombre 40-46,,2.39,916,0.08,,Dropi PRO ES,https://dropipro.com/storage/products/1522/PLANTILLA_2024-11-19-15-33-18.jpg,https://dropipro.com/app/products,20.0,"winner_candidate,preco_ideal_teste"
dropipro,1521,Plantillas ortopédicas con amortiguacion para mujer 36-41,,2.29,818,0.07,,Dropi PRO ES,https://dropipro.com/storage/products/1521/PLANTILLA_2024-11-19-15-33-18.jpg,https://dropipro.com/app/products,20.0,"winner_candidate,preco_ideal_teste"
dropipro,1015,Rodilleras 1pcs tejido 3D con almohadilla S/M,,2.79,1448,0.47,,Dropi PRO ES,https://dropipro.com/storage/products/1015/rodillera_2024-07-29-19-11-45.jpg,https://dropipro.com/app/products,20.0,"winner_candidate,alto_stock,preco_ideal_teste"
dropipro,339,Crema Reduccion de Grasa Jengibre,,1.99,850,0.27,,Dropi PRO ES,https://dropipro.com/storage/products/339/712bQ8WoigL_2023-09-09-11-24-55._AC_SL1500_.jpg,https://dropipro.com/app/products,20.0,
dropipro,14,Parches adelgazantes magnéticos - 30 uds,,1.99,2107,0.05,,Dropi PRO ES,https://dropipro.com/storage/products/14/parches_02-11-2022.jpg,https://dropipro.com/app/products,20.0,alto_stock
dropipro,391,Cinturón Sacroilíaco,,3.55,3648,0.16,,Dropi PRO ES,https://dropipro.com/storage/products/391/61-hKqmddcL_2023-11-01-13-47-49._SL1500_.jpg,https://dropipro.com/app/products,20.0,"winner_candidate,alto_stock,preco_ideal_teste"
dropipro,140,Faja Lumbar quemadora de grasa,,2.75,817,0.31,,Dropi PRO ES,https://dropipro.com/storage/products/140/8434921023015_1_2024-01-18-16-23-27.jpg,https://dropipro.com/app/products,20.0,"winner_candidate,preco_ideal_teste"
dropipro,112,Aceite de Jengibre,,0.99,9649,0.24,,Dropi PRO ES,https://dropipro.com/storage/products/112/jengibre_1777571045.jpg,https://dropipro.com/app/products,20.0,alto_stock
dropipro,1862,Bragas Embarazo Maternidad Sin Costura,,2.49,600,0.14,,Dropi PRO ES,https://dropipro.com/storage/products/1862/BRAGA_1740677858.jpg,https://dropipro.com/app/products,20.0,"winner_candidate,preco_ideal_teste"
dropipro,1089,Faja moldeadora con cintura ajustable negro M/L,,3.99,619,0.38,,Dropi PRO ES,https://dropipro.com/storage/products/1089/24232NG_2024-08-15-17-32-23.jpg,https://dropipro.com/app/products,20.0,"winner_candidate,preco_ideal_teste"
dropipro,1174,Body sin costuras para mujer negro S/M,,3.69,645,0.36,,Dropi PRO ES,https://dropipro.com/storage/products/1174/SINCOSTURANEGRO_2024-09-11-20-05-46.jpg,https://dropipro.com/app/products,20.0,"winner_candidate,preco_ideal_teste"
dropipro,1614,Serum facial con nicotinamida para cuidado de la piel,,1.89,818,0.27,,Dropi PRO ES,https://dropipro.com/storage/products/1614/712fiZV8LL._SL1500__1734025862.jpg,https://dropipro.com/app/products,20.0,
dropipro,389,Cepillo Alisador Pelo (4 Colores),,4.19,4693,0.48,,Dropi PRO ES,https://dropipro.com/storage/products/389/cepillo_2024-04-16-19-16-07.jpg,https://dropipro.com/app/products,20.0,"winner_candidate,alto_stock,preco_ideal_teste"
dropipro,951,Fibra capilar correctora negro,,2.65,686,0.24,,Dropi PRO ES,https://dropipro.com/storage/products/951/BUNEE_2024-07-16-23-17-37.JPG,https://dropipro.com/app/products,20.0,"winner_candidate,preco_ideal_teste"
dropipro,1374,Mascarilla Capilar Reparación 200ml,,3.69,9160,0.44,,Dropi PRO ES,https://dropipro.com/storage/products/1374/MASCA_2024-07-19-15-13-13.jpg,https://dropipro.com/app/products,20.0,"winner_candidate,alto_stock,preco_ideal_teste"
dropipro,373,Masajeador Facial para el Cuello Blanco,,4.95,764,0.12,,Dropi PRO ES,https://dropipro.com/storage/products/373/9_2024-04-25-15-28-52_2024-06-07-22-14-52.jpeg,https://dropipro.com/app/products,20.0,"winner_candidate,preco_ideal_teste"
dropipro,364,Reductor Papada,,4.99,639,0.28,,Dropi PRO ES,https://dropipro.com/storage/products/364/1_12_2023-10-14-19-00-59.jpg,https://dropipro.com/app/products,20.0,"winner_candidate,preco_ideal_teste"
dropipro,1031,Mascarilla adelgazante papada,,2.49,734,0.42,,Dropi PRO ES,https://dropipro.com/storage/products/1031/PAPADA_2024-08-01-20-16-44.JPG,https://dropipro.com/app/products,20.0,"winner_candidate,preco_ideal_teste"
dropipro,233,Depilador Facial En Forma De Pintalabios,,2.49,2673,0.08,,Dropi PRO ES,https://dropipro.com/storage/products/233/31L2uV6U5ZL._SL500__1773773487.jpg,https://dropipro.com/app/products,20.0,"winner_candidate,alto_stock,preco_ideal_teste"
dropipro,786,Rodillo Volcánico Absorbente de Aceite para limpieza de poros (colores variado),,0.99,861,0.04,,Dropi PRO ES,https://dropipro.com/storage/products/786/RODILLO_2024-04-15-19-32-58.jpg,https://dropipro.com/app/products,20.0,
dropipro,1964,Lip Gloss Efecto Voluminzador,,1.99,1261,0.23,,Dropi PRO ES,https://dropipro.com/storage/products/1964/1.1_1744602761.jpg,https://dropipro.com/app/products,20.0,alto_stock
dropipro,1963,Fijador en Cera para el Pelo,,2.99,675,0.29,,Dropi PRO ES,https://dropipro.com/storage/products/1963/1_1744602262.jpg,https://dropipro.com/app/products,20.0,"winner_candidate,preco_ideal_teste"
dropipro,343,Gel Peinado Cabello Rizado,,2.09,1359,0.27,,Dropi PRO ES,https://dropipro.com/storage/products/343/71G6FBBxbL_2023-09-09-11-53-42._AC_SL1500_.jpg,https://dropipro.com/app/products,20.0,"winner_candidate,alto_stock,preco_ideal_teste"
dropipro,331,Crema para Alisar el Cabello,,2.19,4646,0.07,,Dropi PRO ES,https://dropipro.com/storage/products/331/71Fa-2KphL_2023-09-08-16-04-56._AC_SL1500_.jpg,https://dropipro.com/app/products,20.0,"winner_candidate,alto_stock,preco_ideal_teste"
dropipro,344,Crema Hibisco y Miel 50ml,,2.99,1133,0.15,,Dropi PRO ES,https://dropipro.com/storage/products/344/71d-GmXLh9L_2023-09-09-11-57-39._AC_SL1500_.jpg,https://dropipro.com/app/products,20.0,"winner_candidate,alto_stock,preco_ideal_teste"
dropipro,111,Serum quita Ojeras,,1.29,4081,0.23,,Dropi PRO ES,https://dropipro.com/storage/products/111/serum_ojeras_2023-01-25-18-05-22.png,https://dropipro.com/app/products,20.0,alto_stock
dropipro,115,Serum anti-acné / anti-manchas,,0.99,3720,0.25,,Dropi PRO ES,https://dropipro.com/storage/products/115/IMG_20251024_180537_1761323035.jpg,https://dropipro.com/app/products,20.0,alto_stock
dropipro,15,Mascarilla de té verde.,,1.29,6820,0.28,,Dropi PRO ES,https://dropipro.com/storage/products/15/5_2023-03-30-11-06-36.jpg,https://dropipro.com/app/products,20.0,alto_stock
dropipro,18,Depiladora eléctrica,,3.49,3358,0.33,,Dropi PRO ES,https://dropipro.com/storage/products/18/depiladora_laser_02-11-2022.jpg,https://dropipro.com/app/products,20.0,"winner_candidate,alto_stock,preco_ideal_teste"
dropipro,753,Cintas para Párpados (120Pcs),,1.29,1251,0.01,,Dropi PRO ES,https://dropipro.com/storage/products/753/WechatIMG1229_2024-04-04-19-53-31.jpg,https://dropipro.com/app/products,20.0,alto_stock
dropipro,559,Set de almohadilla y gel hidratante de colágeno,,2.99,1667,0.3,,Dropi PRO ES,https://dropipro.com/storage/products/559/61fCpsArd5L_2024-02-08-17-21-33._AC_SL1500_.jpg,https://dropipro.com/app/products,20.0,"winner_candidate,alto_stock,preco_ideal_teste"
dropipro,356,Base de maquillaje con esponja N1 Marfil,,1.99,3081,0.31,,Dropi PRO ES,https://dropipro.com/storage/products/356/_20231012154515_2023-10-12-15-51-33.png,https://dropipro.com/app/products,20.0,alto_stock
dropipro,338,Gránulos de Reparación de Dientes,,1.49,2020,0.24,,Dropi PRO ES,https://dropipro.com/storage/products/338/7193eB2zqyL_2023-09-08-19-02-06._AC_SL1500_.jpg,https://dropipro.com/app/products,20.0,alto_stock
dropipro,146,Pestañas Postizas 3D,,1.89,3120,0.23,,Dropi PRO ES,https://dropipro.com/storage/products/146/71CKUYx8bpL_2024-01-18-13-36-56._AC_SL1500_.jpg,https://dropipro.com/app/products,20.0,alto_stock
dropipro,138,Blanqueador con ácido hialurónico,,0.99,4052,0.12,,Dropi PRO ES,https://dropipro.com/storage/products/138/WechatIMG166_2023-02-28-15-03-51.png,https://dropipro.com/app/products,20.0,alto_stock
dropipro,108,Aumentador de tetas,,0.99,7577,0.28,,Dropi PRO ES,https://dropipro.com/storage/products/108/aumentador_tetas_2023-01-25-18-00-09.jpg,https://dropipro.com/app/products,20.0,alto_stock
dropipro,107,Aumentador de gluteos,,1.29,1678,0.28,,Dropi PRO ES,https://dropipro.com/storage/products/107/aumentador_gluteos_2023-01-25-17-59-12.jpg,https://dropipro.com/app/products,20.0,alto_stock
dropipro,58,Lápiz corrector de cejas / barba,,1.19,694,0.23,,Dropi PRO ES,https://dropipro.com/storage/products/58/lapiz_2024-08-22-12-55-48.jpg,https://dropipro.com/app/products,20.0,
dropipro,35,Limpiador de Puntos Negros,,1.99,1716,0.37,,Dropi PRO ES,https://dropipro.com/storage/products/35/exctracteur-point-noir_1200x_80444086-fbc0-4726-b562-0b58ee8ccd5d_600x-2_2023-11-03-17-23-21.jpg,https://dropipro.com/app/products,20.0,alto_stock
dropipro,34,Lápiz blanqueador de dientes,,0.99,11550,0.22,,Dropi PRO ES,https://dropipro.com/storage/products/34/blanqueador_dental_02-11-2022.jpg,https://dropipro.com/app/products,20.0,alto_stock
dropipro,226,Rizador de pestañas eléctrico con calefacción,,1.49,1202,0.25,,Dropi PRO ES,https://dropipro.com/storage/products/226/51UdRRonbNL_2024-01-18-13-02-40._AC_SL1500_.jpg,https://dropipro.com/app/products,20.0,alto_stock
dropipro,135,Estimulador de Gluteos,,2.99,1592,0.36,,Dropi PRO ES,https://dropipro.com/storage/products/135/Estimuladordegluteos_2023-02-24-17-06-37.jpeg,https://dropipro.com/app/products,20.0,"winner_candidate,alto_stock,preco_ideal_teste"
dropipro,496,Faja culote Body Hip Pants S/M Negro,,3.95,835,0.2,,Dropi PRO ES,https://dropipro.com/storage/products/496/24027_2024-01-27-19-43-06.jpg,https://dropipro.com/app/products,20.0,"winner_candidate,preco_ideal_teste"
dropipro,523,Faja culote Body Hip Pants S/M Beige,,3.95,1416,0.2,,Dropi PRO ES,https://dropipro.com/storage/products/523/24027_2024-01-27-19-43-06.jpg,https://dropipro.com/app/products,20.0,"winner_candidate,alto_stock,preco_ideal_teste"
dropipro,583,Braga Body Hip Pants S/M Negro,,3.95,635,0.2,,Dropi PRO ES,https://dropipro.com/storage/products/583/154541_2024-02-12-19-52-55.jpg,https://dropipro.com/app/products,20.0,"winner_candidate,preco_ideal_teste"
dropipro,196,Mini localizador GPS magnético,,3.99,1266,0.26,,Dropi PRO ES,https://dropipro.com/storage/products/196/71rnfJO1WDL_2023-05-19-12-21-53._AC_SL1500_.jpg,https://dropipro.com/app/products,20.0,"winner_candidate,alto_stock,preco_ideal_teste"
dropipro,79,"Amplificador Pantalla Curvo 12"" - Negro",,2.05,2000,0.36,,Dropi PRO ES,https://dropipro.com/storage/products/79/3dnegro_18-11-2022.jpg,https://dropipro.com/app/products,20.0,"winner_candidate,alto_stock,preco_ideal_teste"
dropipro,1546,Juguete para Limpiar los Dientes del Perro,,2.89,751,0.35,,Dropi PRO ES,https://dropipro.com/storage/products/1546/PERRO_2024-11-21-19-04-06.jpg,https://dropipro.com/app/products,20.0,"winner_candidate,preco_ideal_teste"
dropipro,1454,Alfombra súper absorbente,,4.99,668,0.7,,Dropi PRO ES,https://dropipro.com/storage/products/1454/tapete_2024-11-07-12-59-41.jpg,https://dropipro.com/app/products,20.0,"winner_candidate,preco_ideal_teste"
dropipro,68,Pack de 2 cepillo mascotas（1 grande + 1 pequeño）,,2.59,1719,0.28,,Dropi PRO ES,https://dropipro.com/storage/products/68/cepillo_mascotas_09-11-2022.jpg,https://dropipro.com/app/products,20.0,"winner_candidate,alto_stock,preco_ideal_teste"
dropipro,150,Funda coche para mascotas,,4.35,1136,0.39,,Dropi PRO ES,https://dropipro.com/storage/products/150/funda_2024-10-08-16-45-18.jpg,https://dropipro.com/app/products,20.0,"winner_candidate,alto_stock,preco_ideal_teste"
dropipro,318,Pelota Juguete Voladora,,1.49,9680,0.41,,Dropi PRO ES,https://dropipro.com/storage/products/318/714UdcRoajL_2023-08-23-17-52-41._AC_SX679_.jpg,https://dropipro.com/app/products,20.0,alto_stock
dropipro,1725,Pulsera trebol de cinco hojas negro,,1.99,1346,0.21,,Dropi PRO ES,https://dropipro.com/storage/products/1725/WechatIMG1982_1737738581.jpg,https://dropipro.com/app/products,20.0,alto_stock
dropipro,1724,Pulsera trebol de cinco hojas blanco,,1.99,2903,0.21,,Dropi PRO ES,https://dropipro.com/storage/products/1724/WechatIMG1983_1737738535.jpg,https://dropipro.com/app/products,20.0,alto_stock
dropipro,1723,Pulsera trebol de cinco hojas oro,,1.99,762,0.21,,Dropi PRO ES,https://dropipro.com/storage/products/1723/WechatIMG1981_1737738494.jpg,https://dropipro.com/app/products,20.0,
dropipro,1700,Caja de regalo con 16 rosas artificiales,,4.99,696,0.3,,Dropi PRO ES,https://dropipro.com/storage/products/1700/CAJA16_1736787667.jpg,https://dropipro.com/app/products,20.0,"winner_candidate,preco_ideal_teste"
dropipro,1699,Caja de joyería de rosa eterna,,3.99,1036,0.18,,Dropi PRO ES,https://dropipro.com/storage/products/1699/CAJA_1736786970.jpg,https://dropipro.com/app/products,20.0,"winner_candidate,alto_stock,preco_ideal_teste"
dropipro,1514,Mini joyero de viaje,,2.19,850,0.11,,Dropi PRO ES,https://dropipro.com/storage/products/1514/JOYERO_2024-11-19-12-59-26.jpg,https://dropipro.com/app/products,20.0,"winner_candidate,preco_ideal_teste"
dropipro,857,Pulseras de roca de lava 7 chakras,,2.29,2507,0.02,,Dropi PRO ES,https://dropipro.com/storage/products/857/pulsera_2024-08-22-12-54-11.jpg,https://dropipro.com/app/products,20.0,"winner_candidate,alto_stock,preco_ideal_teste"
dropipro,515,Caja de Regalo Flores,,2.99,1378,0.45,,Dropi PRO ES,https://dropipro.com/storage/products/515/24106_2024-01-29-18-48-44.jpg,https://dropipro.com/app/products,20.0,"winner_candidate,alto_stock,preco_ideal_teste"
dropipro,503,Caja de Regalo para bisuteria,,0.79,3947,0.25,,Dropi PRO ES,https://dropipro.com/storage/products/503/24104_2024-01-29-16-43-35.jpg,https://dropipro.com/app/products,20.0,alto_stock
dropipro,474,Dedicatoria A la Mujer de mi vida,,0.39,611,0.2,,Dropi PRO ES,https://dropipro.com/storage/products/474/ALAMUJER_2024-01-24-10-59-51.jpg,https://dropipro.com/app/products,20.0,
dropipro,2098,"Dedicatoria De mi , para ti",,0.39,736,0.1,,Dropi PRO ES,https://dropipro.com/storage/products/2098/WechatIMG2218_1753114181.jpg,https://dropipro.com/app/products,20.0,
dropipro,471,Cierres elevadores de pendientes 2Pares Dorado PRV,,0.99,925,0.1,,Dropi PRO ES,https://dropipro.com/storage/products/471/61FyZii7CHL_2024-01-22-17-37-41._AC_SX625_.jpg,https://dropipro.com/app/products,20.0,
dropipro,422,Collar Corazón con Diamante,,2.29,1066,0.15,,Dropi PRO ES,https://dropipro.com/storage/products/422/71iRWXorwdL_2023-12-14-17-57-57._AC_SX679_.jpg,https://dropipro.com/app/products,20.0,"winner_candidate,alto_stock,preco_ideal_teste"
dropipro,437,Collar con colgante trebol,,1.99,1555,0.15,,Dropi PRO ES,https://dropipro.com/storage/products/437/61WvKaTZ0DS_2023-12-15-13-29-34._AC_SX569_.jpg,https://dropipro.com/app/products,20.0,alto_stock
dropipro,435,Collar con colgante de diamante,,1.49,1815,0.15,,Dropi PRO ES,https://dropipro.com/storage/products/435/61zDvCyhLTL_2023-12-15-12-36-28._AC_SL1000_.jpg,https://dropipro.com/app/products,20.0,alto_stock
dropipro,433,Collar amor eterno 100 idiomas,,1.99,1356,0.15,,Dropi PRO ES,https://dropipro.com/storage/products/433/25022_2023-12-15-12-10-13.jpg,https://dropipro.com/app/products,20.0,alto_stock
dropipro,424,Collar de doble anillo de corazón oro,,1.49,1013,0.15,,Dropi PRO ES,https://dropipro.com/storage/products/424/51v027d0DoL_2023-12-14-18-27-23._AC_SX679_.jpg,https://dropipro.com/app/products,20.0,alto_stock
dropipro,423,Collar de doble anillo de corazón plata,,1.49,1040,0.15,,Dropi PRO ES,https://dropipro.com/storage/products/423/41QH6a57sAL_2023-12-14-18-26-38._AC_SX679_.jpg,https://dropipro.com/app/products,20.0,alto_stock
dropipro,421,Pulsera trebol de cuatro hojas plata,,1.99,1111,0.15,,Dropi PRO ES,https://dropipro.com/storage/products/421/25012-1_2023-12-14-17-37-56.jpg,https://dropipro.com/app/products,20.0,alto_stock
dropipro,1629,Funda de cuero para gafa,,0.69,8444,0.21,,Dropi PRO ES,https://dropipro.com/storage/products/1629/FUNDAGAFA_1734975616.jpg,https://dropipro.com/app/products,20.0,alto_stock
dropipro,652,Faja cinturilla 3m,,2.69,1846,0.42,,Dropi PRO ES,https://dropipro.com/storage/products/652/FAJA_2024-03-19-13-15-31.jpg,https://dropipro.com/app/products,20.0,"winner_candidate,alto_stock,preco_ideal_teste"
dropipro,805,Sujetador adhesivo de silicona push up 2uds,,1.69,834,0.08,,Dropi PRO ES,https://dropipro.com/storage/products/805/61B0bNj-THL_2024-04-23-12-53-08._AC_SX679_.jpg,https://dropipro.com/app/products,20.0,
dropipro,1592,Juguetes sexuales para hombres anillo pene,,1.99,772,0.06,,Dropi PRO ES,https://dropipro.com/storage/products/1592/ANILLO_1733335368.jpg,https://dropipro.com/app/products,20.0,
dropipro,275,Corrector de juanetes y Hueso del pie,,1.79,1281,0.23,,Dropi PRO ES,https://dropipro.com/storage/products/275/61tzkI2fhuL_2023-06-19-13-01-14._SL1500_.jpg,https://dropipro.com/app/products,20.0,alto_stock
dropipro,783,Plantillas viscoelastica con memoria,,1.29,2071,0.03,,Dropi PRO ES,https://dropipro.com/storage/products/783/shopping_2024-04-15-12-35-39.jpg,https://dropipro.com/app/products,20.0,alto_stock
dropipro,845,Plantillas de Mujer en Gel Activ (TALLA 38-42),,1.79,5519,0.35,,Dropi PRO ES,https://dropipro.com/storage/products/845/51IIJQYJmkL_2024-05-27-15-23-31._AC_SL1000_.jpg,https://dropipro.com/app/products,20.0,alto_stock
dropipro,844,Plantillas de Hombre en Gel Activ (TALLA 42-48),,1.89,3193,0.39,,Dropi PRO ES,https://dropipro.com/storage/products/844/51IIJQYJmkL_2024-05-27-15-23-31._AC_SL1000_.jpg,https://dropipro.com/app/products,20.0,alto_stock
ecomhub,e6fcd88f-cc22-4b6a-a462-14e0ed712723,Copo Dobrável 270ml,10287,1.55,1900,0.001,1.5,ES / FR 2,https://api.ecomhub.app/public/products/featuredImage-1733753656549-77eb1e73.jpg,https://app.ecomhub.app,20.0,"winner_candidate,alto_stock,preco_ideal_teste"
ecomhub,0a44d5fa-8103-48b8-b216-9042e3cca9ed,Lâmpada LED Secadora de Unhas,10262,2.15,1000,0.001,1.5,ES / FR 2,https://api.ecomhub.app/public/products/featuredImage-1733489057040-27121d38.jpg,https://app.ecomhub.app,20.0,"winner_candidate,alto_stock,preco_ideal_teste"
ecomhub,beb4e004-e427-4c06-8824-a20ee249b1dd,Cortador de Pelos para Nariz e Orelhas,10272,2.7,800,0.001,1.5,ES / FR 2,https://api.ecomhub.app/public/products/featuredImage-1733753513815-9462f6b3.jpg,https://app.ecomhub.app,20.0,"winner_candidate,preco_ideal_teste"
ecomhub,b068e10b-9a9d-4a1e-beec-30a2991c4209,Combo do Airpod Branco e AirPod P9,airpods-caja_14875,3.1,900,0.001,1.5,ES / FR 2,https://api.ecomhub.app/public/products/featuredImage-1751975713394-66b3ab47.jpeg,https://app.ecomhub.app,20.0,"winner_candidate,preco_ideal_teste"
ecomhub,fa89083a-b7e7-405a-9b51-4a8ddc3552d5,AIRPOD BRANCO,airpods-caja_14875,3.1,1000,0.001,1.5,ES / FR 2,https://api.ecomhub.app/public/products/featuredImage-1733330756987-6eda7ab5.jpeg,https://app.ecomhub.app,20.0,"winner_candidate,alto_stock,preco_ideal_teste"
ecomhub,35c2f375-75f0-4862-8236-edef7333d8e3,Creme removedor de verruga,EMCremawart,2.95,700,0.001,1.5,Espanha 1,https://api.ecomhub.app/public/products/featuredImage-1718456973684-6f57cbd5.jpg,https://app.ecomhub.app,20.0,"winner_candidate,preco_ideal_teste"
ecomhub,30068e0e-2292-4585-995d-46b3f763e3a1,Carregador PD USB-C - 25 W - M2TEC,cargac_v-8573,2.9,700,0.9,1.5,ES / FR 2,https://api.ecomhub.app/public/products/featuredImage-1774453396756-0122b0b9.png,https://app.ecomhub.app,20.0,"winner_candidate,preco_ideal_teste"
ecomhub,83df46db-295b-491e-abb9-a3d631784ac3,Máscara de Cílios de Fibra de Seda 4D,mascarafibraseda_6970779603020,2.0,600,0.2,1.5,ES / FR 2,https://api.ecomhub.app/public/products/featuredImage-1740072054250-4d74894a.jpg,https://app.ecomhub.app,20.0,"winner_candidate,preco_ideal_teste"
ecomhub,4cd590bd-ed36-4a32-a085-0ff012ec8213,Oxímetro de pulso digital,oximetro_lk87,3.2,1500,0.9,1.5,ES / FR 2,https://api.ecomhub.app/public/products/featuredImage-1746800364484-b7b60414.jpg,https://app.ecomhub.app,20.0,"winner_candidate,alto_stock,preco_ideal_teste"
dropipro,2719,Espuma dental para blanqueamiento,,2.49,599,0.3,,Dropi PRO ES,https://dropipro.com/storage/products/2719/imagen-479561_1777984568.png,https://dropipro.com/app/products,19.98,"winner_candidate,preco_ideal_teste"
dropipro,472,Caja de madera con Luz,,4.99,598,0.15,,Dropi PRO ES,https://dropipro.com/storage/products/472/61Ksg5eZVPL_2024-01-22-18-09-10._AC_SL1000_.jpg,https://dropipro.com/app/products,19.96,"winner_candidate,preco_ideal_teste"
dropipro,2573,Parche para el alivio de las venas varicosas,,1.89,596,0.23,,Dropi PRO ES,https://dropipro.com/storage/products/2573/valice_1769278007.jpg,https://dropipro.com/app/products,19.92,
dropipro,125,Cubo de basura plegable,,4.49,596,0.74,,Dropi PRO ES,https://dropipro.com/storage/products/125/basura_plegable_2023-01-25-18-36-49.jpg,https://dropipro.com/app/products,19.92,"winner_candidate,preco_ideal_teste"
dropipro,1642,Lápiz de maquillaje 4 en 1 multifuncional,,1.89,593,0.22,,Dropi PRO ES,https://dropipro.com/storage/products/1642/BOLI_1735221195.jpg,https://dropipro.com/app/products,19.86,
dropipro,990,Lámpara de ondulación de agua giratoria,,4.95,591,0.3,,Dropi PRO ES,https://dropipro.com/storage/products/990/LAMPARA_2024-07-25-17-38-13.jpg,https://dropipro.com/app/products,19.82,"winner_candidate,preco_ideal_teste"
dropipro,262,Filtro de agua para grifo,,4.45,591,0.49,,Dropi PRO ES,https://dropipro.com/storage/products/262/bbeee0c8fd07e3441c9c2a1f9fca7d06-product_2023-06-12-12-02-48.jpg,https://dropipro.com/app/products,19.82,"winner_candidate,preco_ideal_teste"
dropipro,500,Almohadilla térmica para Hombros,,4.99,591,0.18,,Dropi PRO ES,https://dropipro.com/storage/products/500/24086_2024-01-27-20-04-44.jpg,https://dropipro.com/app/products,19.82,"winner_candidate,preco_ideal_teste"
dropipro,1153,Calcetines de acupuntura (talla unica),,2.49,591,0.13,,Dropi PRO ES,https://dropipro.com/storage/products/1153/CALCETINE_2024-09-06-17-59-45.JPG,https://dropipro.com/app/products,19.82,"winner_candidate,preco_ideal_teste"
dropipro,1006,Cepillo masajeador para cabello,,4.75,591,0.11,,Dropi PRO ES,https://dropipro.com/storage/products/1006/71FC6zzFvKL_2024-08-08-14-42-29._AC_SL1500_.jpg,https://dropipro.com/app/products,19.82,"winner_candidate,preco_ideal_teste"
dropipro,526,Mini Plancha De Pelo Recargable 2en1 Cepillo y Rizador Rosa,,3.49,587,0.16,,Dropi PRO ES,https://dropipro.com/storage/products/526/61trl-osKqL_2024-02-01-15-43-42._AC_SL1500_.jpg,https://dropipro.com/app/products,19.74,"winner_candidate,preco_ideal_teste"
dropipro,478,Dedicatoria Para mi Hija,,0.5,582,0.2,,Dropi PRO ES,https://dropipro.com/storage/products/478/PARAMIHIJA_2024-01-24-11-10-17.jpg,https://dropipro.com/app/products,19.64,
dropipro,416,Anillo de ansiedad giratorios con circonita cúbica azul turco,,1.99,581,0.15,,Dropi PRO ES,https://dropipro.com/storage/products/416/51pXB-nR5hL_2023-12-13-19-19-24._AC_SX569_%20(1).jpg,https://dropipro.com/app/products,19.62,
dropipro,1595,Set de 6 pintalabios color mate,,4.49,579,0.37,,Dropi PRO ES,https://dropipro.com/storage/products/1595/LAPIA_1733403462.jpg,https://dropipro.com/app/products,19.58,"winner_candidate,preco_ideal_teste"
dropipro,2083,Aceite lumbar 30ml,,0.99,578,0.25,,Dropi PRO ES,https://dropipro.com/storage/products/2083/72MXxoFENVCom5NxbZsFtaSDfH1AHqVWW6eERCul_1753962703.jpg,https://dropipro.com/app/products,19.56,
dropipro,2308,Suero antienvejecimiento con solución concentrada tipo bótox,,1.99,573,0.24,,Dropi PRO ES,https://dropipro.com/storage/products/2308/BOTOX_1766405839.jpg,https://dropipro.com/app/products,19.46,
dropipro,660,Estantería de Cocina retráctiles para fregadero,,3.49,572,0.47,,Dropi PRO ES,https://dropipro.com/storage/products/660/FREGA_2024-03-19-17-39-41.jpg,https://dropipro.com/app/products,19.44,"winner_candidate,preco_ideal_teste"
dropipro,2037,Pulseras repelente de mosquitos ultrasónico negro,,3.99,571,0.24,,Dropi PRO ES,https://dropipro.com/storage/products/2037/pulseras_1749563330.jpg,https://dropipro.com/app/products,19.42,"winner_candidate,preco_ideal_teste"
dropipro,2542,Calcetines terapéuticos con punta abierta,,1.99,568,0.26,,Dropi PRO ES,https://dropipro.com/storage/products/2542/calcet_1768222322.jpg,https://dropipro.com/app/products,19.36,
dropipro,2441,"Pack de 6 parches de frío para fiebre, Alivio de migrañas y dolores",,1.49,568,0.28,,Dropi PRO ES,https://dropipro.com/storage/products/2441/WechatIMG2426_1765470059.jpg,https://dropipro.com/app/products,19.36,
dropipro,563,Chaleco Sauna Deportivo Hombre M/L,,3.89,564,0.4,,Dropi PRO ES,https://dropipro.com/storage/products/563/71vl6I38WgL_2024-02-09-12-01-11._AC_SL1500_.jpg,https://dropipro.com/app/products,19.28,"winner_candidate,preco_ideal_teste"
dropipro,1445,Candado de alarma con llave,,3.49,563,0.37,,Dropi PRO ES,https://dropipro.com/storage/products/1445/CANTADO_2024-11-06-16-46-38.jpg,https://dropipro.com/app/products,19.26,"winner_candidate,preco_ideal_teste"
dropipro,48,Máquina de coser,,2.99,560,0.3,,Dropi PRO ES,https://dropipro.com/storage/products/48/coser_2024-08-22-13-01-33.jpg,https://dropipro.com/app/products,19.2,"winner_candidate,preco_ideal_teste"
dropipro,894,Mascarilla reafirmante de colágeno hidrolizado,,1.99,557,0.02,,Dropi PRO ES,https://dropipro.com/storage/products/894/MASCARILLA_2024-06-19-17-58-28.jpg,https://dropipro.com/app/products,19.14,
dropipro,1040,Tinte para el cabello lavable 6 colores,,2.39,557,0.1,,Dropi PRO ES,https://dropipro.com/storage/products/1040/TINTE_2024-08-04-15-59-44.JPG,https://dropipro.com/app/products,19.14,"winner_candidate,preco_ideal_teste"
dropipro,1768,Correctora de juanetes con Correa Ajustable,,1.99,554,0.1,,Dropi PRO ES,https://dropipro.com/storage/products/1768/JUANETE_1738175813.jpg,https://dropipro.com/app/products,19.08,
dropipro,118,Lápiz contorno de cejas Nº1 Light Brown,,1.69,545,0.21,,Dropi PRO ES,https://dropipro.com/storage/products/118/lapiz_cejas_2023-01-25-18-21-27.png,https://dropipro.com/app/products,18.9,
dropipro,940,Trampas para Ratones,,2.79,543,0.44,,Dropi PRO ES,https://dropipro.com/storage/products/940/RATONES_2024-07-13-15-27-14.jpg,https://dropipro.com/app/products,18.86,"winner_candidate,preco_ideal_teste"
dropipro,1500,Almohadilla de gel reutilizable para cuello frío y calor,,4.49,537,0.6,,Dropi PRO ES,https://dropipro.com/storage/products/1500/ALMOHADILLACUELLO_2024-11-04-11-46-17_2024-11-18-18-22-46.jpeg,https://dropipro.com/app/products,18.74,"winner_candidate,preco_ideal_teste"
dropipro,1861,Cinta de estiramiento,,2.49,532,0.2,,Dropi PRO ES,https://dropipro.com/storage/products/1861/61E4wbk7wL._AC_SL1500__1740677695.jpg,https://dropipro.com/app/products,18.64,"winner_candidate,preco_ideal_teste"
dropipro,476,Dedicatoria Para la Mujer de mi Vida,,0.5,531,0.2,,Dropi PRO ES,https://dropipro.com/storage/products/476/PARAMIMUJER_2024-01-24-11-06-10.jpg,https://dropipro.com/app/products,18.62,
dropipro,2141,SUP Colágeno Hidrolizado 120 Comprimidos – Salud Articular y Cuidado de la Piel,,2.99,525,0.33,,Dropi PRO ES,https://dropipro.com/storage/products/2141/COLAGENO_1766318133.jpg,https://dropipro.com/app/products,18.5,"winner_candidate,preco_ideal_teste"
dropipro,1869,Caja fuerte en forma de libro con cerradura 180x115x55mm,,4.49,522,0.72,,Dropi PRO ES,https://dropipro.com/storage/products/1869/caja_1741108127.jpg,https://dropipro.com/app/products,18.44,"winner_candidate,preco_ideal_teste"
dropipro,30,Reloj Encendedor,,3.49,522,0.29,,Dropi PRO ES,https://dropipro.com/storage/products/30/reloj_encendedor_02-11-2022.jpg,https://dropipro.com/app/products,18.44,"winner_candidate,preco_ideal_teste"
dropipro,475,Dedicatoria TE QUIERO,,0.39,515,0.2,,Dropi PRO ES,https://dropipro.com/storage/products/475/TEQUIERO_2024-01-24-11-02-39.jpg,https://dropipro.com/app/products,18.3,
dropipro,469,Auriculares inalámbricos deportivo control táctil con pantalla LED,,3.89,507,0.27,,Dropi PRO ES,https://dropipro.com/storage/products/469/61Swlvdf-FS_2024-01-15-12-24-20._AC_SL1000_.jpg,https://dropipro.com/app/products,18.14,"winner_candidate,preco_ideal_teste"
dropipro,2048,Dispositivo de hipnoterapia para insomnio,,4.99,507,0.28,,Dropi PRO ES,https://dropipro.com/storage/products/2048/51Y5A6buDIL._AC_SX569__1765558795.jpg,https://dropipro.com/app/products,18.14,"winner_candidate,preco_ideal_teste"
dropipro,434,Collar creativo de corazon hueco,,1.49,504,0.15,,Dropi PRO ES,https://dropipro.com/storage/products/434/25025_2023-12-15-12-13-30.jpg,https://dropipro.com/app/products,18.08,
dropipro,2085,Spray de granos para el cuerpo,,0.99,503,0.33,,Dropi PRO ES,https://dropipro.com/storage/products/2085/ufwS5fJ1umfCB4mKqdLYAQjXx6P57TRNJ2OK3dqi_1753962658.jpg,https://dropipro.com/app/products,18.06,
dropipro,2084,Spray para cicatrices,,0.99,502,0.24,,Dropi PRO ES,https://dropipro.com/storage/products/2084/Q7Weap4XZQ3kcSryLVVibmaTyRucHstwFEgYDuUh_1753962683.jpg,https://dropipro.com/app/products,18.04,
dropipro,436,Collar colgante corazón circonita cristal,,1.99,501,0.15,,Dropi PRO ES,https://dropipro.com/storage/products/436/61lFifgm5WS_2023-12-15-13-22-15._AC_SL1000_.jpg,https://dropipro.com/app/products,18.02,
dropipro,2716,Enfriador de vino de acero inoxidable,,2.99,500,0.34,,Dropi PRO ES,https://dropipro.com/storage/products/2716/ENFRIA_1777972129.jpg,https://dropipro.com/app/products,18.0,"winner_candidate,preco_ideal_teste"
dropipro,2714,Gafas de lectura con ajuste de enfoque,,3.49,500,0.5,,Dropi PRO ES,https://dropipro.com/storage/products/2714/GAFAS_1777916767.jpg,https://dropipro.com/app/products,18.0,"winner_candidate,preco_ideal_teste"
dropipro,2624,Almohada cervical viscoelástica diseño mariposa Celeste,,9.99,1345,1.5,,Dropi PRO ES,https://dropipro.com/storage/products/2624/alm_1771519772.jpg,https://dropipro.com/app/products,18.0,"winner_candidate,alto_stock,preco_ideal_teste"
dropipro,2623,Almohada cervical viscoelástica diseño mariposa GRIS,,9.99,1459,1.5,,Dropi PRO ES,https://dropipro.com/storage/products/2623/almgr_1771519727.jpg,https://dropipro.com/app/products,18.0,"winner_candidate,alto_stock,preco_ideal_teste"
dropipro,2557,Separadores de cajones,,2.49,500,0.38,,Dropi PRO ES,https://dropipro.com/storage/products/2557/SEPARADOR_1768241223.jpg,https://dropipro.com/app/products,18.0,"winner_candidate,preco_ideal_teste"
dropipro,2541,Bolsa impermeable reutilizable para limpieza de campana extractora,,3.49,500,0.32,,Dropi PRO ES,https://dropipro.com/storage/products/2541/CAMPANA_1768221850.jpg,https://dropipro.com/app/products,18.0,"winner_candidate,preco_ideal_teste"
dropipro,2449,Regalo osito rosa eterna rojo,,6.99,635,0.45,,Dropi PRO ES,https://dropipro.com/storage/products/2449/OSITO_1765886285.jpg,https://dropipro.com/app/products,18.0,"winner_candidate,preco_ideal_teste"
dropipro,2448,Dispensador de jabón líquido,,1.99,500,0.35,,Dropi PRO ES,https://dropipro.com/storage/products/2448/jabon_1765884101.jpg,https://dropipro.com/app/products,18.0,
dropipro,1060,Dron con doble cámara 4K + Maletín Gratis,,11.99,17008,0.67,,Dropi PRO ES,https://dropipro.com/storage/products/1060/WechatIMG10595_2023-06-20-01-21-00.jpeg,https://dropipro.com/app/products,18.0,"winner_candidate,alto_stock,preco_ideal_teste"
dropipro,1468,Smartwatch deportivo negro con correa metalica,,9.99,1447,0.38,,Dropi PRO ES,https://dropipro.com/storage/products/1468/relojmetng_2024-11-12-18-23-34.jpg,https://dropipro.com/app/products,18.0,"winner_candidate,alto_stock,preco_ideal_teste"
dropipro,1810,Airpods PRO con pantalla y Cancelación de Ruido,,7.99,976,0.14,,Dropi PRO ES,https://dropipro.com/storage/products/1810/AIR_1739298747.jpg,https://dropipro.com/app/products,18.0,"winner_candidate,preco_ideal_teste"
dropipro,43,Proyector LED galaxia,,6.99,1508,0.65,,Dropi PRO ES,https://dropipro.com/storage/products/43/proyector_led_02-11-2022.jpg,https://dropipro.com/app/products,18.0,"winner_candidate,alto_stock,preco_ideal_teste"
dropipro,454,Telescopio Monocular con Soporte para Movil,,5.29,3751,0.59,,Dropi PRO ES,https://dropipro.com/storage/products/454/1697537288767-829fa7086f444c40805ae6ea5724163a-goods_2023-12-22-18-26-08.jpeg,https://dropipro.com/app/products,18.0,"winner_candidate,alto_stock,preco_ideal_teste"
dropipro,493,Altavoz Bluetooth G - Cargador inalámbrico + Lámpara LED + Reloj despertador,,8.99,780,0.97,,Dropi PRO ES,https://dropipro.com/storage/products/493/169751219792d651b013164840b63647499edb8479_thumbnail_720x_2024-01-27-19-12-33.jpg,https://dropipro.com/app/products,18.0,"winner_candidate,preco_ideal_teste"
dropipro,1114,Cortapelo recargable 3 en 1,,5.99,3459,0.33,,Dropi PRO ES,https://dropipro.com/storage/products/1114/RECORTADO_2024-08-24-16-43-06.JPG,https://dropipro.com/app/products,18.0,"winner_candidate,alto_stock,preco_ideal_teste"
dropipro,388,Cepillo 5en1,,7.99,1718,0.89,,Dropi PRO ES,https://dropipro.com/storage/products/388/8435585711980_1_2023-11-01-12-43-19.jpg,https://dropipro.com/app/products,18.0,"winner_candidate,alto_stock,preco_ideal_teste"
dropipro,1318,Secador iónico tipo dyson,,13.99,1836,0.9,,Dropi PRO ES,https://dropipro.com/storage/products/1318/WechatIMG1755_2024-10-30-19-29-00.jpg,https://dropipro.com/app/products,18.0,"winner_candidate,alto_stock"
dropipro,784,Sacacorchos eléctrico + abridor de vino,,5.49,2224,0.48,,Dropi PRO ES,https://dropipro.com/storage/products/784/ABRIDOR_2024-04-15-19-23-27.JPG,https://dropipro.com/app/products,18.0,"winner_candidate,alto_stock,preco_ideal_teste"
dropipro,93,Cama Perro Grande Gris Oscuro 90 cm,,11.56,646,1.78,,Dropi PRO ES,https://dropipro.com/storage/products/93/oscura_24-11-2022.jpg,https://dropipro.com/app/products,18.0,preco_ideal_teste
dropipro,89,Cama Perro Mediana Gris Oscura 70 cm,,8.49,1312,1.23,,Dropi PRO ES,https://dropipro.com/storage/products/89/oscura_24-11-2022.jpg,https://dropipro.com/app/products,18.0,"winner_candidate,alto_stock,preco_ideal_teste"
dropipro,83,Calefactor Enchufe 400 Watts,,6.89,1255,0.67,,Dropi PRO ES,https://dropipro.com/storage/products/83/61Fp8gqS76L_2024-01-18-16-54-37._AC_.jpg,https://dropipro.com/app/products,18.0,"winner_candidate,alto_stock,preco_ideal_teste"
dropipro,687,Escritorio de aprendizaje para niños (rosa),,5.59,4454,0.64,,Dropi PRO ES,https://dropipro.com/storage/products/687/MESITA_2024-03-22-19-28-44.jpg,https://dropipro.com/app/products,18.0,"winner_candidate,alto_stock,preco_ideal_teste"
dropipro,132,Consola Game Boy retro 2 jugadores,,5.37,682,0.4,,Dropi PRO ES,https://dropipro.com/storage/products/132/game_boy_2023-01-26-14-12-05.png,https://dropipro.com/app/products,18.0,"winner_candidate,preco_ideal_teste"
dropipro,678,Consola de juegos inalámbrica retro Stick de 64 GB,,14.99,1019,0.58,,Dropi PRO ES,https://dropipro.com/storage/products/678/61IQW-5Q4L_2024-03-22-17-47-19._AC_SX679_.jpg,https://dropipro.com/app/products,18.0,"winner_candidate,alto_stock"
dropipro,127,Consola juego Retro,,7.96,1010,0.62,,Dropi PRO ES,https://dropipro.com/storage/products/127/consola_retro_2023-01-25-18-40-38.png,https://dropipro.com/app/products,18.0,"winner_candidate,alto_stock,preco_ideal_teste"
dropipro,780,Escritorio de aprendizaje para niños (azul),,5.59,8027,0.64,,Dropi PRO ES,https://dropipro.com/storage/products/780/231793929_max_2024-04-11-15-26-08.jpg,https://dropipro.com/app/products,18.0,"winner_candidate,alto_stock,preco_ideal_teste"
dropipro,1532,Escritorio de aprendizaje para niños unicornio rosa,,5.59,3053,0.45,,Dropi PRO ES,https://dropipro.com/storage/products/1532/escriunic_2024-11-19-19-47-01.jpg,https://dropipro.com/app/products,18.0,"winner_candidate,alto_stock,preco_ideal_teste"
dropipro,846,Arctic Air Enfriador de aire ultra evaporativo,,5.89,5950,0.73,,Dropi PRO ES,https://dropipro.com/storage/products/846/WechatIMG22_2024-05-27-17-51-35.jpg,https://dropipro.com/app/products,18.0,"winner_candidate,alto_stock,preco_ideal_teste"
dropipro,865,Ventilador humidificador de nebulización blanco,,6.99,2326,0.94,,Dropi PRO ES,https://dropipro.com/storage/products/865/WechatIMG1330_2024-06-05-17-49-43.jpg,https://dropipro.com/app/products,18.0,"winner_candidate,alto_stock,preco_ideal_teste"
dropipro,1499,Cinturon reductor de grasa efecto sauna,,7.49,724,1.0,,Dropi PRO ES,https://dropipro.com/storage/products/1499/CINTU_2024-11-18-17-41-08.jpg,https://dropipro.com/app/products,18.0,"winner_candidate,preco_ideal_teste"
dropipro,2013,Almohada ergonómica antiestré,,6.89,5297,1.12,,Dropi PRO ES,https://dropipro.com/storage/products/2013/ALMOHADA_1747674454.jpg,https://dropipro.com/app/products,18.0,"winner_candidate,alto_stock,preco_ideal_teste"
dropipro,577,Rodillo de entrenamiento para abdominales con soporte para codos,,9.95,2547,1.76,,Dropi PRO ES,https://dropipro.com/storage/products/577/61TturXa4gL_2024-02-10-19-44-21._AC_SL1200_.jpg,https://dropipro.com/app/products,18.0,"alto_stock,preco_ideal_teste"
dropipro,1116,Barra bastón senderismo autodefensa,,7.99,1401,0.5,,Dropi PRO ES,https://dropipro.com/storage/products/1116/PALO_2024-08-24-17-11-56.jpg,https://dropipro.com/app/products,18.0,"winner_candidate,alto_stock,preco_ideal_teste"
dropipro,949,Kit destornillador electrico,,5.49,1772,0.86,,Dropi PRO ES,https://dropipro.com/storage/products/949/DESTORN_2024-07-16-23-00-24.jpg,https://dropipro.com/app/products,18.0,"winner_candidate,alto_stock,preco_ideal_teste"
dropipro,2051,Peluche relajante para bebé que simula respiración (Koala gris),,5.99,993,0.46,,Dropi PRO ES,https://dropipro.com/storage/products/2051/IMG_20251021_163713_1761058622.jpg,https://dropipro.com/app/products,18.0,"winner_candidate,preco_ideal_teste"
dropipro,2119,Auriculares traductor IA,,6.99,1350,0.28,,Dropi PRO ES,https://dropipro.com/storage/products/2119/AURICTRADUCTOR_1765564476.jpg,https://dropipro.com/app/products,18.0,"winner_candidate,alto_stock,preco_ideal_teste"
dropipro,1826,Desatascador inodoros para baños,,5.99,679,0.78,,Dropi PRO ES,https://dropipro.com/storage/products/1826/DESATAS_1739636034.jpg,https://dropipro.com/app/products,18.0,"winner_candidate,preco_ideal_teste"
dropipro,1545,Sacacorchos eléctrico 4 en 1,,6.29,927,0.28,,Dropi PRO ES,https://dropipro.com/storage/products/1545/sacacol_2024-11-21-18-59-36.jpg,https://dropipro.com/app/products,18.0,"winner_candidate,preco_ideal_teste"
dropipro,1436,Cadena de Luces LED RGB,,6.49,1168,0.0,,Dropi PRO ES,https://dropipro.com/storage/products/1436/LEDCOLORES_2024-11-06-13-09-25.jpg,https://dropipro.com/app/products,18.0,"winner_candidate,alto_stock,preco_ideal_teste"
dropipro,1434,Cámara de seguridad inalámbrica adaptador bombilla,,6.49,1065,0.4,,Dropi PRO ES,https://dropipro.com/storage/products/1434/product-file_2024-11-06-12-24-59.jpg,https://dropipro.com/app/products,18.0,"winner_candidate,alto_stock,preco_ideal_teste"
dropipro,362,Mopa Fregona 8L,,7.89,755,1.5,,Dropi PRO ES,https://dropipro.com/storage/products/362/61I8VQ0JxHL_2024-01-17-18-24-37._AC_SL1500_.jpg,https://dropipro.com/app/products,18.0,"winner_candidate,preco_ideal_teste"
dropipro,355,Sacacorchos eléctrico + abridor de vino transparente,,5.99,622,0.45,,Dropi PRO ES,https://dropipro.com/storage/products/355/61trtqYCGBL_2024-01-18-12-23-54._AC_SL1500_.jpg,https://dropipro.com/app/products,18.0,"winner_candidate,preco_ideal_teste"
dropipro,1028,Almohada de punto ergonómica 3D,,6.49,13455,1.2,,Dropi PRO ES,https://dropipro.com/storage/products/1028/ALMOHADA_2024-08-01-19-58-12.jpg,https://dropipro.com/app/products,18.0,"winner_candidate,alto_stock,preco_ideal_teste"
dropipro,466,Batamanta Huggia,,6.29,642,0.68,,Dropi PRO ES,https://dropipro.com/storage/products/466/BATAMANTA_2024-01-09-13-35-17.jpg,https://dropipro.com/app/products,18.0,"winner_candidate,preco_ideal_teste"
dropipro,531,Aspiradora de mano portátil,,6.99,601,0.4,,Dropi PRO ES,https://dropipro.com/storage/products/531/61aPquTByhL_2024-02-06-16-35-09._AC_.jpg,https://dropipro.com/app/products,18.0,"winner_candidate,preco_ideal_teste"
dropipro,1072,Botella de agua de hidrógeno portátil,,10.99,1183,0.47,,Dropi PRO ES,https://dropipro.com/storage/products/1072/BOTELLA_2024-08-14-19-24-07.jpg,https://dropipro.com/app/products,18.0,"winner_candidate,alto_stock,preco_ideal_teste"
dropipro,27,Cortadora de alimentos 4 en 1,,5.95,2863,0.94,,Dropi PRO ES,https://dropipro.com/storage/products/27/cortaverdura_2024-08-22-12-52-18.jpg,https://dropipro.com/app/products,18.0,"winner_candidate,alto_stock,preco_ideal_teste"
dropipro,298,Cortador multifuncional de verduras y frutas,,6.99,2157,1.0,,Dropi PRO ES,https://dropipro.com/storage/products/298/71RghnRgSTL_2023-07-30-13-10-24._AC_SL1500_.jpg,https://dropipro.com/app/products,18.0,"winner_candidate,alto_stock,preco_ideal_teste"
dropipro,198,Exprimidor Portátil,,8.99,1452,0.95,,Dropi PRO ES,https://dropipro.com/storage/products/198/fddc6778-6832-4114-9ba2-c4cde675a9b1_2023-05-19-12-54-06.jpg,https://dropipro.com/app/products,18.0,"winner_candidate,alto_stock,preco_ideal_teste"
dropipro,131,Organizador de cocina multifunción,,7.89,719,0.96,,Dropi PRO ES,https://dropipro.com/storage/products/131/organizador_cocina_2023-01-25-18-52-48.png,https://dropipro.com/app/products,18.0,"winner_candidate,preco_ideal_teste"
dropipro,1552,Aspiradora portátil potente,,10.99,1922,0.99,,Dropi PRO ES,https://dropipro.com/storage/products/1552/ASPIRADO_2024-11-06-16-18-20.JPG,https://dropipro.com/app/products,18.0,"winner_candidate,alto_stock,preco_ideal_teste"
dropipro,1392,Avion teledirigido (3 colores),,12.99,904,0.98,,Dropi PRO ES,https://dropipro.com/storage/products/1392/WechatIMG1750_2024-10-30-15-52-30.jpg,https://dropipro.com/app/products,18.0,winner_candidate
dropipro,155,Almohada cervical viscoelástica Cuello,,7.49,6464,0.59,,Dropi PRO ES,https://dropipro.com/storage/products/155/ALMOHADACERVICALBAJA-REBOTE_1024x10242x_2023-02-28-16-24-08.png,https://dropipro.com/app/products,18.0,"winner_candidate,alto_stock,preco_ideal_teste"
dropipro,1439,Cepillo mata piojos,,5.99,696,0.52,,Dropi PRO ES,https://dropipro.com/storage/products/1439/PIOJOS_2024-11-06-13-47-56.jpg,https://dropipro.com/app/products,18.0,"winner_candidate,preco_ideal_teste"
dropipro,1405,Tensiómetro inteligente,,5.99,1124,0.5,,Dropi PRO ES,https://dropipro.com/storage/products/1405/TENSIO_2024-10-30-18-02-49.jpg,https://dropipro.com/app/products,18.0,"winner_candidate,alto_stock,preco_ideal_teste"
dropipro,487,Máscara de refrigeración cara,,1.99,500,0.25,,Dropi PRO ES,https://dropipro.com/storage/products/487/24032_2024-01-24-19-30-59.jpg,https://dropipro.com/app/products,18.0,
dropipro,482,Masajeador térmico de columna cervical con 6 cabezales de masaje,,6.99,958,0.34,,Dropi PRO ES,https://dropipro.com/storage/products/482/24070_2024-01-24-16-42-41.jpg,https://dropipro.com/app/products,18.0,"winner_candidate,preco_ideal_teste"
dropipro,453,Almohada de viaje con memoria,,5.89,1142,0.57,,Dropi PRO ES,https://dropipro.com/storage/products/453/e0e77219003cd755c06cdf7de3fd0f84_2023-12-22-17-30-22.jpg,https://dropipro.com/app/products,18.0,"winner_candidate,alto_stock,preco_ideal_teste"
dropipro,376,Bastón Plegable con luz LED,,6.69,1012,0.67,,Dropi PRO ES,https://dropipro.com/storage/products/376/512DtUMxc6L_2023-10-16-19-49-39._AC_SX679_.jpg,https://dropipro.com/app/products,18.0,"winner_candidate,alto_stock,preco_ideal_teste"
dropipro,128,Cojín ergonómico de gel,,5.55,1482,1.2,,Dropi PRO ES,https://dropipro.com/storage/products/128/cojin_gel_2023-01-25-18-42-45.png,https://dropipro.com/app/products,18.0,"winner_candidate,alto_stock,preco_ideal_teste"
dropipro,571,Almohada cervical viscoelástica para el cuello,,5.99,1020,0.83,,Dropi PRO ES,https://dropipro.com/storage/products/571/COJIN_2024-09-24-18-00-10.jpg,https://dropipro.com/app/products,18.0,"winner_candidate,alto_stock,preco_ideal_teste"
dropipro,1502,Hombrera de gel frío y calor reutilizable,,5.09,608,0.56,,Dropi PRO ES,https://dropipro.com/storage/products/1502/HOMBRO_2024-11-18-18-35-51.jpg,https://dropipro.com/app/products,18.0,"winner_candidate,preco_ideal_teste"
dropipro,11,Pistola de masaje,,8.99,731,0.87,,Dropi PRO ES,https://dropipro.com/storage/products/11/pistola_masaje_02-11-2022.png,https://dropipro.com/app/products,18.0,"winner_candidate,preco_ideal_teste"
dropipro,317,Masajeador Facial para el Cuello,,6.49,882,0.25,,Dropi PRO ES,https://dropipro.com/storage/products/317/51f8J5w53qL_2023-08-23-17-48-07._AC_SX679_.jpg,https://dropipro.com/app/products,18.0,"winner_candidate,preco_ideal_teste"
dropipro,486,Masajeador facial con frío y calor antiarrugas blanco,,5.99,1159,0.38,,Dropi PRO ES,https://dropipro.com/storage/products/486/IMG_20251018_114359_1760782207.jpg,https://dropipro.com/app/products,18.0,"winner_candidate,alto_stock,preco_ideal_teste"
dropipro,129,Masajeador anticelulitis,,5.45,1028,0.65,,Dropi PRO ES,https://dropipro.com/storage/products/129/masajeador_celulitis_2023-01-25-18-44-10.png,https://dropipro.com/app/products,18.0,"winner_candidate,alto_stock,preco_ideal_teste"
dropipro,969,Mascarilla Capilar Reparación 500ml,,5.49,2893,0.74,,Dropi PRO ES,https://dropipro.com/storage/products/969/MASCA_2024-07-19-15-13-13.jpg,https://dropipro.com/app/products,18.0,"winner_candidate,alto_stock,preco_ideal_teste"
dropipro,684,Secador De Mascotas 2 En 1,,5.99,1854,0.38,,Dropi PRO ES,https://dropipro.com/storage/products/684/SECADOR_2024-03-22-18-58-00.jpg,https://dropipro.com/app/products,18.0,"winner_candidate,alto_stock,preco_ideal_teste"
dropipro,658,Asiento de Viaje de Perro para Coche,,6.49,821,0.67,,Dropi PRO ES,https://dropipro.com/storage/products/658/ASIENTO_2024-03-19-17-19-11.jpg,https://dropipro.com/app/products,18.0,"winner_candidate,preco_ideal_teste"
dropipro,516,Caja de Regalo de Rosa Preservada,,6.99,1717,0.64,,Dropi PRO ES,https://dropipro.com/storage/products/516/710bov6IYOL_2024-01-29-19-02-25._AC_SL1500_.jpg,https://dropipro.com/app/products,18.0,"winner_candidate,alto_stock,preco_ideal_teste"
dropipro,2097,Dedicatoria Para mi Hija ( Siempre ),,0.39,500,0.2,,Dropi PRO ES,https://dropipro.com/storage/products/2097/WechatIMG2219_1753115706.jpg,https://dropipro.com/app/products,18.0,
ecomhub,abaf16b9-179c-4f6a-88ea-47f44fc972b2,ASHWAGANDHA-RHODIOLA- GRIFONIA 100 Cápsulas,552191,9.34,700,0.5,1.5,Espanha 7,https://api.ecomhub.app/public/products/featuredImage-1763048172417-9c8960ca.jpg,https://app.ecomhub.app,18.0,"winner_candidate,preco_ideal_teste"
ecomhub,67b1e7b9-9c4e-48b7-8b81-dda2e6a55ffa,VECOSLIP PRO 60 Cápsulas,552042/1,8.32,600,0.5,1.5,Espanha 7,https://api.ecomhub.app/public/products/featuredImage-1763051038043-ed65e08d.jpg,https://app.ecomhub.app,18.0,"winner_candidate,preco_ideal_teste"
ecomhub,1ff52f4c-6937-447d-8741-80d9449dd087,Luz Magnetica com Sensor,luzmagnetica_15479,5.6,700,0.001,1.5,ES / FR 2,https://api.ecomhub.app/public/products/featuredImage-1733417468107-d548e559.jpeg,https://app.ecomhub.app,18.0,"winner_candidate,preco_ideal_teste"
ecomhub,165e4358-4056-4072-aee9-5ab412ffced1,OMEGA 3 PURO VECOS 120 Capsulas,552196,10.57,800,0.5,1.5,Espanha 7,https://api.ecomhub.app/public/products/featuredImage-1763051556842-b2f55f95.jpg,https://app.ecomhub.app,18.0,winner_candidate
ecomhub,fc595b1e-1929-41f2-84da-59219801d1e8,Pistola de Bolhas de Sabão com 40 Furos - Diversão Garantida com Múltiplas Bolhas,pistola40h-15390,4.8,600,0.9,1.5,ES / FR 2,https://api.ecomhub.app/public/products/featuredImage-1771870979289-febd29d9.png,https://app.ecomhub.app,18.0,"winner_candidate,preco_ideal_teste"
ecomhub,d30aab72-8cfa-4acb-9665-e9a6b5165bed,Embaralhador Automático de Cartas,cartasauto_15510,6.11,1300,0.001,1.5,ES / FR 2,https://api.ecomhub.app/public/products/featuredImage-1732885019388-e4ca97dd.jpg,https://app.ecomhub.app,18.0,"winner_candidate,alto_stock,preco_ideal_teste"
ecomhub,179b4510-41bd-44f7-acb9-12bfbae9965b,Cinto Abdominal Redutor de Gordura,cinturon_15367,4.07,900,0.001,1.5,ES / FR 2,https://api.ecomhub.app/public/products/featuredImage-1732887463956-60697d9d.jpg,https://app.ecomhub.app,18.0,"winner_candidate,preco_ideal_teste"
ecomhub,01b5b097-692b-4b42-b988-01de253a74e4,TENSIOVECOS 90 Cápsulas,552051,7.99,900,0.5,1.5,Espanha 7,https://api.ecomhub.app/public/products/featuredImage-1763050782396-8ee1469c.jpg,https://app.ecomhub.app,18.0,"winner_candidate,preco_ideal_teste"
ecomhub,360f83d3-dca4-4a2b-9d96-71e0dd234617,VIGOR HM 80 Cápsulas,552031,6.09,800,0.5,1.5,Espanha 7,https://api.ecomhub.app/public/products/featuredImage-1763041078813-e11bacba.jpg,https://app.ecomhub.app,18.0,"winner_candidate,preco_ideal_teste"
ecomhub,425fd5ef-6bae-4b83-848a-21f107b8b852,Power Bank magnético 10000mAh,powerban_gl69451,7.7,1300,0.2,1.5,ES / FR 2,https://api.ecomhub.app/public/products/featuredImage-1740073063626-2799b06c.jpg,https://app.ecomhub.app,18.0,"winner_candidate,alto_stock,preco_ideal_teste"
ecomhub,08820133-188a-4a6e-b8e8-da177ddf265a,Tênis Unisex,zapdeport,7.0,6400,0.5,1.5,ES / FR 2,https://api.ecomhub.app/public/products/featuredImage-1777899367275-2e8556dd.jpeg,https://app.ecomhub.app,18.0,"winner_candidate,alto_stock,preco_ideal_teste"
ecomhub,95c770ef-4c73-41fd-94d6-6f948e2c17cd,Rosa Eterna,rosapeque_15634,6.1,600,0.001,1.5,ES / FR 2,https://api.ecomhub.app/public/products/featuredImage-1747232494126-5a9ae00f.jpeg,https://app.ecomhub.app,18.0,"winner_candidate,preco_ideal_teste"
ecomhub,3f15ff1b-c430-4421-a610-5848a3864ec2,PROBIODIGEST 60 Cápsulas,552115,7.64,900,0.5,1.5,Espanha 7,https://api.ecomhub.app/public/products/featuredImage-1763049061402-f0b97f40.jpg,https://app.ecomhub.app,18.0,"winner_candidate,preco_ideal_teste"
ecomhub,3709d67c-1ea3-4631-b3a6-24e7324ad738,Corretor de postura ajustável e respirável -pacote com 26-  conforto e alívio diários,backpain_13741,4.2,700,0.9,1.5,ES / FR 2,https://api.ecomhub.app/public/products/featuredImage-1753203489192-7ee049bf.png,https://app.ecomhub.app,18.0,"winner_candidate,preco_ideal_teste"
ecomhub,198e155f-3aa8-44bb-b8ff-586022d22726,Combo 3 unidades de creme,packcosmetica,10.0,6200,0.5,1.5,ES / FR 2,https://api.ecomhub.app/,https://app.ecomhub.app,18.0,"winner_candidate,alto_stock,preco_ideal_teste"
ecomhub,d0195cc8-58cc-4a98-8959-87a495b77c98,CORRETOR DE POSTURA  JUVENIL,correctorsensor_15378,3.02,500,0.001,1.5,ES / FR 2,https://api.ecomhub.app/public/products/featuredImage-1733761631022-47e88e17.jpeg,https://app.ecomhub.app,18.0,"winner_candidate,preco_ideal_teste"
ecomhub,6bb28e83-db3c-4a7a-8942-d2da99176b88,SKIN COLLAGEN PLUS 90 Cápsulas,552068,7.9,800,0.5,1.5,Espanha 7,https://api.ecomhub.app/public/products/featuredImage-1763048827948-8088e4fa.jpg,https://app.ecomhub.app,18.0,"winner_candidate,preco_ideal_teste"
ecomhub,980c97d4-0758-4968-bb93-05c7da96b182,Brinquedo Voador Manual,air_toy14876,4.07,800,0.001,1.5,ES / FR 2,https://api.ecomhub.app/public/products/featuredImage-1734025905545-e0ef0887.JPG,https://app.ecomhub.app,18.0,"winner_candidate,preco_ideal_teste"
ecomhub,e1f48a81-632d-4d56-ba7e-53f4c1207819,Sérum Eelhoe para Rugas,eelhoearrugas,4.1,1300,0.001,1.5,ES / FR 2,https://api.ecomhub.app/public/products/featuredImage-1733400059779-2567feb8.jpeg,https://app.ecomhub.app,18.0,"winner_candidate,alto_stock,preco_ideal_teste"
ecomhub,da3955d5-544e-4f47-845e-c40a14c7dc31,Combo de 2 Unidades da Luz Magnetica com Sensor,luzmagnetica_15479,11.2,700,0.001,1.5,ES / FR 2,https://api.ecomhub.app/public/products/featuredImage-1762362206861-b2f46e59.png,https://app.ecomhub.app,18.0,winner_candidate
ecomhub,8e3ed677-4aa9-4b76-a6a9-7026510c668b,Creme de sebo bovino - bálsamo de sebo com mel - recipiente de plástico,evilgoods_15913,4.2,1400,0.9,1.5,ES / FR 2,https://api.ecomhub.app/public/products/featuredImage-1751121629655-c568c32f.jpg,https://app.ecomhub.app,18.0,"winner_candidate,alto_stock,preco_ideal_teste"
ecomhub,b6eaa1ea-4f49-40b7-9a04-6b40e4a2e7a5,VITAMINA C LIPOSOMADA LIPOSOVIT-C 90 Cápsulas,552232,8.31,700,0.5,1.5,Espanha 7,https://api.ecomhub.app/public/products/featuredImage-1763043048133-220af1b0.jpg,https://app.ecomhub.app,18.0,"winner_candidate,preco_ideal_teste"
ecomhub,232f1282-fc82-4c64-9cbb-b4e2cecb8bab,Projetor Astronauta,astronauta_v-8053,11.72,3000,0.001,1.5,ES / FR 2,https://api.ecomhub.app/public/products/featuredImage-1732885875307-0827a5f2.jpg,https://app.ecomhub.app,18.0,"winner_candidate,alto_stock"
ecomhub,cadcf9ce-e6e1-40df-a4c4-fc5b66ae16db,INMUNO 30 Cápsulas,552035,5.45,700,0.5,1.5,Espanha 7,https://api.ecomhub.app/public/products/featuredImage-1763042272074-45d957e8.jpg,https://app.ecomhub.app,18.0,"winner_candidate,preco_ideal_teste"
ecomhub,919d0710-e0e7-482e-bd88-610c364f7d21,FÉRTIL M 45 Cápsulas  mais 45 Cápsulas,552028,8.28,800,0.5,1.5,Espanha 7,https://api.ecomhub.app/public/products/featuredImage-1763050338682-c90eb4c7.jpg,https://app.ecomhub.app,18.0,"winner_candidate,preco_ideal_teste"
ecomhub,cca1275b-0d87-4c74-b9ed-e04c80ce50a1,combo 3 Cremes com detox para os pés,EMCremawart,10.15,700,0.001,1.5,Espanha 1,https://api.ecomhub.app/,https://app.ecomhub.app,18.0,"winner_candidate,preco_ideal_teste"
ecomhub,0ea00cce-2724-42c3-b775-13b5d1b7fba4,Marmita Térmica Elétrica 2 em 1 com Recipiente de Aço,34-bn3381,11.2,1300,0.001,1.5,ES / FR 2,https://api.ecomhub.app/public/products/featuredImage-1733752919372-70f1e0d7.jpg,https://app.ecomhub.app,18.0,"winner_candidate,alto_stock"
ecomhub,0e074f4c-c6af-4d5c-a518-69c6f5fa1ea8,Adesivos Analgésicos para Dor no Joelho,kneepatch_15499,1.7,500,0.001,1.5,ES / FR 2,https://api.ecomhub.app/public/products/featuredImage-1737049943268-cd2d8eb6.jpeg,https://app.ecomhub.app,18.0,"winner_candidate,preco_ideal_teste"
ecomhub,8ba1d80a-b5e0-4d60-a478-f018db3d2b95,Primer de Maquiagem Hidratante,primerkarite24k,3.6,600,0.001,1.5,ES / FR 2,https://api.ecomhub.app/public/products/featuredImage-1733330348434-df895c7b.jpeg,https://app.ecomhub.app,18.0,"winner_candidate,preco_ideal_teste"
ecomhub,a946480d-c8dc-4a1c-8922-86a47ce8351a,Aparador de Cabelo Dermaplace Flawless,cortapelo_8434921012132,3.56,1200,0.001,1.5,ES / FR 2,https://api.ecomhub.app/public/products/featuredImage-1746239018777-b5ba8e9f.jpeg,https://app.ecomhub.app,18.0,"winner_candidate,alto_stock,preco_ideal_teste"
ecomhub,89a6d9f4-a26b-4685-93c3-6ed60d0dbdcb,Spray de sérum facial hidratante EELHOE com trufas brancas,eelhoetruffas,4.2,600,0.9,1.5,ES / FR 2,https://api.ecomhub.app/public/products/featuredImage-1751121967534-c51572f0.jpg,https://app.ecomhub.app,18.0,"winner_candidate,preco_ideal_teste"
ecomhub,2c47232f-7cc6-4f10-a020-63389552d50d,VITAMINA D3 e K2 60 Capsulas,552126,5.33,800,0.5,1.5,Espanha 7,https://api.ecomhub.app/public/products/featuredImage-1763045617190-64a00351.jpg,https://app.ecomhub.app,18.0,"winner_candidate,preco_ideal_teste"
ecomhub,005502dd-159d-49e9-87cd-85a597504816,Probiótico Vaginal em capsulas,8432173005049,3.95,700,0.5,1.8,Espanha 6,https://api.ecomhub.app/public/products/featuredImage-1776258019113-a7cef204.jpeg,https://app.ecomhub.app,18.0,"winner_candidate,preco_ideal_teste"
ecomhub,7af86a26-4d18-415e-ba3b-b5b6a8291376,Creme Termo Firmador com Óleo de Café Verde OCEAURA,cremgrancafeverd,4.1,1100,0.001,1.5,ES / FR 2,https://api.ecomhub.app/public/products/featuredImage-1737126694512-a2a0ff0c.jpeg,https://app.ecomhub.app,18.0,"winner_candidate,alto_stock,preco_ideal_teste"
ecomhub,06c54833-3972-4467-a558-ac8dfce68540,Combo de 3 unidades do Creme de sebo bovino,evilgoods_15913,12.6,1400,0.9,1.5,ES / FR 2,https://api.ecomhub.app/public/products/featuredImage-1770730345553-7596633b.png,https://app.ecomhub.app,18.0,"winner_candidate,alto_stock"
ecomhub,71b46dd2-90fc-4d98-9ea3-1a14ac5d416d,COLÁGENO HIDROLIZADO TIPO II 160 Cápsulas,552105,9.98,900,0.5,1.5,Espanha 7,https://api.ecomhub.app/public/products/featuredImage-1769612369339-b86a5d2f.jpeg,https://app.ecomhub.app,18.0,"winner_candidate,preco_ideal_teste"
ecomhub,ba07cfde-fa6a-49f6-9065-103bcfe77212,VECOSFLAT  60 Cápsulas,552076,6.43,600,0.5,1.5,Espanha 7,https://api.ecomhub.app/public/products/featuredImage-1763049374251-7514af57.jpg,https://app.ecomhub.app,18.0,"winner_candidate,preco_ideal_teste"
ecomhub,10fd7310-88b3-4422-99bd-199ef79ddefa,ASHWAGANDHA 1500 MG 100 Cápsulas,552157,8.15,700,0.5,1.5,Espanha 7,https://api.ecomhub.app/public/products/featuredImage-1763047415926-ec828bf0.jpg,https://app.ecomhub.app,18.0,"winner_candidate,preco_ideal_teste"
ecomhub,05ab71df-512c-40b1-b447-c2071dffc3c6,SKIN BEAUTY PROBIÓTICOS 30 Cápsulas,552135,7.41,700,0.5,1.5,Espanha 7,https://api.ecomhub.app/public/products/featuredImage-1763048672811-68922d95.jpg,https://app.ecomhub.app,18.0,"winner_candidate,preco_ideal_teste"
ecomhub,2081e653-db68-44c3-93f9-1604bd64c854,VITAMINA C 90 Cápsulas,552088,6.24,700,0.5,1.5,Espanha 7,https://api.ecomhub.app/public/products/featuredImage-1763042746591-aec3a8aa.jpg,https://app.ecomhub.app,18.0,"winner_candidate,preco_ideal_teste"
ecomhub,0c6dd90a-768e-4e53-8fcf-78dc631bee4a,TENDOBALANCE 300 gr,552070,10.21,800,0.5,1.5,Espanha 7,https://api.ecomhub.app/public/products/featuredImage-1763041866213-e6b85665.jpg,https://app.ecomhub.app,18.0,"winner_candidate,preco_ideal_teste"
ecomhub,9943c92b-8070-4ed9-929a-d5f1d9bc197c,Encapsulado Adipovecos,552023,6.86,900,0.5,1.5,Espanha 7,https://api.ecomhub.app/public/products/featuredImage-1762458475437-001fef12.png,https://app.ecomhub.app,18.0,"winner_candidate,preco_ideal_teste"
ecomhub,01d81a1d-1726-4601-b431-4f8827c7ab6f,ANSIOVECOS 60 Cápsulas,552050,7.56,900,0.5,1.5,Espanha 7,https://api.ecomhub.app/public/products/featuredImage-1763047716692-14cfb211.png,https://app.ecomhub.app,18.0,"winner_candidate,preco_ideal_teste"
ecomhub,0ac866f8-230b-4f78-bdb1-14e31b1502c3,Tiras Blanqueadoras Moradas Smilekit,tiras_16610,3.9,600,0.9,1.5,ES / FR 2,https://api.ecomhub.app/public/products/featuredImage-1774447958568-89f45caf.png,https://app.ecomhub.app,18.0,"winner_candidate,preco_ideal_teste"
ecomhub,6d32a01b-3d5c-4510-8d9c-4babc94ec33b,Himalayan Shilajit Gummies - Energia - Vitalidade e Desempenho Natural,shilajit_16059,4.7,600,0.4,1.5,ES / FR 2,https://api.ecomhub.app/public/products/featuredImage-1760528257241-3d1bf05d.jpeg,https://app.ecomhub.app,18.0,"winner_candidate,preco_ideal_teste"
ecomhub,98b583d1-2777-43ac-a7db-ab32685d856c,Tratamento Capilar com Colágeno 200 ml - Repara - Hidrata e Fortalece o Seu Cabelo,minimask_15832,3.6,700,0.9,1.5,ES / FR 2,https://api.ecomhub.app/public/products/featuredImage-1748655727398-805592d7.png,https://app.ecomhub.app,18.0,"winner_candidate,preco_ideal_teste"
ecomhub,1ed6002a-937c-4ff4-bc54-072ac70b3da2,COENZIMA Q10 60 Cápsulas,552008,6.11,600,0.5,1.5,Espanha 7,https://api.ecomhub.app/public/products/featuredImage-1763051199428-c0dbdbb9.jpg,https://app.ecomhub.app,18.0,"winner_candidate,preco_ideal_teste"
ecomhub,250193ce-d8c1-4eed-a2a5-c9e1841dd71f,Combo de 2 unidades do Creme de sebo bovino,evilgoods_15913,8.4,1500,0.9,1.5,ES / FR 2,https://api.ecomhub.app/public/products/featuredImage-1770730429324-11e1248f.png,https://app.ecomhub.app,18.0,"winner_candidate,alto_stock,preco_ideal_teste"
ecomhub,a0d48d7f-a859-4c60-a666-8e9e0a64ecf1,Labubu Mistery Box,ali:15861,5.2,600,0.9,1.5,ES / FR 2,https://api.ecomhub.app/public/products/featuredImage-1752060601728-5621dd1f.jpeg,https://app.ecomhub.app,18.0,"winner_candidate,preco_ideal_teste"
ecomhub,ec2befe9-6d4b-41ca-b37b-49159b2e6f73,NOOTRÓPICO 110 Cápsulas,552201,7.57,900,0.5,1.5,Espanha 7,https://api.ecomhub.app/public/products/featuredImage-1763047947466-b3605873.jpg,https://app.ecomhub.app,18.0,"winner_candidate,preco_ideal_teste"
ecomhub,fc8484e3-e2cb-4776-bb27-862b3f90eeac,Encapsulados - FAT - BURNER 100 Cápsulas,552100,8.54,800,0.5,1.5,Espanha 7,https://api.ecomhub.app/public/products/featuredImage-1763040274158-e0a59527.jpg,https://app.ecomhub.app,18.0,"winner_candidate,preco_ideal_teste"
ecomhub,59dd712b-ff82-4c77-bfb6-313a2102f782,Encapsulado Libidol H,552029,6.38,600,0.5,1.5,Espanha 7,https://api.ecomhub.app/public/products/featuredImage-1762459180566-75fab516.png,https://app.ecomhub.app,18.0,"winner_candidate,preco_ideal_teste"
ecomhub,917b6268-c1ca-40a0-bdca-c2ce05a008cc,Sonny Angels - Figuras Colecionáveis,sonyangel_verde,2.7,500,0.001,1.5,ES / FR 2,https://api.ecomhub.app/public/products/featuredImage-1733404428294-36e73c47.jpeg,https://app.ecomhub.app,18.0,"winner_candidate,preco_ideal_teste"
ecomhub,23229251-3d84-4c2c-a233-abcc95a38382,FÉRTIL H 45 Cápsulas mais 45 Cápsulas,552027,7.57,600,0.5,1.5,Espanha 7,https://api.ecomhub.app/public/products/featuredImage-1763050073383-bdff5895.jpg,https://app.ecomhub.app,18.0,"winner_candidate,preco_ideal_teste"
ecomhub,604cd08e-8027-4373-b69c-145dcb1e6b3f,Powerbank Magnético Sem Fio,powerbankqg7_v-7626,7.5,1200,0.001,1.5,ES / FR 2,https://api.ecomhub.app/public/products/featuredImage-1738250458656-dfccc73a.jpeg,https://app.ecomhub.app,18.0,"winner_candidate,alto_stock,preco_ideal_teste"
ecomhub,56282e01-f9d3-4e9b-9eca-cb83d4eaa7b8,Aparador de Barba SK-3003,afeitadora_14790,5.09,1300,0.001,1.5,ES / FR 2,https://api.ecomhub.app/public/products/featuredImage-1733485119172-b87fece5.jpg,https://app.ecomhub.app,18.0,"winner_candidate,alto_stock,preco_ideal_teste"
ecomhub,55fc4ffa-1d1b-4db9-8d3f-79f476cea58a,Creme antienvelhecimento para pescoço e colo,cremacuelloescot,4.2,800,0.9,1.5,ES / FR 2,https://api.ecomhub.app/public/products/featuredImage-1750873797689-ed770732.jpg,https://app.ecomhub.app,18.0,"winner_candidate,preco_ideal_teste"
ecomhub,66bd30ca-078a-4dab-a881-e523b08d56a7,ENCAPSULADO PROBIOTICO MICROBIOTA COM GLUTAMINA,552161-1,7.64,800,0.5,1.5,Espanha 7,https://api.ecomhub.app/public/products/featuredImage-1772219841748-43b80c6d.png,https://app.ecomhub.app,18.0,"winner_candidate,preco_ideal_teste"
ecomhub,b87f7907-cca4-4fc4-9d07-57bb59d51fbd,Encapsulado NAD Youth Capsules,nad-sup,5.0,800,0.5,1.5,ES / FR 2,https://api.ecomhub.app/public/products/featuredImage-1770317157463-0462ecde.jpeg,https://app.ecomhub.app,18.0,"winner_candidate,preco_ideal_teste"
ecomhub,eb33a958-09eb-4a40-9d47-0ce1b9abb50b,Barbeador VGR,afeitadora_13644,9.68,800,0.001,1.5,ES / FR 2,https://api.ecomhub.app/public/products/featuredImage-1733744906760-31604f3d.jpg,https://app.ecomhub.app,18.0,"winner_candidate,preco_ideal_teste"
dropipro,1567,Masajeador de ojos y labio electrico con vibracion,,5.49,599,0.26,,Dropi PRO ES,https://dropipro.com/storage/products/1567/MASAOJO_1732548694.JPG,https://dropipro.com/app/products,17.98,"winner_candidate,preco_ideal_teste"
dropipro,2400,Jabón de cabello con ginseng,,1.49,498,0.3,,Dropi PRO ES,https://dropipro.com/storage/products/2400/jab_1764010165.jpg,https://dropipro.com/app/products,17.96,
dropipro,296,Mini OVNI con Luz Spinner con carga USB-Rojo,,3.49,497,0.06,,Dropi PRO ES,https://dropipro.com/storage/products/296/51IG7MjKT6L_2023-07-27-19-21-47._AC_SX425_.jpg,https://dropipro.com/app/products,17.94,preco_ideal_teste
dropipro,1800,Faja moldeadora 2 en 1 negro s/m ( camiseta + faja ),,4.69,497,0.45,,Dropi PRO ES,https://dropipro.com/storage/products/1800/x-min_1739899580.jpg,https://dropipro.com/app/products,17.94,preco_ideal_teste
dropipro,1070,Kit 3 cepillo para taladro,,3.49,495,0.27,,Dropi PRO ES,https://dropipro.com/storage/products/1070/CEPILLOTALA_2024-08-14-18-29-16.jpg,https://dropipro.com/app/products,17.9,preco_ideal_teste
dropipro,1505,Cinta de kinesiología 1 rollo 5cm x 5m,,1.89,495,0.1,,Dropi PRO ES,https://dropipro.com/storage/products/1505/CINTA_2024-11-18-18-54-12.jpg,https://dropipro.com/app/products,17.9,
dropipro,936,Bolso cruzado antirrobo negro,,5.99,594,0.55,,Dropi PRO ES,https://dropipro.com/storage/products/936/bolsos_2024-07-13-13-48-41.jpg,https://dropipro.com/app/products,17.88,"winner_candidate,preco_ideal_teste"
dropipro,2252,Collar en forma de corazón con Amor Eterno en 100 idiomas,,1.99,494,0.25,,Dropi PRO ES,https://dropipro.com/storage/products/2252/WechatIMG2284_1757176224.jpg,https://dropipro.com/app/products,17.88,
dropipro,2531,Limpiador de película de aceite para parabrisas,,2.49,493,0.36,,Dropi PRO ES,https://dropipro.com/storage/products/2531/CEPILLO_1768218273.jpg,https://dropipro.com/app/products,17.86,preco_ideal_teste
dropipro,1004,Batidora de mano electrico,,4.95,492,0.21,,Dropi PRO ES,https://dropipro.com/storage/products/1004/71cuNDDmS8L_2024-07-26-20-03-23._AC_SX679_.jpg,https://dropipro.com/app/products,17.84,preco_ideal_teste
dropipro,119,Lampara LED secador de uñas,,2.99,491,0.44,,Dropi PRO ES,https://dropipro.com/storage/products/119/2_2024-03-09-17-09-35.jpeg,https://dropipro.com/app/products,17.82,preco_ideal_teste
dropipro,1134,Rallador 5 en 1,,3.89,486,0.29,,Dropi PRO ES,https://dropipro.com/storage/products/1134/RALLADOR_2024-08-29-18-37-21.JPG,https://dropipro.com/app/products,17.72,preco_ideal_teste
dropipro,1868,Pack 6 parches jengibre para aliviar el dolor,,1.49,484,0.1,,Dropi PRO ES,https://dropipro.com/storage/products/1868/WechatIMG2045_1741107580.jpg,https://dropipro.com/app/products,17.68,
dropipro,2263,"SUP Berberina 30 Cápsulas -  Regulador de Glucosa, Colesterol y Peso | Antioxidante Natural",,3.49,480,0.2,,Dropi PRO ES,https://dropipro.com/storage/products/2263/BERBERINA_1766323332.jpg,https://dropipro.com/app/products,17.6,preco_ideal_teste
dropipro,1399,Limpiador de tazas automática de alta presión,,2.99,480,0.18,,Dropi PRO ES,https://dropipro.com/storage/products/1399/WechatIMG1752_2024-10-30-17-10-59.jpg,https://dropipro.com/app/products,17.6,preco_ideal_teste
dropipro,2601,"Plantillas para aumentar altura 3,5 cm (2 unidades)",,1.99,479,0.24,,Dropi PRO ES,https://dropipro.com/storage/products/2601/plantilla_1778670461.jpg,https://dropipro.com/app/products,17.58,
dropipro,968,Limpiador de Brochas de Maquillaje,,3.89,477,0.47,,Dropi PRO ES,https://dropipro.com/storage/products/968/BROCHA1_2024-07-19-14-59-44.JPG,https://dropipro.com/app/products,17.54,preco_ideal_teste
dropipro,195,Soporte de aluminio giratorio 360º,,2.89,477,0.14,,Dropi PRO ES,https://dropipro.com/storage/products/195/H35e177d010a741658a54fe4c287fed67M_2023-05-10-12-40-14.jpg,https://dropipro.com/app/products,17.54,preco_ideal_teste
dropipro,1156,Guante spa gel suaviza la piel seca,,1.99,476,0.17,,Dropi PRO ES,https://dropipro.com/storage/products/1156/GUANTE_2024-09-09-15-18-21.jpg,https://dropipro.com/app/products,17.52,
dropipro,213,Auriculares PRO Max gris,,4.99,474,0.41,,Dropi PRO ES,https://dropipro.com/storage/products/213/4c8d65569ecb882dfbafe53d4d01e137_2023-05-30-13-27-14.jpg,https://dropipro.com/app/products,17.48,preco_ideal_teste
dropipro,1118,Cepillo de silicona para limpieza de ducha,,2.89,474,0.16,,Dropi PRO ES,https://dropipro.com/storage/products/1118/CEPILLOSILICO_2024-08-24-17-25-53.jpg,https://dropipro.com/app/products,17.48,preco_ideal_teste
dropipro,1775,Estanteria de almacenamiento de metal sobre el inodoro,,8.99,573,1.3,,Dropi PRO ES,https://dropipro.com/storage/products/1775/ESTANRIA_1738231972.jpg,https://dropipro.com/app/products,17.46,"winner_candidate,preco_ideal_teste"
dropipro,2472,Filtro purificador de agua,,3.49,472,0.43,,Dropi PRO ES,https://dropipro.com/storage/products/2472/GRIFO_1765905908.JPG,https://dropipro.com/app/products,17.44,preco_ideal_teste
dropipro,261,Smartwatch Ultra Pro 2 Naranja con 2 correas,,5.49,570,0.34,,Dropi PRO ES,"https://dropipro.com/storage/products/261/51hTWiifnYL_2023-06-06-18-01-31._AC_UF1000,1000_QL80_.jpg",https://dropipro.com/app/products,17.4,"winner_candidate,preco_ideal_teste"
dropipro,85,Cama Perro Pequeña Gris Oscuro 50 cm,,5.29,570,0.62,,Dropi PRO ES,https://dropipro.com/storage/products/85/oscura_24-11-2022.jpg,https://dropipro.com/app/products,17.4,"winner_candidate,preco_ideal_teste"
dropipro,1854,Dispositivo de ejercicio de respiración para pulmones,,2.49,470,0.27,,Dropi PRO ES,https://dropipro.com/storage/products/1854/REPOIRA_1740132945.jpg,https://dropipro.com/app/products,17.4,preco_ideal_teste
dropipro,2532,Spray de limpieza en seco,,1.99,468,0.35,,Dropi PRO ES,https://dropipro.com/storage/products/2532/WechatIMG2498_1768219149.jpg,https://dropipro.com/app/products,17.36,
dropipro,47,Taburete plegable,,5.79,568,1.22,,Dropi PRO ES,https://dropipro.com/storage/products/47/taburete_plegable_02-11-2022.jpg,https://dropipro.com/app/products,17.36,"winner_candidate,preco_ideal_teste"
dropipro,987,Proyector astronauta con altavoz bluetooth ( dos modelo ),,9.05,568,0.59,,Dropi PRO ES,https://dropipro.com/storage/products/987/PROYECTOR_2024-07-25-16-55-39.jpg,https://dropipro.com/app/products,17.36,"winner_candidate,preco_ideal_teste"
dropipro,1460,Masajeador muscular de 4 cabezas,,14.99,568,1.5,,Dropi PRO ES,https://dropipro.com/storage/products/1460/MASA_2024-11-07-17-36-19.jpg,https://dropipro.com/app/products,17.36,winner_candidate
dropipro,1515,"Mini joyero con espejo de viaje ( rosa , blanco )",,2.19,468,0.14,,Dropi PRO ES,https://dropipro.com/storage/products/1515/joye_2024-11-19-13-11-05.jpg,https://dropipro.com/app/products,17.36,preco_ideal_teste
dropipro,502,Tienda de Campaña Infantil 87 Piezas,,5.95,567,0.74,,Dropi PRO ES,https://dropipro.com/storage/products/502/182387519_max_2024-01-29-16-37-15.jpg,https://dropipro.com/app/products,17.34,"winner_candidate,preco_ideal_teste"
dropipro,477,Dedicatoria Querida Hija,,0.39,465,0.2,,Dropi PRO ES,https://dropipro.com/storage/products/477/QUERIDAHIJA_2024-01-24-11-07-30.jpg,https://dropipro.com/app/products,17.3,
dropipro,1490,Parrilla de barbacoa plegable,,6.99,564,1.32,,Dropi PRO ES,https://dropipro.com/storage/products/1490/711b9GyFEL_2024-11-18-16-09-32._AC_SL1500_.jpg,https://dropipro.com/app/products,17.28,"winner_candidate,preco_ideal_teste"
dropipro,1133,Lampara personalizada para escribir forma rectangular,,2.99,462,0.19,,Dropi PRO ES,https://dropipro.com/storage/products/1133/TABLERO_2024-08-29-18-30-35.jpg,https://dropipro.com/app/products,17.24,preco_ideal_teste
dropipro,2137,SUP Melatonina Duerme Plus 60 Cápsulas – Sueño Profundo y Reparador,,2.29,454,0.25,,Dropi PRO ES,https://dropipro.com/storage/products/2137/MELATONINA_1765626367.jpg,https://dropipro.com/app/products,17.08,preco_ideal_teste
dropipro,1537,Set para Cuidado del Bebé 13 en 1 rosa,,4.99,452,0.37,,Dropi PRO ES,https://dropipro.com/storage/products/1537/BEBEROSA_2024-11-20-16-53-44.JPG,https://dropipro.com/app/products,17.04,preco_ideal_teste
dropipro,396,Batamanta,,5.49,551,0.6,,Dropi PRO ES,https://dropipro.com/storage/products/396/A1bhHe40RoL_2023-11-01-16-28-35._AC_SL1500_.jpg,https://dropipro.com/app/products,17.02,"winner_candidate,preco_ideal_teste"
dropipro,1630,Plato Giratorio 360 Antiderrames,,3.09,450,0.2,,Dropi PRO ES,https://dropipro.com/storage/products/1630/24481_1734977411.jpg,https://dropipro.com/app/products,17.0,preco_ideal_teste
dropipro,1538,Set para Cuidado del Bebé 10 en 1 celeste,,2.99,450,0.17,,Dropi PRO ES,https://dropipro.com/storage/products/1538/SETBEBE_2024-11-20-17-00-07.jpg,https://dropipro.com/app/products,17.0,preco_ideal_teste
dropipro,1876,Aire acondicionado evaporativo portátil,,8.49,548,1.17,,Dropi PRO ES,https://dropipro.com/storage/products/1876/AIRE_1741111713.jpg,https://dropipro.com/app/products,16.96,"winner_candidate,preco_ideal_teste"
dropipro,1608,Collar de universo de estrella + caja de regalo,,2.89,448,0.2,,Dropi PRO ES,https://dropipro.com/storage/products/1608/collaruniv_1733928040.jpg,https://dropipro.com/app/products,16.96,preco_ideal_teste
dropipro,512,Masajeador Facial eléctrico con Parche Estimulación EMS,,2.99,447,0.2,,Dropi PRO ES,https://dropipro.com/storage/products/512/71thLJ5zICL_2024-01-29-18-00-27._AC_SL1500_.jpg,https://dropipro.com/app/products,16.94,preco_ideal_teste
dropipro,533,"Máquina adelgazante de masaje, removedor de celulitis",,12.89,547,0.94,,Dropi PRO ES,https://dropipro.com/storage/products/533/61BSM4fLPpL_2024-02-06-17-35-39._AC_SL1140_.jpg,https://dropipro.com/app/products,16.94,winner_candidate
dropipro,1851,Juego de papelería de dinosaurio 5 en 1,,4.69,446,0.41,,Dropi PRO ES,https://dropipro.com/storage/products/1851/PAPELERIA_1740132293.jpg,https://dropipro.com/app/products,16.92,preco_ideal_teste
dropipro,179,Camiseta reductora mujer efecto sauna S/M,,2.95,444,0.34,,Dropi PRO ES,https://dropipro.com/storage/products/179/133710943_874609166699005_409935243912883255_n-600x600_480x480_2023-04-05-20-27-48.jpg,https://dropipro.com/app/products,16.88,preco_ideal_teste
dropipro,1778,Zapatero multicapa creativo con diseño de orejas de gato,,3.99,444,0.98,,Dropi PRO ES,https://dropipro.com/storage/products/1778/WechatIMG1986_1738235632.jpg,https://dropipro.com/app/products,16.88,preco_ideal_teste
dropipro,679,Masajeador Capilar,,3.99,444,0.26,,Dropi PRO ES,https://dropipro.com/storage/products/679/RASPA_2024-03-22-17-59-49.jpg,https://dropipro.com/app/products,16.88,preco_ideal_teste
dropipro,64,"Fibras capilares tipo Toppik Negro 27,5gr",,3.89,442,0.12,,Dropi PRO ES,https://dropipro.com/storage/products/64/fibras_capilares_09-11-2022.png,https://dropipro.com/app/products,16.84,preco_ideal_teste
dropipro,2139,SUP Intelecto Forte 60 Cápsulas – Memoria y Rendimiento Mental,,3.19,441,0.26,,Dropi PRO ES,https://dropipro.com/storage/products/2139/INTELECTOO_1765627132.jpg,https://dropipro.com/app/products,16.82,preco_ideal_teste
dropipro,2546,Tapa de silicona multifunción anti-derrame,,3.89,439,0.41,,Dropi PRO ES,https://dropipro.com/storage/products/2546/TAPA_1768229790.jpg,https://dropipro.com/app/products,16.78,preco_ideal_teste
dropipro,2471,Juego de limpiador de zapatillas de espuma sin agua,,4.89,439,0.64,,Dropi PRO ES,https://dropipro.com/storage/products/2471/WechatIMG2454_1765897754.jpg,https://dropipro.com/app/products,16.78,preco_ideal_teste
dropipro,1850,Deslizadores de muebles sin esfuerzo,,4.49,436,0.54,,Dropi PRO ES,https://dropipro.com/storage/products/1850/DESLIZADOR_1740132106.jpg,https://dropipro.com/app/products,16.72,preco_ideal_teste
dropipro,2086,Rotulador cejas marron,,1.69,433,0.21,,Dropi PRO ES,https://dropipro.com/storage/products/2086/IMG_20251110_132844_1762780221.jpg,https://dropipro.com/app/products,16.66,
dropipro,697,Electroestimulador de glúteos pro,,3.85,433,0.35,,Dropi PRO ES,https://dropipro.com/storage/products/697/71BIbpNsWOL_2024-04-03-15-54-55._AC_SX679_.jpg,https://dropipro.com/app/products,16.66,preco_ideal_teste
dropipro,1450,Bombilla led para espejo 10und,,4.89,432,0.0,,Dropi PRO ES,https://dropipro.com/storage/products/1450/MIRRO_2024-11-06-19-20-20.jpg,https://dropipro.com/app/products,16.64,preco_ideal_teste
dropipro,831,Pulverizador Aceite Spray 220ml,,2.69,432,0.24,,Dropi PRO ES,https://dropipro.com/storage/products/831/PULVE_2024-05-21-19-15-15.jpg,https://dropipro.com/app/products,16.64,preco_ideal_teste
dropipro,223,Alcachofa de ducha para mascota,,3.99,430,0.34,,Dropi PRO ES,"https://dropipro.com/storage/products/223/715W6eDKhrL_2023-06-01-12-59-59._AC_UF894,1000_QL80_.jpg",https://dropipro.com/app/products,16.6,preco_ideal_teste
dropipro,551,Mini aspiradora USB inalámbrica,,2.99,427,0.15,,Dropi PRO ES,https://dropipro.com/storage/products/551/61oz9h5i-kL_2024-02-08-12-27-56._AC_SL1500_.jpg,https://dropipro.com/app/products,16.54,preco_ideal_teste
dropipro,1476,Limpiador de mancha 150ml,,3.49,425,0.0,,Dropi PRO ES,https://dropipro.com/storage/products/1476/LIMPIA_2024-11-13-12-49-37.jpg,https://dropipro.com/app/products,16.5,preco_ideal_teste
dropipro,2066,Juguete educativo creativo alivio del estrés,,1.89,424,0.31,,Dropi PRO ES,https://dropipro.com/storage/products/2066/JUGUETEDEALIVIO_1765561249.jpg,https://dropipro.com/app/products,16.48,
dropipro,2555,Protector contra salpicaduras de agua,,2.99,420,0.42,,Dropi PRO ES,https://dropipro.com/storage/products/2555/PROTEC_1768240309.jpg,https://dropipro.com/app/products,16.4,preco_ideal_teste
dropipro,360,Linterna Llavero Mini COB LED,,1.59,420,0.05,,Dropi PRO ES,https://dropipro.com/storage/products/360/1696660871850_2023-10-14-18-49-31.jpg,https://dropipro.com/app/products,16.4,
dropipro,1503,Calcetín de terapia de frío y calor de Gel reutilizable,,4.49,418,0.48,,Dropi PRO ES,https://dropipro.com/storage/products/1503/CALCETINE_2024-11-04-12-14-08_2024-11-18-18-39-39.jpeg,https://dropipro.com/app/products,16.36,preco_ideal_teste
dropipro,1926,Manta ignífuga universal,,2.89,417,0.52,,Dropi PRO ES,https://dropipro.com/storage/products/1926/MANTAIGNIFUGA-24516_1764701292.jpg,https://dropipro.com/app/products,16.34,preco_ideal_teste
dropipro,283,Limpiador de Brochas eléctrico con adaptadores,,4.99,417,0.3,,Dropi PRO ES,https://dropipro.com/storage/products/283/113118217_1_2023-07-10-19-02-07.jpg,https://dropipro.com/app/products,16.34,preco_ideal_teste
dropipro,1875,Ventilador repelente de mosca para mesa,,3.99,415,0.4,,Dropi PRO ES,https://dropipro.com/storage/products/1875/REPERENTE_1741110875.jpg,https://dropipro.com/app/products,16.3,preco_ideal_teste
dropipro,484,Limpiacristales Telescópico 360*,,2.59,414,0.28,,Dropi PRO ES,https://dropipro.com/storage/products/484/crista_2024-08-22-13-07-39.jpg,https://dropipro.com/app/products,16.28,preco_ideal_teste
dropipro,2530,Guantes limpieza para mascotas,,2.69,413,0.37,,Dropi PRO ES,https://dropipro.com/storage/products/2530/WechatIMG2519_1768659861.jpg,https://dropipro.com/app/products,16.26,preco_ideal_teste
dropipro,41,Cortapelos Braud Hombre,,1.99,411,0.26,,Dropi PRO ES,https://dropipro.com/storage/products/41/cortapelos_braud_02-11-2022.jpg,https://dropipro.com/app/products,16.22,
dropipro,2140,"SUP Multivitaminas 60 Cápsulas – Energía, Inmunidad y Bienestar",,2.79,409,0.25,,Dropi PRO ES,https://dropipro.com/storage/products/2140/MULTIVITAMINAS_1765627319.jpg,https://dropipro.com/app/products,16.18,preco_ideal_teste
dropipro,520,Cepillo eléctrico infantil Rosa,,2.49,409,0.3,,Dropi PRO ES,https://dropipro.com/storage/products/520/24093_2024-01-27-19-34-55.jpg,https://dropipro.com/app/products,16.18,preco_ideal_teste
dropipro,473,Dedicatoria A MI MAMA,,0.39,408,0.2,,Dropi PRO ES,https://dropipro.com/storage/products/473/AMIMAMA_2024-01-24-10-40-20.jpg,https://dropipro.com/app/products,16.16,
dropipro,1020,Faja culote con relleno negro S/M,,3.89,406,0.3,,Dropi PRO ES,https://dropipro.com/storage/products/1020/WechatIMG1508_2024-08-01-15-31-43.jpg,https://dropipro.com/app/products,16.12,preco_ideal_teste
dropipro,2038,Pulseras repelente de mosquitos ultrasónico blanco,,3.99,405,0.24,,Dropi PRO ES,https://dropipro.com/storage/products/2038/MOSQBLAN_1749563788.jpg,https://dropipro.com/app/products,16.1,preco_ideal_teste
dropipro,986,Luces solares para jardín 2pcs 8LED,,3.95,405,0.29,,Dropi PRO ES,https://dropipro.com/storage/products/986/LUZ_2024-07-25-16-45-02.jpg,https://dropipro.com/app/products,16.1,preco_ideal_teste
dropipro,1475,Enchufe plano pared giratorio 180º,,1.69,403,0.33,,Dropi PRO ES,https://dropipro.com/storage/products/1475/ENCHUFE_2024-11-13-12-42-43.jpg,https://dropipro.com/app/products,16.06,
dropipro,1601,Collar de doble anillo de corazón bicolor,,1.99,402,0.15,,Dropi PRO ES,https://dropipro.com/storage/products/1601/collar_1733763005.jpg,https://dropipro.com/app/products,16.04,
dropipro,1544,Almohadilla de calentamiento menstrual,,5.89,501,0.16,,Dropi PRO ES,https://dropipro.com/storage/products/1544/ALMOHADILLA_2024-11-21-18-51-08.jpg,https://dropipro.com/app/products,16.02,"winner_candidate,preco_ideal_teste"
dropipro,1549,Máquina de boxeo inteligente yk-001 + guante negro,,15.49,1866,1.5,,Dropi PRO ES,https://dropipro.com/storage/products/1549/WechatIMG1823_2024-11-22-12-15-38.jpg,https://dropipro.com/app/products,16.0,alto_stock
dropipro,2079,Pulsera magnética antitabaco,,0.49,400,0.21,,Dropi PRO ES,https://dropipro.com/storage/products/2079/EyL4oMcl1cV1NCrAt1MQjFedA6QnIWhXNMQmHIhb_1753962891.jpg,https://dropipro.com/app/products,16.0,
dropipro,1479,Mini aire acondicionado portátil 2 en 1,,16.99,5427,1.5,,Dropi PRO ES,https://dropipro.com/storage/products/1479/AIRE_2024-11-13-18-25-32.jpg,https://dropipro.com/app/products,16.0,alto_stock
dropipro,1973,Mini teléfono inteligente negro,,21.99,747,0.34,,Dropi PRO ES,https://dropipro.com/storage/products/1973/signal-2025-11-25-112528_1764066520.jpeg,https://dropipro.com/app/products,16.0,
dropipro,1894,Lavadora portatil plegable 8L,,15.49,1010,1.57,,Dropi PRO ES,https://dropipro.com/storage/products/1894/WechatIMG2051_1741876911.jpg,https://dropipro.com/app/products,16.0,alto_stock
dropipro,1482,Soplador de aire potente + dos baterías,,16.99,2322,1.71,,Dropi PRO ES,https://dropipro.com/storage/products/1482/SOPLADO_2024-11-06-19-33-35.jpg,https://dropipro.com/app/products,16.0,alto_stock
ecomhub,a99340e7-0ddb-4942-9559-cc644ca39e2b,Combo de 4 Unidades Máscara de Colágeno,biomaskcollagem,14.8,600,0.9,1.5,ES / FR 2,https://api.ecomhub.app/public/products/featuredImage-1747854725421-b80c41c9.jpeg,https://app.ecomhub.app,16.0,
ecomhub,22654903-28d8-4c3d-8556-4a17ffdaf281,Câmera de Ação Green Lyca,gopro_gl69415,18.2,800,0.5,1.5,ES / FR 2,https://api.ecomhub.app/public/products/featuredImage-1759749470130-30d3630c.png,https://app.ecomhub.app,16.0,
ecomhub,20704f73-4749-44bc-b3e8-e7fb2c7eec07,BISGLICINATO MAGNESIO 200 Capsulas,552204,7.1,500,0.5,1.5,Espanha 7,https://api.ecomhub.app/public/products/featuredImage-1763051347486-566938ae.jpg,https://app.ecomhub.app,16.0,"winner_candidate,preco_ideal_teste"
ecomhub,fb48d10f-5761-4cb1-9675-9fc20a398ea1,Balança de cozinha digital de bambu,basculam2_v-14378,5.7,500,0.9,1.5,ES / FR 2,https://api.ecomhub.app/public/products/featuredImage-1748089271945-b7d1d4cd.jpg,https://app.ecomhub.app,16.0,"winner_candidate,preco_ideal_teste"
ecomhub,224c94db-1655-47b4-97f4-c48ac87f036d,Power Bank 10000mAh PD 22 5W com cabos integrados,powerban_gl69559,5.2,500,0.9,1.5,ES / FR 2,https://api.ecomhub.app/public/products/featuredImage-1747064753938-7a72209a.png,https://app.ecomhub.app,16.0,"winner_candidate,preco_ideal_teste"
ecomhub,02618d18-00d8-4b1d-a23b-b5157e8fc0b0,ONICOPIL 60 Cápsulas,552012,6.01,500,0.5,1.5,Espanha 7,https://api.ecomhub.app/public/products/featuredImage-1763048351849-969249e8.jpg,https://app.ecomhub.app,16.0,"winner_candidate,preco_ideal_teste"
ecomhub,1caa6724-3205-478f-b254-7c79be66cbdc,Meias Quentes e Elegantes com Efeito Transparente,pantermicotrans_15622,4.88,500,0.001,1.5,ES / FR 2,https://api.ecomhub.app/public/products/featuredImage-1737127553422-2104575a.jpeg,https://app.ecomhub.app,16.0,"winner_candidate,preco_ideal_teste"
ecomhub,8b27fee4-93ec-4292-bcfd-cbc951857ddb,Combo do Airpod Branco e AirPod P9 Branco,airpods-caja_14875,18.9,800,0.001,1.5,ES / FR 2,https://api.ecomhub.app/public/products/featuredImage-1751975840146-c6bde93b.jpeg,https://app.ecomhub.app,16.0,
ecomhub,5a1dc4f3-be5f-4a14-bdcd-c8d761b218af,Combo da Pistola de Jato de Alta Pressão e Mini Lanterna Recargável com Zoom,cleangun_15478,25.59,600,0.001,1.5,ES / FR 2,https://api.ecomhub.app/public/products/featuredImage-1751369789526-1d3dcabd.jpeg,https://app.ecomhub.app,16.0,
ecomhub,994fe710-414d-4530-9830-b7de8ad90520,ASHWAGANDHA KSM-66 ECO 100 Capsulas,552211,9.73,500,0.5,1.5,Espanha 7,https://api.ecomhub.app/public/products/featuredImage-1763046213278-08c3c4dc.jpg,https://app.ecomhub.app,16.0,"winner_candidate,preco_ideal_teste"
ecomhub,f65aeaf8-9532-45d0-83d6-d74a33d0e2e0,Conjunto de joias douradas aleatórias com caixa de joias em formato de coração,joyasdocor_15915,6.3,500,0.9,1.5,ES / FR 2,https://api.ecomhub.app/public/products/featuredImage-1775407287870-7de2b73f.png,https://app.ecomhub.app,16.0,"winner_candidate,preco_ideal_teste"
ecomhub,8782b3e7-0692-4ad5-a879-203c3f9896ec,Combo de 3 Perfumes Masculinos CONTRATIPO - CREED SILVER MOUNTAIN - Savage - MIDNIGHT BLUE EDP 100ML BLUE DE CHANEL,em-dynavenueculture,16.2,900,0.5,1.5,Espanha 1,https://api.ecomhub.app/public/products/featuredImage-1758811594106-0f477a8c.jpeg,https://app.ecomhub.app,16.0,
ecomhub,75e1702a-d3d2-46aa-b6c9-e09ff0861067,Esterilizador de Escova de Dentes,esterelicepi_13724,5.57,500,0.001,1.5,ES / FR 2,https://api.ecomhub.app/public/products/featuredImage-1734028161832-c54cca21.JPG,https://app.ecomhub.app,16.0,"winner_candidate,preco_ideal_teste"
ecomhub,7a1a614e-7f06-479d-bff8-61948d20d3fc,Base de Maquiagem CC com Abacate - Hidratante - Corretiva e Multifuncional - Controle de Oleosidade - Cobertura Natural,ccaguacate_15512,3.41,400,0.001,1.5,ES / FR 2,https://api.ecomhub.app/public/products/featuredImage-1746722095433-69cef55d.jpeg,https://app.ecomhub.app,16.0,preco_ideal_teste
ecomhub,de6ec63d-9dbb-40ec-bbb9-fa4cce815be6,Esfera voadora controlada manualmente,helicopte_v-7187,5.05,500,0.9,1.5,ES / FR 2,https://api.ecomhub.app/public/products/featuredImage-1771873145067-9714b596.png,https://app.ecomhub.app,16.0,"winner_candidate,preco_ideal_teste"
ecomhub,a07af083-2922-4617-a3a1-70fde776ff2e,Ventilador 2 em 1 - portátil de mão e de mesa,venti_gl69755,2.2,400,0.9,1.5,ES / FR 2,https://api.ecomhub.app/public/products/featuredImage-1759511505105-79fafeff.png,https://app.ecomhub.app,16.0,preco_ideal_teste
ecomhub,68706d36-8be1-4d27-9533-5c147b674dd4,ENZIMAS DIGESTIVAS 60 Cápsulas,552078,6.78,500,0.5,1.5,Espanha 7,https://api.ecomhub.app/public/products/featuredImage-1763049868007-34fadeb4.jpg,https://app.ecomhub.app,16.0,"winner_candidate,preco_ideal_teste"
ecomhub,a0716d11-1b63-4b41-b9e4-f396a428544f,Mini pistola de massagem,pistolamasaje_14101,12.74,500,0.001,1.5,ES / FR 2,https://api.ecomhub.app/public/products/featuredImage-1733490920940-9610448d.jpeg,https://app.ecomhub.app,16.0,winner_candidate
ecomhub,acf066d6-8023-440d-955b-1e9e7b910fab,Combo do Airpod Branco e AirPod P9 Verde,airpods-caja_14875,18.9,1000,0.001,1.5,ES / FR 2,https://api.ecomhub.app/public/products/featuredImage-1751975858572-2861c41d.jpeg,https://app.ecomhub.app,16.0,alto_stock
ecomhub,41b9d663-7112-4969-af86-0c9ea7379097,Batom matte,pintamate6,5.55,500,0.001,1.5,ES / FR 2,https://api.ecomhub.app/public/products/featuredImage-1733935764605-cc86d172.jpeg,https://app.ecomhub.app,16.0,"winner_candidate,preco_ideal_teste"
ecomhub,a85efbec-772d-414d-8ddc-6892eb98c3c6,combo de 3 Cremes removedor de verruga,EMCremawart,8.85,500,0.001,1.5,Espanha 1,https://api.ecomhub.app/,https://app.ecomhub.app,16.0,"winner_candidate,preco_ideal_teste"
ecomhub,9ff1a593-6ddf-4bac-b58e-19285d97e9a5,Combo do Airpod Branco e AirPod P9 Azul,airpods-caja_14875,18.9,1000,0.001,1.5,ES / FR 2,https://api.ecomhub.app/public/products/featuredImage-1751975807989-907c7f6e.jpeg,https://app.ecomhub.app,16.0,alto_stock
ecomhub,c02f6ef6-1f5b-4ff0-8a46-19850969c2a1,Depilador Facial,depiladorfacial_13330,3.05,400,0.001,1.5,ES / FR 2,https://api.ecomhub.app/public/products/featuredImage-1733761467921-279db14a.jpeg,https://app.ecomhub.app,16.0,preco_ideal_teste
ecomhub,88e11a48-811c-4d1a-9e5a-5c0035c3bede,Fones de ouvido sem fio TWS com cancelamento de ruído eletrônico,auric_gl69679,6.9,500,0.9,1.5,ES / FR 2,https://api.ecomhub.app/public/products/featuredImage-1775046606238-2253318d.png,https://app.ecomhub.app,16.0,"winner_candidate,preco_ideal_teste"
ecomhub,97953e7c-6b23-4621-be80-6b9398f1b4f2,Combo de 5 unidades da Máscara de Colágeno,biomaskcollagem,18.5,600,0.9,1.5,ES / FR 2,https://api.ecomhub.app/public/products/featuredImage-1747850922995-ecdf7822.png,https://app.ecomhub.app,16.0,
ecomhub,1bf50e89-38ec-41ad-83fa-33b28acb335b,Conjunto de facas de cozinha corrugadas,setcuchillo-16048,6.4,500,0.9,1.5,ES / FR 2,https://api.ecomhub.app/public/products/featuredImage-1775045698850-8be733d0.png,https://app.ecomhub.app,16.0,"winner_candidate,preco_ideal_teste"
ecomhub,14234cfb-4e60-406e-ab72-ee2f8aaf0ed7,Combo de 3 Perfumes Femininos,em-dynamore,16.2,873700,0.5,1.5,Espanha 1,https://api.ecomhub.app/public/products/featuredImage-1740871141468-7050c265.png,https://app.ecomhub.app,16.0,alto_stock
ecomhub,2d934291-2fd9-4247-9858-ccc71c350691,Espremedor Automático,autoexprimidor_6985423365421,8.61,500,0.001,1.5,ES / FR 2,https://api.ecomhub.app/public/products/featuredImage-1734026590098-b4e6cc92.JPG,https://app.ecomhub.app,16.0,"winner_candidate,preco_ideal_teste"
ecomhub,1e181cb5-3e75-4e57-b772-b2c22e113220,ISOFLAVONAS DE SOJA - CALCIO - MAGNESIO - ZINC 75,552184,5.53,500,0.5,1.5,Espanha 7,https://api.ecomhub.app/public/products/featuredImage-1763050506631-5db78ffb.jpg,https://app.ecomhub.app,16.0,"winner_candidate,preco_ideal_teste"
ecomhub,c17eed81-3987-4a04-b4ad-5a3d23124bfc,Combo de duas unidades da Mini pistola de massagem,pistolamasaje_14101,12.74,500,0.001,1.5,ES / FR 2,https://api.ecomhub.app/public/products/featuredImage-1751974008916-4a078f68.png,https://app.ecomhub.app,16.0,winner_candidate
ecomhub,da94ba1d-15fc-42ec-8ad5-9f3d2d70bd39,Drone dobrável com câmera 4K  Tecnologia compacta e profissional,dron15648,15.7,700,0.9,1.5,ES / FR 2,https://api.ecomhub.app/public/products/featuredImage-1764170416591-a8cc3d7e.png,https://app.ecomhub.app,16.0,
ecomhub,2981c77b-6a23-4acd-9573-b6aa6e728f53,Creme para varizes Ximonth,varicosa,4.2,500,0.9,1.5,ES / FR 2,https://api.ecomhub.app/public/products/featuredImage-1776041835309-e0394643.png,https://app.ecomhub.app,16.0,"winner_candidate,preco_ideal_teste"
ecomhub,32d69a0f-acfd-4873-b2a6-8a8539253ca9,VECOSLAX 30 Cápsulas,552069,5.3,500,0.5,1.5,Espanha 7,https://api.ecomhub.app/public/products/featuredImage-1763049535656-32c00ec4.jpg,https://app.ecomhub.app,16.0,"winner_candidate,preco_ideal_teste"
ecomhub,7124e2af-abd4-4931-9646-0636f44640fc,Livro de som de aprendizagem em espanhol,librobebe_14659,5.09,500,0.001,1.5,ES / FR 2,https://api.ecomhub.app/public/products/featuredImage-1733486576040-11cd41d6.jpeg,https://app.ecomhub.app,16.0,"winner_candidate,preco_ideal_teste"
ecomhub,6223d85d-7d70-4760-a76a-7648b88c658c,Combo de 3 Unidades Máscara de Colágeno,biomaskcollagem,11.1,500,0.9,1.5,ES / FR 2,https://api.ecomhub.app/public/products/featuredImage-1747854379062-9edbb94c.jpeg,https://app.ecomhub.app,16.0,winner_candidate
ecomhub,7552dade-2359-4aee-9171-d3e5629de84c,Pistola de Bolhas de Sabão com 10 Furos - Diversão Automática de Alto Impacto,pistoladeb_15067,3.3,400,0.9,1.5,ES / FR 2,https://api.ecomhub.app/public/products/featuredImage-1771871408823-a218c973.png,https://app.ecomhub.app,16.0,preco_ideal_teste
ecomhub,7a376b4a-7ed1-473a-9fcb-4fc5b755e0dd,CREATINA 3000 MG 160 Cápsulas,552158,6.15,500,0.5,1.5,Espanha 7,https://api.ecomhub.app/public/products/featuredImage-1763051752882-fb3eb62b.jpg,https://app.ecomhub.app,16.0,"winner_candidate,preco_ideal_teste"
ecomhub,12917bec-7b14-4f0d-a645-0905cccdd97a,Combo com 3 Unidades Adesivos Analgésicos para Dor no Joelho,kneepatch_15499,5.1,500,0.001,1.5,ES / FR 2,https://api.ecomhub.app/public/products/featuredImage-1765897574789-8428a96e.jpeg,https://app.ecomhub.app,16.0,"winner_candidate,preco_ideal_teste"
ecomhub,2b1648e4-5b4e-4cbb-9760-17fb542c19a6,Combo de 4 Unidades da Luz Magnetica com Sensor,luzmagnetica_15479,22.4,700,0.001,1.5,ES / FR 2,https://api.ecomhub.app/public/products/featuredImage-1762362462107-5a001b96.png,https://app.ecomhub.app,16.0,
ecomhub,70068825-10a8-4623-b2db-9d61c7239d23,CONTORNO DOS OLHOS 4 EM 1 REPARA E NUTRE 20GR SADOER,contornosakura,3.45,400,0.9,1.5,ES / FR 2,https://api.ecomhub.app/public/products/featuredImage-1746631691454-61273de6.jpeg,https://app.ecomhub.app,16.0,preco_ideal_teste
dropipro,2551,Organizador de cables (6 piezas),,1.69,399,0.25,,Dropi PRO ES,https://dropipro.com/storage/products/2551/cables_1768235384.jpg,https://dropipro.com/app/products,15.98,
dropipro,1828,Kit de cepillo y peine desenredante,,4.09,398,0.44,,Dropi PRO ES,https://dropipro.com/storage/products/1828/WechatIMG2026_1739813655.jpg,https://dropipro.com/app/products,15.96,preco_ideal_teste
dropipro,1520,Separador de cajones ajustable 1 und,,2.99,395,0.29,,Dropi PRO ES,https://dropipro.com/storage/products/1520/SEPARADIOR_2024-11-19-15-22-04.jpg,https://dropipro.com/app/products,15.9,preco_ideal_teste
dropipro,993,Mini afeitadora compacta resistente al agua,,3.95,394,0.01,,Dropi PRO ES,https://dropipro.com/storage/products/993/AFEITADO_2024-07-25-18-14-05.jpg,https://dropipro.com/app/products,15.88,preco_ideal_teste
dropipro,2641,Moroccanoil – Tratamientos Capilares con Aceite de Argán 100ml,,3.99,393,0.46,,Dropi PRO ES,https://dropipro.com/storage/products/2641/ACEITE_1773677663.JPG,https://dropipro.com/app/products,15.86,preco_ideal_teste
dropipro,2324,Anillo giratorio de trébol de cuatro hojas oro,,1.89,393,0.2,,Dropi PRO ES,https://dropipro.com/storage/products/2324/ANILLO_1762616683.jpg,https://dropipro.com/app/products,15.86,
dropipro,386,Juego de Ventosa Eléctrica con Cable,,4.89,393,0.35,,Dropi PRO ES,https://dropipro.com/storage/products/386/61HOnByx8AL_2023-11-01-12-06-29._AC_SX679_.jpg,https://dropipro.com/app/products,15.86,preco_ideal_teste
dropipro,2556,Abridor de botellas retráctil multiusos,,3.49,392,0.32,,Dropi PRO ES,https://dropipro.com/storage/products/2556/ABRIDOR_1768240482.jpg,https://dropipro.com/app/products,15.84,preco_ideal_teste
dropipro,1474,Proyector portátil ultra HD,,19.99,592,0.63,,Dropi PRO ES,https://dropipro.com/storage/products/1474/PROYECTOR_2024-11-13-12-38-38.jpg,https://dropipro.com/app/products,15.84,
dropipro,2549,Basta juego de palabras versión 2.0,,4.49,391,0.44,,Dropi PRO ES,https://dropipro.com/storage/products/2549/BASTA2.0_1768233062.jpg,https://dropipro.com/app/products,15.82,preco_ideal_teste
dropipro,549,Calentador secador de zapatos portátil,,8.99,491,0.75,,Dropi PRO ES,https://dropipro.com/storage/products/549/24081_2024-02-08-12-04-20.jpg,https://dropipro.com/app/products,15.82,preco_ideal_teste
dropipro,2146,SUP Antiestrés Doble Acción 30 Comprimidos – Relajación y Energía Positiva,,3.19,389,0.24,,Dropi PRO ES,https://dropipro.com/storage/products/2146/ANTIESTRES_1766320443.jpg,https://dropipro.com/app/products,15.78,preco_ideal_teste
dropipro,1176,Body sin costuras para mujer marron S/M,,3.69,389,0.36,,Dropi PRO ES,https://dropipro.com/storage/products/1176/SINCOSTMARRON_2024-09-11-20-09-00.jpg,https://dropipro.com/app/products,15.78,preco_ideal_teste
dropipro,1378,Spray reparacion de arañazos 120ml,,1.99,388,0.32,,Dropi PRO ES,https://dropipro.com/storage/products/1378/WechatIMG1741_2024-10-09-16-15-25.jpg,https://dropipro.com/app/products,15.76,
dropipro,1804,Camiseta de compresion moldeadora M/L,,3.69,388,0.23,,Dropi PRO ES,https://dropipro.com/storage/products/1804/camiseta_1739278231.jpg,https://dropipro.com/app/products,15.76,preco_ideal_teste
dropipro,1524,Pack 2 rodillo removedor de pelo lavable,,2.89,388,0.2,,Dropi PRO ES,https://dropipro.com/storage/products/1524/RODILLO_2024-11-19-17-29-49.jpg,https://dropipro.com/app/products,15.76,preco_ideal_teste
dropipro,1597,Cinturón de maternidad para embarazo,,3.99,385,0.08,,Dropi PRO ES,https://dropipro.com/storage/products/1597/materny_1733497427.jpg,https://dropipro.com/app/products,15.7,preco_ideal_teste
dropipro,2043,Bandas nasales mejora el sueño y reduce los ronquidos 10pcs,,1.99,384,0.21,,Dropi PRO ES,https://dropipro.com/storage/products/2043/NASAL_1765304576.jpg,https://dropipro.com/app/products,15.68,
dropipro,1138,Termo frio y calor con pantalla negro,,3.99,383,0.28,,Dropi PRO ES,https://dropipro.com/storage/products/1138/TERMO_2024-09-02-22-35-15.jpg,https://dropipro.com/app/products,15.66,preco_ideal_teste
dropipro,656,Taza autoagitable de acero inoxidable,,2.49,383,0.27,,Dropi PRO ES,https://dropipro.com/storage/products/656/TAZA_2024-03-19-16-14-03.jpg,https://dropipro.com/app/products,15.66,preco_ideal_teste
dropipro,495,Cepillo electrico infantil Blanco,,2.49,383,0.1,,Dropi PRO ES,https://dropipro.com/storage/products/495/24093_2024-01-27-19-34-55.jpg,https://dropipro.com/app/products,15.66,preco_ideal_teste
dropipro,2638,Cera de grafeno para coche – protección y brillo de larga duración,,2.49,381,0.34,,Dropi PRO ES,https://dropipro.com/storage/products/2638/car_1773675015.jpg,https://dropipro.com/app/products,15.62,preco_ideal_teste
dropipro,395,Masajeador de Cuello Portátil,,3.99,381,0.32,,Dropi PRO ES,https://dropipro.com/storage/products/395/51H2sR3VzKL_2023-11-01-16-24-14._AC_SL1000_.jpg,https://dropipro.com/app/products,15.62,preco_ideal_teste
dropipro,2334,Proyector luces navidad exterior,,7.99,480,0.68,,Dropi PRO ES,https://dropipro.com/storage/products/2334/WechatIMG2356_1762861107.jpg,https://dropipro.com/app/products,15.6,preco_ideal_teste
dropipro,663,Juegos De Herramientas De Manicura,,3.49,376,0.08,,Dropi PRO ES,https://dropipro.com/storage/products/663/MANIC_2024-03-19-17-54-30.jpg,https://dropipro.com/app/products,15.52,preco_ideal_teste
dropipro,535,Mini Proyector Portátil 1080P,,16.49,575,0.45,,Dropi PRO ES,https://dropipro.com/storage/products/535/PHOTO-2024-03-22-15-30-52_2024-03-22-15-33-13.jpg,https://dropipro.com/app/products,15.5,
dropipro,1152,Pistola  alta presión profesional portátil doble bateria,,19.99,3822,2.18,,Dropi PRO ES,https://dropipro.com/storage/products/1152/PISTOLA_2024-10-04-13-26-42.jpg,https://dropipro.com/app/products,15.5,alto_stock
dropipro,2101,Funda gafas de cuero,,1.49,374,0.24,,Dropi PRO ES,https://dropipro.com/storage/products/2101/FUNDAGAFACUEROO_1765562784.jpg,https://dropipro.com/app/products,15.48,
dropipro,1079,Zapatilla exfoliante 1und azul,,4.49,374,0.42,,Dropi PRO ES,https://dropipro.com/storage/products/1079/ZAPAAZUL_2024-08-15-13-01-49.jpg,https://dropipro.com/app/products,15.48,preco_ideal_teste
dropipro,1078,Cepillo con dispensador de jabon,,2.59,372,0.15,,Dropi PRO ES,https://dropipro.com/storage/products/1078/CEPDISP_2024-08-15-12-49-36.jpg,https://dropipro.com/app/products,15.44,preco_ideal_teste
dropipro,193,Cepillo exfoliante facial (colores variados）,,2.99,371,0.13,,Dropi PRO ES,https://dropipro.com/storage/products/193/16197787096966_2023-04-26-19-15-34.png,https://dropipro.com/app/products,15.42,preco_ideal_teste
dropipro,479,Dedicatoria A MI HERMOSA HIJA,,0.39,371,0.2,,Dropi PRO ES,https://dropipro.com/storage/products/479/AMIHERMOSAHIJA_2024-01-24-11-11-33.jpg,https://dropipro.com/app/products,15.42,
dropipro,1825,Mini aire acondicionado portátil sin aspa,,7.99,470,0.62,,Dropi PRO ES,https://dropipro.com/storage/products/1825/WechatIMG2023_1739625374.jpg,https://dropipro.com/app/products,15.4,preco_ideal_teste
dropipro,1527,Juego de bloques de construcción magnetica 42pcs,,5.99,469,0.44,,Dropi PRO ES,https://dropipro.com/storage/products/1527/juego_2024-11-19-18-53-41.jpg,https://dropipro.com/app/products,15.38,preco_ideal_teste
dropipro,1449,Lámpara de escritorio 4 en 1 ( blanco negro ),,8.49,468,0.71,,Dropi PRO ES,https://dropipro.com/storage/products/1449/lampara_2024-11-06-18-14-01.jpg,https://dropipro.com/app/products,15.36,preco_ideal_teste
dropipro,141,Faja reductora moldeadora M,,3.29,367,0.17,,Dropi PRO ES,https://dropipro.com/storage/products/141/71GtfNNPPCL_2024-01-18-13-51-34._AC_SX569_.jpg,https://dropipro.com/app/products,15.34,preco_ideal_teste
dropipro,1501,Faja de terapia de frío y calor de Gel reutilizable,,4.89,367,0.94,,Dropi PRO ES,https://dropipro.com/storage/products/1501/FAJA_2024-11-04-13-00-07_2024-11-18-18-26-59.jpeg,https://dropipro.com/app/products,15.34,preco_ideal_teste
dropipro,2536,Limpiador ultrasónico portátil multifunción,,3.99,365,0.46,,Dropi PRO ES,https://dropipro.com/storage/products/2536/LIMPIE_1768219733.jpg,https://dropipro.com/app/products,15.3,preco_ideal_teste
dropipro,1531,Escritorio de aprendizaje para niños tigre,,5.59,465,0.69,,Dropi PRO ES,https://dropipro.com/storage/products/1531/escrtitig_2024-11-19-19-34-23.jpg,https://dropipro.com/app/products,15.3,preco_ideal_teste
dropipro,1003,Mini plancha de vapor,,4.89,364,0.29,,Dropi PRO ES,https://dropipro.com/storage/products/1003/WechatIMG1559_2024-07-26-19-59-13.jpg,https://dropipro.com/app/products,15.28,preco_ideal_teste
dropipro,2553,Silla plegable portátil ultraligera,,3.69,363,0.72,,Dropi PRO ES,https://dropipro.com/storage/products/2553/SILLA_1768237222.jpg,https://dropipro.com/app/products,15.26,preco_ideal_teste
dropipro,425,Anillo de manos ajustable,,1.29,363,0.15,,Dropi PRO ES,https://dropipro.com/storage/products/425/51B8X-sNOtL_2023-12-14-18-32-55._AC_SY625_.jpg,https://dropipro.com/app/products,15.26,
dropipro,371,Tabla Descongelacion,,3.95,362,0.39,,Dropi PRO ES,https://dropipro.com/storage/products/371/1696667796996_2023-10-14-20-17-12.jpg,https://dropipro.com/app/products,15.24,preco_ideal_teste
dropipro,1596,Cepillo moldeador 3 en 1,,6.99,461,0.61,,Dropi PRO ES,https://dropipro.com/storage/products/1596/CEPI_1733406146.jpg,https://dropipro.com/app/products,15.22,preco_ideal_teste
dropipro,2582,Sujetador de sábanas bajeras – 4 unidades,,1.69,360,0.3,,Dropi PRO ES,https://dropipro.com/storage/products/2582/COLCHON_1769280841.jpg,https://dropipro.com/app/products,15.2,
dropipro,2289,Detox estomacal en 15 dias,,3.99,360,0.29,,Dropi PRO ES,https://dropipro.com/storage/products/2289/DETOXESTOMACAL_1766401809.jpg,https://dropipro.com/app/products,15.2,preco_ideal_teste
dropipro,172,Gafas amplificadoras con luz,,2.95,360,0.09,,Dropi PRO ES,https://dropipro.com/storage/products/172/95915498_2023-04-05-12-26-20.jpeg,https://dropipro.com/app/products,15.2,preco_ideal_teste
dropipro,998,Sellador de alimentos al vacío,,5.95,460,0.27,,Dropi PRO ES,https://dropipro.com/storage/products/998/BOLSAVACIO_2024-07-25-19-56-07.jpg,https://dropipro.com/app/products,15.2,preco_ideal_teste
dropipro,1849,Kit limpia biberones,,4.99,359,0.57,,Dropi PRO ES,https://dropipro.com/storage/products/1849/WechatIMG2034_1740131930.jpg,https://dropipro.com/app/products,15.18,preco_ideal_teste
dropipro,2136,"SUP Suplemento Cabello, Piel y Uñas – 60 Cápsulas Fortalecedoras",,3.09,357,0.26,,Dropi PRO ES,https://dropipro.com/storage/products/2136/CABELLOYPIELYUAS_1765564560.jpg,https://dropipro.com/app/products,15.14,preco_ideal_teste
dropipro,2138,SUP Probiótico 30 Cápsulas – Salud Digestiva e Inmunidad,,3.49,354,0.23,,Dropi PRO ES,https://dropipro.com/storage/products/2138/PROBIOTICO_1765626953.jpg,https://dropipro.com/app/products,15.08,preco_ideal_teste
dropipro,1870,Rodillo de masaje corporal 6 bolas,,2.89,353,0.42,,Dropi PRO ES,https://dropipro.com/storage/products/1870/masajjeado_1741108568.jpg,https://dropipro.com/app/products,15.06,preco_ideal_teste
dropipro,1401,Timbre inteligente con lente gran angular,,6.89,452,0.12,,Dropi PRO ES,https://dropipro.com/storage/products/1401/timb_2024-10-30-17-30-53.jpg,https://dropipro.com/app/products,15.04,preco_ideal_teste
dropipro,2709,Bidé portátil para inodoro,,3.99,350,0.66,,Dropi PRO ES,https://dropipro.com/storage/products/2709/BIDE_1777484836.jpg,https://dropipro.com/app/products,15.0,preco_ideal_teste
dropipro,2538,Cepillo multifunción 3 en 1,,7.49,450,0.73,,Dropi PRO ES,https://dropipro.com/storage/products/2538/WechatIMG2508_1768495300.jpg,https://dropipro.com/app/products,15.0,preco_ideal_teste
dropipro,772,Pantalones cortos de sauna para mujer S/M,,3.29,350,0.12,,Dropi PRO ES,https://dropipro.com/storage/products/772/sauna_2024-04-08-12-47-42.jpg,https://dropipro.com/app/products,15.0,preco_ideal_teste
dropipro,2366,Mini amplificador de audifono para anciano,,3.99,349,0.22,,Dropi PRO ES,https://dropipro.com/storage/products/2366/WechatIMG2373_1763404261.jpg,https://dropipro.com/app/products,14.98,preco_ideal_teste
dropipro,501,Tienda de Campaña Infantil 155 Piezas,,6.99,449,0.9,,Dropi PRO ES,https://dropipro.com/storage/products/501/24110_2024-01-29-14-08-54.jpg,https://dropipro.com/app/products,14.98,preco_ideal_teste
dropipro,682,Masajeador de cuello enrollable con 6 bolas,,1.99,349,0.47,,Dropi PRO ES,https://dropipro.com/storage/products/682/2024-03-2218_2024-03-22-18-42-58.38.png,https://dropipro.com/app/products,14.98,
dropipro,2047,Pulsera chapada en plata con abalorios,,2.29,348,0.2,,Dropi PRO ES,https://dropipro.com/storage/products/2047/PULSERACHAPADA_1765558525.jpg,https://dropipro.com/app/products,14.96,preco_ideal_teste
dropipro,1770,Inyector de salsa para carne,,4.99,347,0.53,,Dropi PRO ES,https://dropipro.com/storage/products/1770/inyector_1738176578.jpg,https://dropipro.com/app/products,14.94,preco_ideal_teste
dropipro,1726,Collar con colgante trebol cinco hojas blanco,,1.99,347,0.21,,Dropi PRO ES,https://dropipro.com/storage/products/1726/WechatIMG1984_1737738720.jpg,https://dropipro.com/app/products,14.94,
dropipro,1037,Portabebés transpirable,,3.59,346,0.21,,Dropi PRO ES,https://dropipro.com/storage/products/1037/PORTABEBE_2024-08-04-14-54-56.jpg,https://dropipro.com/app/products,14.92,preco_ideal_teste
dropipro,1081,Bragas moldeadoras beige S/M,,3.69,346,0.35,,Dropi PRO ES,https://dropipro.com/storage/products/1081/FAJA24234BEIG_2024-08-15-13-19-13.JPG,https://dropipro.com/app/products,14.92,preco_ideal_teste
dropipro,1036,Cubo de almacenamiento para brochas,,3.89,346,0.4,,Dropi PRO ES,https://dropipro.com/storage/products/1036/BROCHA_2024-08-04-14-50-58.JPG,https://dropipro.com/app/products,14.92,preco_ideal_teste
dropipro,743,Leggings Corto Elástico Push Up negro S/M,,2.89,346,0.11,,Dropi PRO ES,https://dropipro.com/storage/products/743/NEGRO_2024-04-15-18-19-51.JPG,https://dropipro.com/app/products,14.92,preco_ideal_teste
dropipro,2309,Crema reparadora de veneno de abeja 60g,,2.39,342,0.27,,Dropi PRO ES,https://dropipro.com/storage/products/2309/ABEJA_1761999292.jpg,https://dropipro.com/app/products,14.84,preco_ideal_teste
dropipro,1113,Entrenador de ejercicios para dedos 1und,,1.49,342,0.05,,Dropi PRO ES,https://dropipro.com/storage/products/1113/DEDOS_2024-08-24-16-29-26.JPG,https://dropipro.com/app/products,14.84,
dropipro,1115,Pistola de clavos con accesorios,,8.99,440,1.46,,Dropi PRO ES,https://dropipro.com/storage/products/1115/PISTOLAC_2024-08-24-16-57-59.JPG,https://dropipro.com/app/products,14.8,preco_ideal_teste
dropipro,1842,Amplificador de sonido para mayores,,6.99,439,0.13,,Dropi PRO ES,https://dropipro.com/storage/products/1842/WechatIMG2030_1740076236.jpg,https://dropipro.com/app/products,14.78,preco_ideal_teste
dropipro,1094,Leggings con control de abdomen M/L,,3.99,338,0.39,,Dropi PRO ES,https://dropipro.com/storage/products/1094/LEGGIN_2024-08-15-18-33-58.jpg,https://dropipro.com/app/products,14.76,preco_ideal_teste
dropipro,2554,Masajeador abdominal para quemar grasa,,7.49,437,0.55,,Dropi PRO ES,https://dropipro.com/storage/products/2554/ade_1768238807.jpg,https://dropipro.com/app/products,14.74,preco_ideal_teste
dropipro,608,Colador giratorio doble capa escurridor,,3.49,337,0.31,,Dropi PRO ES,https://dropipro.com/storage/products/608/j_2024-04-26-12-40-35.jpeg,https://dropipro.com/app/products,14.74,preco_ideal_teste
dropipro,1408,Depiladora de laser IPL,,12.99,434,0.39,,Dropi PRO ES,https://dropipro.com/storage/products/1408/depirad_2024-07-25-19-50-49_2024-10-30-18-32-31.JPG,https://dropipro.com/app/products,14.68,
dropipro,1100,Cepillo para mascotas 2 en 1 rosa,,2.29,333,0.1,,Dropi PRO ES,https://dropipro.com/storage/products/1100/cepirosa_2024-08-20-12-35-55.jpg,https://dropipro.com/app/products,14.66,preco_ideal_teste
dropipro,2161,Crema para el cabello con peine para cubrir canas negro,,2.69,331,0.31,,Dropi PRO ES,https://dropipro.com/storage/products/2161/CREMADRAGON_1765634505.jpg,https://dropipro.com/app/products,14.62,preco_ideal_teste
dropipro,36,Rizador eléctrico inalámbrico,,8.57,429,0.44,,Dropi PRO ES,https://dropipro.com/storage/products/36/rizador_automatico_02-11-2022.png,https://dropipro.com/app/products,14.58,preco_ideal_teste
dropipro,470,Cierres elevadores de pendientes 2 pares plateados,,0.99,329,0.1,,Dropi PRO ES,https://dropipro.com/storage/products/470/61mA3VaIBcL_2024-01-22-17-36-00._AC_SY675_.jpg,https://dropipro.com/app/products,14.58,
dropipro,1874,Afilador cuchillos electrico 4 en 1,,2.99,325,0.24,,Dropi PRO ES,https://dropipro.com/storage/products/1874/AFIRA_1741110712.jpg,https://dropipro.com/app/products,14.5,preco_ideal_teste
dropipro,567,Masajeador de Cuello y Hombros 5D,,13.99,425,1.6,,Dropi PRO ES,https://dropipro.com/storage/products/567/71hP3R2PJqL_2024-02-09-17-35-59._AC_SL1500_.jpg,https://dropipro.com/app/products,14.5,
dropipro,335,Spray para venas y varices,,0.99,325,0.53,,Dropi PRO ES,https://dropipro.com/storage/products/335/71qi2xlAmwL_2023-09-08-18-39-59._AC_SL1500_.jpg,https://dropipro.com/app/products,14.5,
dropipro,1132,Lámpara personalizada para escribir forma redondo,,2.99,322,0.19,,Dropi PRO ES,https://dropipro.com/storage/products/1132/luzredon_2024-08-29-18-27-32.jpg,https://dropipro.com/app/products,14.44,preco_ideal_teste
dropipro,2099,Gafas con filtro de luz azul ( lentes transparentes ),,2.89,322,0.22,,Dropi PRO ES,https://dropipro.com/storage/products/2099/LENTESTRANSPARENTE_1765562069.jpg,https://dropipro.com/app/products,14.44,preco_ideal_teste
dropipro,1085,Tanga moldeadora de cadera negro S/M,,2.99,322,0.29,,Dropi PRO ES,https://dropipro.com/storage/products/1085/TANGA_2024-08-15-16-45-42.JPG,https://dropipro.com/app/products,14.44,preco_ideal_teste
dropipro,2145,SUP Gominolas Relax 60 Unidades – Sueño Reparador y Antiestrés Natural,,4.19,321,0.4,,Dropi PRO ES,https://dropipro.com/storage/products/2145/GOMIRELAX_1766320040.jpg,https://dropipro.com/app/products,14.42,preco_ideal_teste
dropipro,2042,Adhesivo de estiramiento facial 120pcs,,2.49,320,0.22,,Dropi PRO ES,https://dropipro.com/storage/products/2042/PATCH_1765304408.jpg,https://dropipro.com/app/products,14.4,preco_ideal_teste
dropipro,1824,Secadora de ropa portátil eléctrica con temporizado,,13.99,420,1.2,,Dropi PRO ES,https://dropipro.com/storage/products/1824/secadora_1739554119.jpg,https://dropipro.com/app/products,14.4,
dropipro,145,Depilador sin dolor,,1.49,320,0.27,,Dropi PRO ES,https://dropipro.com/storage/products/145/WechatIMG170_2023-02-28-15-30-33.jpeg,https://dropipro.com/app/products,14.4,
dropipro,2432,Spray para crecimiento del cabello de ginseng,,1.99,319,0.33,,Dropi PRO ES,https://dropipro.com/storage/products/2432/WechatIMG2421_1765208158.jpg,https://dropipro.com/app/products,14.38,
dropipro,680,Máquina para Hacer Helados en Rollo,,3.99,318,0.98,,Dropi PRO ES,https://dropipro.com/storage/products/680/ICE_2024-03-22-18-14-51.jpg,https://dropipro.com/app/products,14.36,preco_ideal_teste
dropipro,2335,Removedor de callos recargable,,2.99,317,0.34,,Dropi PRO ES,https://dropipro.com/storage/products/2335/WechatIMG2357_1762868462.jpg,https://dropipro.com/app/products,14.34,preco_ideal_teste
dropipro,2305,Sup Alimenticio para desintoxicacion y un sueño reparador,,3.99,315,0.32,,Dropi PRO ES,https://dropipro.com/storage/products/2305/WechatIMG2567_1771671242.jpg,https://dropipro.com/app/products,14.3,preco_ideal_teste
dropipro,1634,Espejo de tocador LED para coche con 3 modos,,4.99,315,0.52,,Dropi PRO ES,https://dropipro.com/storage/products/1634/24486_1734979471.jpg,https://dropipro.com/app/products,14.3,preco_ideal_teste
dropipro,2548,Basta juego de palabras,,5.49,414,0.6,,Dropi PRO ES,https://dropipro.com/storage/products/2548/BASTA_1768232962.jpg,https://dropipro.com/app/products,14.28,preco_ideal_teste
dropipro,1583,Pistola para pintar eléctrica inalámbrica con doble batería,,24.99,538,2.18,,Dropi PRO ES,https://dropipro.com/storage/products/1583/pistola_1732896853.jpg,https://dropipro.com/app/products,14.26,
dropipro,861,Alfombras antideslizantes gris cocina 2und,,4.69,312,1.33,,Dropi PRO ES,https://dropipro.com/storage/products/861/WechatIMG231_2024-05-31-19-26-33.jpg,https://dropipro.com/app/products,14.24,preco_ideal_teste
dropipro,1495,Juego de picador de verduras de mano 9 en 1,,7.99,412,0.87,,Dropi PRO ES,https://dropipro.com/storage/products/1495/JUEGOPICADOR_2024-11-18-17-05-22.jpg,https://dropipro.com/app/products,14.24,preco_ideal_teste
dropipro,1530,Mini escritorio de aprendizaje para niños pato-amarillo,,4.79,310,0.44,,Dropi PRO ES,https://dropipro.com/storage/products/1530/escrpato_2024-11-19-19-16-08.jpg,https://dropipro.com/app/products,14.2,preco_ideal_teste
dropipro,2025,Ventilador de cuello portátil,,3.99,308,0.49,,Dropi PRO ES,https://dropipro.com/storage/products/2025/51UpWPpBcpL._AC_UF350350_QL50__1778085792.jpg,https://dropipro.com/app/products,14.16,preco_ideal_teste
dropipro,1491,Estanteria extensible para microondas,,7.49,408,1.19,,Dropi PRO ES,https://dropipro.com/storage/products/1491/estante_2024-11-18-16-42-45.jpg,https://dropipro.com/app/products,14.16,preco_ideal_teste
dropipro,2579,Juego de ollas antiadherentes (5 piezas),,12.99,432,4.9,,Dropi PRO ES,https://dropipro.com/storage/products/2579/salten_1769279846.jpg,https://dropipro.com/app/products,14.14,
dropipro,942,Fregona giratoria con separacion de agua limpia y residuales,,10.99,406,1.76,,Dropi PRO ES,https://dropipro.com/storage/products/942/AAA_2024-07-13-15-43-59.JPG,https://dropipro.com/app/products,14.12,preco_ideal_teste
dropipro,1877,Luces LED de espejo 14 modulos,,4.49,305,0.37,,Dropi PRO ES,https://dropipro.com/storage/products/1877/LUCES_1741111839.jpg,https://dropipro.com/app/products,14.1,preco_ideal_teste
dropipro,1458,Lavadora portátil plegable,,11.99,402,1.1,,Dropi PRO ES,https://dropipro.com/storage/products/1458/lavad_2024-11-07-15-22-18.jpg,https://dropipro.com/app/products,14.04,preco_ideal_teste
dropipro,2581,Organizador de almacenamiento bajo escritorio,,3.29,300,0.54,,Dropi PRO ES,https://dropipro.com/storage/products/2581/cajon_1769280152.jpg,https://dropipro.com/app/products,14.0,preco_ideal_teste
dropipro,2475,Tira LED efecto fuegos artificiales,,3.99,300,0.32,,Dropi PRO ES,https://dropipro.com/storage/products/2475/LED_1765909391.jpg,https://dropipro.com/app/products,14.0,preco_ideal_teste
dropipro,2054,Juego de destornilladores aislados de 10 piezas,,5.49,400,0.53,,Dropi PRO ES,https://dropipro.com/storage/products/2054/DESTORNI_1750438120.jpg,https://dropipro.com/app/products,14.0,preco_ideal_teste
ecomhub,40b78eab-d436-47ec-9a99-8f192c708e17,Garrafa de água,botellaoso_15338,4.58,400,0.001,1.5,ES / FR 2,https://api.ecomhub.app/public/products/featuredImage-1733334742534-74806a88.jpeg,https://app.ecomhub.app,14.0,preco_ideal_teste
ecomhub,addd6c32-4718-417a-828f-43c8c26d2976,Conjunto de utensílios de cozinha de silicone 12 peças,10289,8.7,400,0.001,1.5,ES / FR 2,https://api.ecomhub.app/public/products/featuredImage-1733486728326-c9581025.jpg,https://app.ecomhub.app,14.0,preco_ideal_teste
ecomhub,1ec5fc9b-b62a-4b86-aacf-4b084bb26265,Shampoo SADOER com Óleo de Batana 400ml,batanabig,6.0,400,0.9,1.5,ES / FR 2,https://api.ecomhub.app/public/products/featuredImage-1765971763509-e84c8961.png,https://app.ecomhub.app,14.0,preco_ideal_teste
ecomhub,d57a62a4-42b1-49a8-9482-1fc88e4a67ae,Combo de 2 unidades dos Tapetes de Carro Universais,tapeteuniversala,10.2,400,0.9,1.5,ES / FR 2,https://api.ecomhub.app/public/products/featuredImage-1753874363930-392a0f9c.jpg,https://app.ecomhub.app,14.0,preco_ideal_teste
ecomhub,cb4f46eb-2395-4185-84f6-8a2dfb94ceb4,Sprays para promover o crescimento capilar e melhorar a saúde do couro cabeludo,prorevitaeelhoe,4.2,400,0.9,1.5,ES / FR 2,https://api.ecomhub.app/public/products/featuredImage-1750873511518-2e7568b1.jpg,https://app.ecomhub.app,14.0,preco_ideal_teste
ecomhub,94b3ddbd-fb33-428a-b05d-44b09350780f,Máscara Bluetooth para Dormir,antifazblue_13844,4.84,400,0.001,1.5,ES / FR 2,https://api.ecomhub.app/public/products/featuredImage-1734036171017-8b952c4b.jpg,https://app.ecomhub.app,14.0,preco_ideal_teste
ecomhub,740da34b-f654-46d8-be9f-f320148e1589,Máscara Facial de Rosa Damascena,mascarillarosas_46004,2.53,300,0.001,1.5,ES / FR 2,https://api.ecomhub.app/public/products/featuredImage-1733694158726-d7e61967.JPG,https://app.ecomhub.app,14.0,preco_ideal_teste
ecomhub,f6762e14-1c17-4f23-be06-290193f04faa,Luzes LED com Controle Remoto - Conjunto de 3 Unidades,led3set_14740,4.43,400,0.001,1.5,ES / FR 2,https://api.ecomhub.app/public/products/featuredImage-1733484779095-1e67dd95.jpeg,https://app.ecomhub.app,14.0,preco_ideal_teste
ecomhub,3274e8cb-8c8e-4f03-b5fa-7bedc2c8b8c3,Lanterna portátil - 400 mAh - visor LED - zoom telescópico,linterna_gl70081,2.9,300,0.9,1.5,ES / FR 2,https://api.ecomhub.app/public/products/featuredImage-1776437815216-f21e3463.png,https://app.ecomhub.app,14.0,preco_ideal_teste
ecomhub,7270fed1-3ba5-4067-90d2-a611feb749a1,Depilador de Sobrancelhas Finishing Touch Flawless,depicejas_13330,2.4,300,0.9,1.5,ES / FR 2,https://api.ecomhub.app/public/products/featuredImage-1746018924978-9c294c18.jpeg,https://app.ecomhub.app,14.0,preco_ideal_teste
ecomhub,16940467-d972-4b4b-8d61-b5431df85f4a,Afeitadora Surker Ouro,afeitaoro_14459,6.62,400,0.001,1.5,ES / FR 2,https://api.ecomhub.app/public/products/featuredImage-1733497062023-afe1bdc7.jpg,https://app.ecomhub.app,14.0,preco_ideal_teste
ecomhub,04011daa-d7ad-41b4-a1b0-cdcc779c1ca5,Creme firmador para o contorno dos olhos,tensor_16131,3.7,400,0.9,1.5,ES / FR 2,https://api.ecomhub.app/public/products/featuredImage-1776045116292-6e17ce8d.png,https://app.ecomhub.app,14.0,preco_ideal_teste
ecomhub,bd7759bd-fc76-4ac4-86a9-e3ac0e410f49,Dispositivo de Streaming Full HD,display_gl69611,8.7,400,0.001,1.5,ES / FR 2,https://api.ecomhub.app/public/products/featuredImage-1737128007449-c4ad2962.png,https://app.ecomhub.app,14.0,preco_ideal_teste
ecomhub,38e03aa2-0d71-41f2-8523-37a246b3bf54,Máscara Facial com Carvão de Bambu,mascarilla_46953,2.53,300,0.001,1.5,ES / FR 2,https://api.ecomhub.app/public/products/featuredImage-1733693648950-64f5c1e3.JPG,https://app.ecomhub.app,14.0,preco_ideal_teste
ecomhub,38e71d24-f06e-40ed-abf1-fa6d4b96da59,Boneca Princess Aerocraft,munecprinc_14827,4.38,400,0.001,1.5,ES / FR 2,https://api.ecomhub.app/public/products/featuredImage-1733752781565-5b8c4ac5.jpeg,https://app.ecomhub.app,14.0,preco_ideal_teste
ecomhub,31e25734-048a-423a-ac47-a2a61f50fa59,Protetor Bucal Antirroncos,protebucal_15704,7.2,400,0.001,1.5,ES / FR 2,https://api.ecomhub.app/public/products/featuredImage-1733314767347-2667671c.jpeg,https://app.ecomhub.app,14.0,preco_ideal_teste
ecomhub,c81c2f2c-9c09-404e-92ab-35e073896998,Máscara Facial com Vitamina C,mascarilla_46855,2.53,300,0.001,1.5,ES / FR 2,https://api.ecomhub.app/public/products/featuredImage-1747229405642-e7733510.jpeg,https://app.ecomhub.app,14.0,preco_ideal_teste
ecomhub,53b8ef83-a2d7-4a20-bb29-837d38e7270d,Combo de Três unidades da Mini pistola de massagem,pistolamasaje_14101,38.22,500,0.001,1.5,ES / FR 2,https://api.ecomhub.app/public/products/featuredImage-1751975451837-f9c4d382.png,https://app.ecomhub.app,14.0,
ecomhub,fc7dbe82-730b-43ba-828e-6a561b473bfb,Body Fitness,bodyfit_13897,5.6,400,0.001,1.5,ES / FR 2,https://api.ecomhub.app/public/products/featuredImage-1746724737588-ba208734.jpeg,https://app.ecomhub.app,14.0,preco_ideal_teste
ecomhub,227f91ba-81b8-40dc-ad81-b6881ae2d27b,Tenis Fast Pro Branco,EMFastproblanco40,10.0,400,0.001,1.5,Espanha 1,https://api.ecomhub.app/public/products/featuredImage-1718710147620-a62f62dc.jpg,https://app.ecomhub.app,14.0,preco_ideal_teste
ecomhub,972b1406-b08b-48c7-92e7-b1ae48bffd41,Leitor de cartão multifuncional,multifun_gl69385,2.75,300,0.9,1.5,ES / FR 2,https://api.ecomhub.app/public/products/featuredImage-1765975682497-d1a0b976.png,https://app.ecomhub.app,14.0,preco_ideal_teste
ecomhub,28ed2eea-448f-45d9-babd-6709eb4a2779,Cortador verduras 8in1,corta8en1_14571,7.13,400,0.001,1.5,ES / FR 2,https://api.ecomhub.app/public/products/featuredImage-1733502941196-c684e461.jpeg,https://app.ecomhub.app,14.0,preco_ideal_teste
ecomhub,d4b114fc-d2dc-4e39-a072-3f24796817b4,SADOER Creme de Olhos Vitamina C 20g,sadoervitamc20g,2.55,300,0.9,1.5,ES / FR 2,https://api.ecomhub.app/public/products/featuredImage-1748655994909-5e5556d2.png,https://app.ecomhub.app,14.0,preco_ideal_teste
ecomhub,263c454f-2b73-4954-aafb-883ec3ceb35e,Batom Matte 12,12pintamate_h1016,7.64,400,0.001,1.5,ES / FR 2,https://api.ecomhub.app/public/products/featuredImage-1733504222854-693acac9.jpeg,https://app.ecomhub.app,14.0,preco_ideal_teste
ecomhub,56bd4cf4-3cef-44eb-b873-4ef79472d350,Motosserra elétrica MX-60006A,sierra_8266138,18.7,500,0.9,1.5,ES / FR 2,https://api.ecomhub.app/public/products/featuredImage-1776044935735-498e53aa.png,https://app.ecomhub.app,14.0,
ecomhub,b62e35be-c225-492a-8b05-9b22b06aa23b,Máscara Facial Hidratante de Romã,mascarilla_46956,2.53,300,0.001,1.5,ES / FR 2,https://api.ecomhub.app/public/products/featuredImage-1733694326006-b69888e3.jpg,https://app.ecomhub.app,14.0,preco_ideal_teste
ecomhub,13f1baf7-5bac-44e6-bfca-0ab05b54be10,Depiladora por fricção de cristal,depicristal_14706,2.49,300,0.001,1.5,ES / FR 2,https://api.ecomhub.app/public/products/featuredImage-1733487598159-4808d52f.jpeg,https://app.ecomhub.app,14.0,preco_ideal_teste
ecomhub,ac6491ad-ed54-42de-aa18-622eb1a1967f,Combo do Creme Facial Antisinais e Massageador Facial,masajeled_15477,12.2,400,0.001,1.5,ES / FR 2,https://api.ecomhub.app/public/products/featuredImage-1751975304441-352f95c6.jpeg,https://app.ecomhub.app,14.0,
ecomhub,ec4b4b24-859e-4689-97da-3bbb7fc3d216,Body  Emagrecedor,bodyslimbeige15192_l,5.09,400,0.001,1.5,ES / FR 2,https://api.ecomhub.app/public/products/featuredImage-1749301487142-58d86efe.png,https://app.ecomhub.app,14.0,preco_ideal_teste
ecomhub,ab2b5481-59da-4a27-a50e-b1b55dc91139,Aquecedor Elétrico Portátil Plugável 1000W 110-220V com Controle Remoto - Calor Instantâneo e Seguro,flame_15627,10.7,400,0.9,1.5,ES / FR 2,https://api.ecomhub.app/public/products/featuredImage-1759509142593-5afa8cdc.png,https://app.ecomhub.app,14.0,
ecomhub,fa46b788-abeb-4bc6-8b0b-38a23989bf9f,Máscara Facial de Carvão,mascarilla_46005,2.53,300,0.001,1.5,ES / FR 2,https://api.ecomhub.app/public/products/featuredImage-1733693771390-cf7f5810.JPG,https://app.ecomhub.app,14.0,preco_ideal_teste
ecomhub,1049ac28-6067-40b7-ad6f-5b4c0d50a795,Liquidificador portátil de 380ml compacto e recarregável,batidora_13443,8.1,400,0.9,1.5,ES / FR 2,https://api.ecomhub.app/public/products/featuredImage-1769607927620-f42c298b.png,https://app.ecomhub.app,14.0,preco_ideal_teste
ecomhub,12a3cd62-937f-4e1d-94c8-8c4817652800,Creme Exfoliante com 3 porcento de Niacinamida,crema_se003,2.33,300,0.001,1.5,ES / FR 2,https://api.ecomhub.app/public/products/featuredImage-1733693273511-e8789592.JPG,https://app.ecomhub.app,14.0,preco_ideal_teste
ecomhub,d3041b7f-ea4b-49e5-85d4-543159b9f521,Máscara Facial com Aloé Vera,mascarilla_46002,2.53,300,0.001,1.5,ES / FR 2,https://api.ecomhub.app/public/products/featuredImage-1733693861519-0976440b.JPG,https://app.ecomhub.app,14.0,preco_ideal_teste
ecomhub,d5741156-d911-4602-acad-76d1dbc5d45e,Combo de Colar 7 VC  CAIXA e Body  Emagrecedor Bege L,bodyslimbeige15192_l,9.67,400,0.001,1.5,ES / FR 2,https://api.ecomhub.app/public/products/featuredImage-1751645837406-7ab4dc00.jpg,https://app.ecomhub.app,14.0,preco_ideal_teste
ecomhub,250ba6b3-a101-45a6-bdbe-336e9dc209a8,Máscara Facial Ácido Hialurônico PACK 4 unidades,mask-4uds_46954,7.63,400,0.001,1.5,ES / FR 2,https://api.ecomhub.app/public/products/featuredImage-1733402415544-ebde94dd.jpeg,https://app.ecomhub.app,14.0,preco_ideal_teste
ecomhub,86958aa8-b724-498f-891d-01967225a57f,Pulso Microelétrico para Abdómen,pulsabdomin_15368,5.6,400,0.001,1.5,ES / FR 2,https://api.ecomhub.app/public/products/featuredImage-1732882339062-70703aa1.jpg,https://app.ecomhub.app,14.0,preco_ideal_teste
dropipro,2053,Afilado profesional 6 en 1 con mango antideslizante,,4.89,299,0.45,,Dropi PRO ES,https://dropipro.com/storage/products/2053/ALISADOR_1765560115.jpg,https://dropipro.com/app/products,13.98,preco_ideal_teste
dropipro,1172,Body mujer sin manga con escote cuadrado beige S/M,,3.89,298,0.3,,Dropi PRO ES,https://dropipro.com/storage/products/1172/bodybeigemujer_2024-09-11-19-47-35.jpg,https://dropipro.com/app/products,13.96,preco_ideal_teste
dropipro,1845,Pato bailarín hablador,,10.99,397,0.54,,Dropi PRO ES,https://dropipro.com/storage/products/1845/PATO_1740129810.jpg,https://dropipro.com/app/products,13.94,preco_ideal_teste
dropipro,1181,Leggings Corto Elástico Push Up marron S/M,,2.89,297,0.11,,Dropi PRO ES,https://dropipro.com/storage/products/1181/WechatIMG1637_2024-09-12-17-45-19.jpg,https://dropipro.com/app/products,13.94,preco_ideal_teste
dropipro,2481,1 par de fundas de gel hidratantes para codos y rodillas,,2.49,296,0.35,,Dropi PRO ES,https://dropipro.com/storage/products/2481/WechatIMG2463_1765917864.jpg,https://dropipro.com/app/products,13.92,preco_ideal_teste
dropipro,2012,Vendaje de compresión para hombres y mujeres,,3.89,296,0.36,,Dropi PRO ES,https://dropipro.com/storage/products/2012/VENDAJE_1765302896.jpg,https://dropipro.com/app/products,13.92,preco_ideal_teste
dropipro,1459,Pack 10 ventosas de silicona para móviles,,1.99,296,0.0,,Dropi PRO ES,https://dropipro.com/storage/products/1459/VENT_2024-11-07-16-31-44.jpg,https://dropipro.com/app/products,13.92,
dropipro,1727,Collar con colgante trebol cinco hojas negro,,1.99,296,0.21,,Dropi PRO ES,https://dropipro.com/storage/products/1727/WechatIMG1985_1737738776.jpg,https://dropipro.com/app/products,13.92,
dropipro,995,Lámpara LED portátil de agua salada,,6.49,395,0.0,,Dropi PRO ES,https://dropipro.com/storage/products/995/SALADA_2024-07-25-19-21-43.jpg,https://dropipro.com/app/products,13.9,preco_ideal_teste
dropipro,534,Sofá Inflable PVC alta calidad,,9.99,395,1.34,,Dropi PRO ES,https://dropipro.com/storage/products/534/61gu3i1xayL_2024-02-07-13-46-24._AC_SL1500_.jpg,https://dropipro.com/app/products,13.9,preco_ideal_teste
dropipro,1543,Proyector de galaxia con diseño de huevo dinosaurio,,9.99,394,0.48,,Dropi PRO ES,https://dropipro.com/storage/products/1543/PROYECT_2024-11-21-18-46-39.jpg,https://dropipro.com/app/products,13.88,preco_ideal_teste
dropipro,1435,Cadena de Luces LED calida,,5.99,394,0.0,,Dropi PRO ES,https://dropipro.com/storage/products/1435/luz_2024-11-06-13-06-49.jpg,https://dropipro.com/app/products,13.88,preco_ideal_teste
dropipro,2703,Batido detox con fibra natural que ayuda a acelerar el metabolismo y apoyar la pérdida de peso en solo 10 días,,5.99,393,0.6,,Dropi PRO ES,https://dropipro.com/storage/products/2703/DETOX_1777472162.jpg,https://dropipro.com/app/products,13.86,preco_ideal_teste
dropipro,490,Esterilizador UV para inodoro,,2.99,293,0.35,,Dropi PRO ES,https://dropipro.com/storage/products/490/24088_2024-01-27-18-40-02.jpg,https://dropipro.com/app/products,13.86,preco_ideal_teste
dropipro,167,Blanqueador dental UV,,2.49,293,0.22,,Dropi PRO ES,https://dropipro.com/storage/products/167/8434921026085_1_2024-01-18-13-31-19.jpg,https://dropipro.com/app/products,13.86,preco_ideal_teste
dropipro,2702,Aspirador inalámbrico de 120W,,10.49,392,1.02,,Dropi PRO ES,https://dropipro.com/storage/products/2702/ASPI_1777471780.jpg,https://dropipro.com/app/products,13.84,preco_ideal_teste
dropipro,1507,Gafas de sol magnéticas ópticas polarizadas 5 en 1,,5.49,391,0.11,,Dropi PRO ES,https://dropipro.com/storage/products/1507/GAF_2024-11-05-06-47-21_2024-11-19-11-48-26.jpeg,https://dropipro.com/app/products,13.82,preco_ideal_teste
dropipro,1779,Almohadilla de gel frío y calor para dedos,,3.99,291,0.25,,Dropi PRO ES,https://dropipro.com/storage/products/1779/TERAPIA_1738237542.jpg,https://dropipro.com/app/products,13.82,preco_ideal_teste
dropipro,133,Mini lámpara LED para uñas portátil,,0.99,291,0.1,,Dropi PRO ES,https://dropipro.com/storage/products/133/lamapara_led_unas_2023-01-26-14-16-21.png,https://dropipro.com/app/products,13.82,
dropipro,420,Pulsera trebol de cuatro hojas oro rosado,,1.99,291,0.15,,Dropi PRO ES,https://dropipro.com/storage/products/420/25012_2023-12-14-17-32-08.jpg,https://dropipro.com/app/products,13.82,
dropipro,334,Jabón quemador de grasa Esencial Natural,,1.49,290,0.92,,Dropi PRO ES,https://dropipro.com/storage/products/334/_20230908183126_2023-09-08-18-33-48.jpg,https://dropipro.com/app/products,13.8,
dropipro,1157,Calcetines hidratantes de silicona,,1.99,289,0.0,,Dropi PRO ES,https://dropipro.com/storage/products/1157/CALCETINEHID_2024-09-09-15-27-25.jpg,https://dropipro.com/app/products,13.78,
dropipro,1074,Juego de ducha de lavabo,,4.95,288,0.35,,Dropi PRO ES,https://dropipro.com/storage/products/1074/DUCHA_2024-08-14-19-56-21.jpg,https://dropipro.com/app/products,13.76,preco_ideal_teste
dropipro,1892,Set vajilla de silicona para bebe rosa,,6.49,387,0.91,,Dropi PRO ES,https://dropipro.com/storage/products/1892/JUEGO_1741865572.JPG,https://dropipro.com/app/products,13.74,preco_ideal_teste
dropipro,1438,Limpiador de oídos electrico,,1.99,287,0.28,,Dropi PRO ES,https://dropipro.com/storage/products/1438/OIDO_2024-11-05-06-16-50_2024-11-06-13-31-56.JPG,https://dropipro.com/app/products,13.74,
dropipro,505,Antifaz Bluetooth con Altavoces Integrados,,3.29,284,0.09,,Dropi PRO ES,https://dropipro.com/storage/products/505/24084_2024-01-29-17-11-56.jpg,https://dropipro.com/app/products,13.68,preco_ideal_teste
dropipro,177,Inductive Truck,,4.49,282,0.32,,Dropi PRO ES,https://dropipro.com/storage/products/177/Cami-n-inductivo-m-gico-coche-de-juguete-m-gico-sigue-cualquier-l-nea-dibujada-para_2023-04-05-20-22-24.jpg,https://dropipro.com/app/products,13.64,preco_ideal_teste
dropipro,1909,Rodillo masajeador de pies ( tres colores ),,3.99,281,0.58,,Dropi PRO ES,https://dropipro.com/storage/products/1909/RODILLO-24303_1764700799.jpg,https://dropipro.com/app/products,13.62,preco_ideal_teste
dropipro,1035,Cortador de bordes de césped,,5.69,379,0.38,,Dropi PRO ES,https://dropipro.com/storage/products/1035/CESPED_2024-08-01-20-44-48.jpg,https://dropipro.com/app/products,13.58,preco_ideal_teste
dropipro,1496,Botella de agua portátil de silicona,,2.89,278,0.17,,Dropi PRO ES,https://dropipro.com/storage/products/1496/WechatIMG1810_2024-11-18-17-14-16.jpg,https://dropipro.com/app/products,13.56,preco_ideal_teste
dropipro,1493,Tendedero retráctil plegable pared,,4.49,276,0.44,,Dropi PRO ES,https://dropipro.com/storage/products/1493/TENDERR_2024-11-18-16-53-24.jpg,https://dropipro.com/app/products,13.52,preco_ideal_teste
dropipro,1529,Juguetes educativos de aprendizaje para niños,,6.89,376,1.02,,Dropi PRO ES,https://dropipro.com/storage/products/1529/JUEGOMADERA_2024-11-19-19-09-14.jpg,https://dropipro.com/app/products,13.52,preco_ideal_teste
dropipro,1509,Sistema de adelgazamiento Tummy Tuck,,5.89,376,0.53,,Dropi PRO ES,https://dropipro.com/storage/products/1509/ADELG_2024-11-19-12-25-28.JPG,https://dropipro.com/app/products,13.52,preco_ideal_teste
dropipro,82,Calefactor chimenea con mando 1000 Watts,,7.95,375,0.67,,Dropi PRO ES,https://dropipro.com/storage/products/82/61J9NHNZZ9L_2024-01-18-16-58-37._AC_SL1000_.jpg,https://dropipro.com/app/products,13.5,preco_ideal_teste
dropipro,459,Manta Luminosa en la Oscuridad Color Gris 120cm x150cm,,4.45,275,0.56,,Dropi PRO ES,https://dropipro.com/storage/products/459/8178o3UYtLL_2023-12-23-16-52-20._AC_SL1500_.jpg,https://dropipro.com/app/products,13.5,preco_ideal_teste
dropipro,1528,Juego de tapete Musical 2 En 1,,8.49,375,0.47,,Dropi PRO ES,https://dropipro.com/storage/products/1528/TAPETE_2024-11-19-19-02-50.jpg,https://dropipro.com/app/products,13.5,preco_ideal_teste
dropipro,521,Cepillo Masajeador de baño exfoliante,,2.55,274,0.05,,Dropi PRO ES,https://dropipro.com/storage/products/521/71srwnuegmL_2024-01-30-17-46-26._AC_SL1500_.jpg,https://dropipro.com/app/products,13.48,preco_ideal_teste
dropipro,1878,Taza de café agitadora de 400 ml,,4.49,274,0.55,,Dropi PRO ES,https://dropipro.com/storage/products/1878/TAZA_1741112009.jpg,https://dropipro.com/app/products,13.48,preco_ideal_teste
dropipro,1448,Tira de led para espejo,,4.69,273,0.17,,Dropi PRO ES,https://dropipro.com/storage/products/1448/LED_2024-11-06-17-35-06.jpg,https://dropipro.com/app/products,13.46,preco_ideal_teste
dropipro,1777,Zapatero de plástico multifuncional 4 nivel,,6.49,373,0.75,,Dropi PRO ES,https://dropipro.com/storage/products/1777/ZAPATE_1738234790.jpg,https://dropipro.com/app/products,13.46,preco_ideal_teste
dropipro,548,Trituradora de alimentos,,2.49,273,0.21,,Dropi PRO ES,https://dropipro.com/storage/products/548/71nJirJsCL_2024-02-08-11-49-17._AC_SL1500_.jpg,https://dropipro.com/app/products,13.46,preco_ideal_teste
dropipro,134,Rodilleras para las articulaciones (2 uds),,5.99,373,0.65,,Dropi PRO ES,https://dropipro.com/storage/products/134/rodilleras_2023-01-26-14-21-34.png,https://dropipro.com/app/products,13.46,preco_ideal_teste
dropipro,2369,Altavoz Bluetooth magnético multifuncional,,3.99,271,0.28,,Dropi PRO ES,https://dropipro.com/storage/products/2369/ALTAVOZ_1763405328.jpg,https://dropipro.com/app/products,13.42,preco_ideal_teste
dropipro,1041,Gorros de ducha de dibujos animados para bebé,,1.89,271,0.02,,Dropi PRO ES,https://dropipro.com/storage/products/1041/CORRO_2024-08-04-18-00-16.JPG,https://dropipro.com/app/products,13.42,
dropipro,1863,Pack 30 parche bucales antirronquidos,,1.49,270,0.1,,Dropi PRO ES,https://dropipro.com/storage/products/1863/CINTA_1740680076.jpg,https://dropipro.com/app/products,13.4,
dropipro,1402,Hervidor de Agua Portátil 600ML,,5.49,369,0.8,,Dropi PRO ES,https://dropipro.com/storage/products/1402/HERVI_2024-10-30-17-34-55.jpg,https://dropipro.com/app/products,13.38,preco_ideal_teste
dropipro,518,Limpiador Dental Sonic Pic con luz LED,,2.49,269,0.05,,Dropi PRO ES,https://dropipro.com/storage/products/518/24078_2024-01-30-14-59-38.jpg,https://dropipro.com/app/products,13.38,preco_ideal_teste
dropipro,2394,Rodillo de quitapelusa lavable,,1.99,268,0.35,,Dropi PRO ES,https://dropipro.com/storage/products/2394/RODILLO_1763818770.jpg,https://dropipro.com/app/products,13.36,
dropipro,685,Secadora de zapatos eléctricos,,4.95,268,0.22,,Dropi PRO ES,https://dropipro.com/storage/products/685/ZAP_2024-03-22-19-09-38.jpg,https://dropipro.com/app/products,13.36,preco_ideal_teste
dropipro,22,Batidora Licuadora Portable Azul,,3.99,268,0.54,,Dropi PRO ES,https://dropipro.com/storage/products/22/mini-licuadora-azul-portatil-usb-380ml-batidora-de-vaso-individual_2023-06-12-13-11-09.jpg,https://dropipro.com/app/products,13.36,preco_ideal_teste
dropipro,1513,Masajeador multifuncion de brazos y cervicales,,6.99,368,0.59,,Dropi PRO ES,https://dropipro.com/storage/products/1513/MASAJEADORM_2024-11-19-12-55-48.jpg,https://dropipro.com/app/products,13.36,preco_ideal_teste
dropipro,550,Revoflex Xtreme,,8.89,366,1.11,,Dropi PRO ES,https://dropipro.com/storage/products/550/81jeZhnMPyL_2024-02-08-12-11-54._AC_SL1500_.jpg,https://dropipro.com/app/products,13.32,preco_ideal_teste
dropipro,665,Caja organizadora de plástico,,3.99,290,3.11,,Dropi PRO ES,https://dropipro.com/storage/products/665/605641059_max_2024-03-20-12-43-47.JPG,https://dropipro.com/app/products,13.3,preco_ideal_teste
dropipro,2014,Ventilador de mesa portátil blanco con luz RGB,,5.89,363,0.66,,Dropi PRO ES,https://dropipro.com/storage/products/2014/VENTILADOR_1747675188.jpg,https://dropipro.com/app/products,13.26,preco_ideal_teste
dropipro,1124,Alfombra exfoliante con esponja gris,,3.49,262,0.0,,Dropi PRO ES,https://dropipro.com/storage/products/1124/ALFGRIS_2024-08-28-19-58-00.jpg,https://dropipro.com/app/products,13.24,preco_ideal_teste
dropipro,394,Cortador de Verduras Eléctrico 4 en 1,,4.95,262,0.7,,Dropi PRO ES,https://dropipro.com/storage/products/394/61bpDRTyeL_2023-11-01-14-06-35._AC_SL1000_.jpg,https://dropipro.com/app/products,13.24,preco_ideal_teste
dropipro,1498,Masajeador para cuello con 6 puntos activación para simular dedos,,5.49,360,0.39,,Dropi PRO ES,https://dropipro.com/storage/products/1498/MASAJEADOR_2024-11-18-17-31-32.jpg,https://dropipro.com/app/products,13.2,preco_ideal_teste
dropipro,1077,Malla magnetica antimosquitos para ventana,,2.79,259,0.31,,Dropi PRO ES,https://dropipro.com/storage/products/1077/cortina_2024-08-15-12-35-20.jpg,https://dropipro.com/app/products,13.18,preco_ideal_teste
dropipro,100,Pistola de masaje grande con maletín + cabezales,,16.49,458,1.62,,Dropi PRO ES,https://dropipro.com/storage/products/100/Pistolaheikel_28-11-2022.jpg,https://dropipro.com/app/products,13.16,
dropipro,1769,Taza para hacer granizado de silicona,,5.99,357,0.54,,Dropi PRO ES,https://dropipro.com/storage/products/1769/TAZA_1738176308.jpg,https://dropipro.com/app/products,13.14,preco_ideal_teste
dropipro,1767,Mochila portabebes 3 en 1,,3.99,256,0.25,,Dropi PRO ES,https://dropipro.com/storage/products/1767/PORTABEBE_1738175485.jpg,https://dropipro.com/app/products,13.12,preco_ideal_teste
dropipro,2708,Pelador automático de frutas y verduras,,9.49,355,1.03,,Dropi PRO ES,https://dropipro.com/storage/products/2708/PELADOR_1777484459.jpg,https://dropipro.com/app/products,13.1,preco_ideal_teste
dropipro,514,Filtro purificador de agua Shower Booster,,2.95,252,0.21,,Dropi PRO ES,https://dropipro.com/storage/products/514/24090_2024-01-29-18-42-10.jpg,https://dropipro.com/app/products,13.04,preco_ideal_teste
dropipro,1042,Almohadilla anticaida para bebe azul,,5.89,352,0.29,,Dropi PRO ES,https://dropipro.com/storage/products/1042/BEBEAZUL_2024-08-04-18-05-34.JPG,https://dropipro.com/app/products,13.04,preco_ideal_teste
dropipro,2450,Perro robot inteligente con mando a distancia,,4.99,251,0.44,,Dropi PRO ES,https://dropipro.com/storage/products/2450/WechatIMG2442_1765887005.jpg,https://dropipro.com/app/products,13.02,preco_ideal_teste
dropipro,1484,Sartén antiadherente de doble cara,,5.69,349,0.76,,Dropi PRO ES,https://dropipro.com/storage/products/1484/sarten_2024-11-15-17-12-07.jpg,https://dropipro.com/app/products,12.98,preco_ideal_teste
dropipro,1893,Trituradora de hielo multifuncional,,7.49,349,0.87,,Dropi PRO ES,https://dropipro.com/storage/products/1893/tritu_1741865853.jpg,https://dropipro.com/app/products,12.98,preco_ideal_teste
dropipro,996,Recortadora de puntas para mujer,,9.95,348,0.6,,Dropi PRO ES,https://dropipro.com/storage/products/996/RECOR_2024-07-25-19-28-59.jpg,https://dropipro.com/app/products,12.96,preco_ideal_teste
dropipro,1109,Mini linterna 3 led con iman,,3.99,246,0.15,,Dropi PRO ES,https://dropipro.com/storage/products/1109/MINILIN_2024-08-24-15-59-28.JPG,https://dropipro.com/app/products,12.92,preco_ideal_teste
dropipro,672,Cabezal de ducha alta presión acero,,1.49,245,0.16,,Dropi PRO ES,https://dropipro.com/storage/products/672/22135_2024-03-21-18-41-24.jpg,https://dropipro.com/app/products,12.9,
dropipro,681,Espejo portátil led blanco powerbank con calentador,,5.99,344,0.23,,Dropi PRO ES,https://dropipro.com/storage/products/681/PHOTO-2024-03-22-18-27-13_2024-03-22-18-37-38.jpg,https://dropipro.com/app/products,12.88,preco_ideal_teste
dropipro,1407,Masajeador de celulitis,,9.49,343,0.65,,Dropi PRO ES,https://dropipro.com/storage/products/1407/masajeador_2024-10-30-18-25-28.jpg,https://dropipro.com/app/products,12.86,preco_ideal_teste
dropipro,2552,Juego educativo de granja en fieltro para niños,,6.99,342,0.6,,Dropi PRO ES,https://dropipro.com/storage/products/2552/FIELT_1768236680.jpg,https://dropipro.com/app/products,12.84,preco_ideal_teste
dropipro,2026,Sujetador deportiva sin costuras beige S/M,,1.99,242,0.24,,Dropi PRO ES,https://dropipro.com/storage/products/2026/61AUsIZfymL._AC_SX679__1775648647.jpg,https://dropipro.com/app/products,12.84,
dropipro,962,Tapón de botella de vino al vacío,,1.89,242,0.06,,Dropi PRO ES,https://dropipro.com/storage/products/962/TAPON_2024-07-19-13-03-14.jpg,https://dropipro.com/app/products,12.84,
dropipro,973,Rubor de gelatina pack de 4 uds,,3.95,242,0.0,,Dropi PRO ES,https://dropipro.com/storage/products/973/COLORETE_2024-07-19-19-29-45.jpg,https://dropipro.com/app/products,12.84,preco_ideal_teste
dropipro,2599,Limpiador de espuma para tuberías (botes similares),,3.69,240,0.6,,Dropi PRO ES,https://dropipro.com/storage/products/2599/WechatIMG2550_1770303564.jpg,https://dropipro.com/app/products,12.8,preco_ideal_teste
dropipro,2545,Plantillas ortopédicas de EVA para masaje de pies,,3.89,240,0.31,,Dropi PRO ES,https://dropipro.com/storage/products/2545/PLANTILLA_1768226092.jpg,https://dropipro.com/app/products,12.8,preco_ideal_teste
dropipro,956,Bandeja para cubitos de hielo 2 en 1,,3.99,240,0.45,,Dropi PRO ES,https://dropipro.com/storage/products/956/HIELO_2024-07-18-17-00-51.jpg,https://dropipro.com/app/products,12.8,preco_ideal_teste
dropipro,1470,Lápiz antipicaduras para aliviar el dolor y la hinchazón,,8.49,340,0.06,,Dropi PRO ES,https://dropipro.com/storage/products/1470/ANTIPICADURA_2024-11-12-18-31-16.jpg,https://dropipro.com/app/products,12.8,preco_ideal_teste
dropipro,828,Mini teclado inalámbrico con ratón Touchpad retroiluminación LED,,3.99,240,0.44,,Dropi PRO ES,https://dropipro.com/storage/products/828/TECLADO_2024-05-17-18-34-26.jpg,https://dropipro.com/app/products,12.8,preco_ideal_teste
dropipro,1609,Multivitaminico Líquido - Matutino,,7.99,338,1.4,,Dropi PRO ES,https://dropipro.com/storage/products/1609/principal-canva-mod-GRANDE-FINAL_1737469755.jpg,https://dropipro.com/app/products,12.76,preco_ideal_teste
dropipro,2165,Base de maquillaje resistente al agua y sudor N1 marfil,,2.29,238,0.26,,Dropi PRO ES,https://dropipro.com/storage/products/2165/WechatIMG2255_1755191100.jpg,https://dropipro.com/app/products,12.76,preco_ideal_teste
dropipro,1471,Juego destornillador de alta precisión 51 en 1,,6.99,336,0.29,,Dropi PRO ES,https://dropipro.com/storage/products/1471/DESTORNILLADOR_2024-11-12-18-39-09.jpg,https://dropipro.com/app/products,12.72,preco_ideal_teste
dropipro,547,Cojines de Masaje Eléctricos,,9.99,336,0.63,,Dropi PRO ES,https://dropipro.com/storage/products/547/71atGA5KxL_2024-02-07-19-56-59._AC_SL1500_.jpg,https://dropipro.com/app/products,12.72,preco_ideal_teste
dropipro,1412,Dispositivo de control ultrasónico antiladridos para mascotas,,5.89,336,0.14,,Dropi PRO ES,https://dropipro.com/storage/products/1412/617NGA3nxOL_2024-11-01-16-08-57._AC_.jpg,https://dropipro.com/app/products,12.72,preco_ideal_teste
dropipro,130,Soporte masajeador lumbar / espalda,,3.5,235,0.64,,Dropi PRO ES,https://dropipro.com/storage/products/130/masajeador_lumbar_2023-01-25-18-45-48.jpg,https://dropipro.com/app/products,12.7,preco_ideal_teste
dropipro,2164,Base de maquillaje resistente al agua y sudor N2 buff beige,,2.29,234,0.26,,Dropi PRO ES,https://dropipro.com/storage/products/2164/BASN3D_1765634848.jpeg,https://dropipro.com/app/products,12.68,preco_ideal_teste
dropipro,1841,Lámpara repelente de mosquitos 3 en 1,,7.49,334,0.46,,Dropi PRO ES,https://dropipro.com/storage/products/1841/WechatIMG2029_1740074882.jpg,https://dropipro.com/app/products,12.68,preco_ideal_teste
dropipro,2163,Base de maquillaje resistente al agua y sudor N3 miel dorada,,2.29,233,0.26,,Dropi PRO ES,https://dropipro.com/storage/products/2163/BASN3D_1765634785.jpeg,https://dropipro.com/app/products,12.66,preco_ideal_teste
dropipro,2100,Gafas con filtro de luz azul ( lentes rojo ),,2.99,233,0.22,,Dropi PRO ES,https://dropipro.com/storage/products/2100/LENTESNARANJA_1765562260.jpg,https://dropipro.com/app/products,12.66,preco_ideal_teste
dropipro,1523,Cepillo manopla para mascota 1 und,,2.49,232,0.13,,Dropi PRO ES,https://dropipro.com/storage/products/1523/MANOPLA_2024-11-19-17-20-37.jpg,https://dropipro.com/app/products,12.64,preco_ideal_teste
dropipro,2067,Soporte para sábanas con tiras de bloqueo 4pcs,,3.89,230,0.59,,Dropi PRO ES,https://dropipro.com/storage/products/2067/signal-2025-11-28-125951_1764331294.jpeg,https://dropipro.com/app/products,12.6,preco_ideal_teste
dropipro,1397,Lámpara de botella de vino recargable LED negro,,5.69,329,0.29,,Dropi PRO ES,https://dropipro.com/storage/products/1397/LAMP_2024-10-30-16-34-24.jpg,https://dropipro.com/app/products,12.58,preco_ideal_teste
dropipro,1871,Bastón plegable de doble asa con linterna,,8.89,328,0.76,,Dropi PRO ES,https://dropipro.com/storage/products/1871/BASTON_1741108678.jpg,https://dropipro.com/app/products,12.56,preco_ideal_teste
dropipro,1097,Molde para sushi,,2.69,227,0.25,,Dropi PRO ES,https://dropipro.com/storage/products/1097/SUSHI_2024-08-17-16-33-07.jpg,https://dropipro.com/app/products,12.54,preco_ideal_teste
dropipro,1461,Juego creativo purpurina,,7.99,327,0.33,,Dropi PRO ES,https://dropipro.com/storage/products/1461/JUEGO_2024-11-07-17-40-52.JPG,https://dropipro.com/app/products,12.54,preco_ideal_teste
dropipro,785,Auriculares Bluetooth diadema,,3.99,227,0.1,,Dropi PRO ES,https://dropipro.com/storage/products/785/3_2024-04-23-20-36-40.jpeg,https://dropipro.com/app/products,12.54,preco_ideal_teste
dropipro,291,Reloj tipo Rolex mujer - blanco,,4.95,226,0.45,,Dropi PRO ES,https://dropipro.com/storage/products/291/1_2023-02-27-08-50-44_2023-07-20-15-29-38.jpg,https://dropipro.com/app/products,12.52,preco_ideal_teste
dropipro,513,Kit de Aerógrafo Eléctrico para uñas,,8.99,325,0.55,,Dropi PRO ES,https://dropipro.com/storage/products/513/61t8jtt9wDL_2024-01-29-18-21-56._AC_SL1500_.jpg,https://dropipro.com/app/products,12.5,preco_ideal_teste
dropipro,1568,Crema hidratante antienvejecimiento con retinol placenta de dragón,,2.89,225,0.35,,Dropi PRO ES,https://dropipro.com/storage/products/1568/DRAGON_1732548925.jpg,https://dropipro.com/app/products,12.5,preco_ideal_teste
dropipro,775,Mopa microfibra con spray pulverizador,,4.99,221,0.62,,Dropi PRO ES,https://dropipro.com/storage/products/775/mopaspray_2024-04-08-17-27-55.jpeg,https://dropipro.com/app/products,12.42,preco_ideal_teste
dropipro,1404,Extractor de leche eléctrico,,9.49,321,0.4,,Dropi PRO ES,https://dropipro.com/storage/products/1404/WechatIMG1753_2024-10-30-17-49-50.jpg,https://dropipro.com/app/products,12.42,preco_ideal_teste
dropipro,2604,Kit de restauración cerámica para faros,,3.69,220,0.43,,Dropi PRO ES,https://dropipro.com/storage/products/2604/WechatIMG2554_1770735825.jpg,https://dropipro.com/app/products,12.4,preco_ideal_teste
dropipro,1096,Cámara Retrovisor HD,,10.49,320,0.83,,Dropi PRO ES,https://dropipro.com/storage/products/1096/CAMARA_2024-08-17-16-27-33.JPG,https://dropipro.com/app/products,12.4,preco_ideal_teste
dropipro,1154,Freidora de aire 4L 1200w,,24.99,444,3.31,,Dropi PRO ES,https://dropipro.com/storage/products/1154/FREIDORA_2024-09-07-17-27-11.JPG,https://dropipro.com/app/products,12.38,
dropipro,451,Calefactor de cerámica PTC de 1200 W blanco,,6.99,317,0.77,,Dropi PRO ES,https://dropipro.com/storage/products/451/71PX0rosE9L_2023-12-21-13-40-27._AC_SL1500_.jpg,https://dropipro.com/app/products,12.34,preco_ideal_teste
dropipro,1510,Delantal para llevar mascotas,,6.69,316,0.31,,Dropi PRO ES,https://dropipro.com/storage/products/1510/DELATAL_2024-11-19-12-32-59.jpg,https://dropipro.com/app/products,12.32,preco_ideal_teste
dropipro,1038,Soporte reposabrazos para escritorio,,3.99,214,0.32,,Dropi PRO ES,https://dropipro.com/storage/products/1038/reposabrazo_2024-08-04-15-43-38.jpg,https://dropipro.com/app/products,12.28,preco_ideal_teste
dropipro,2359,Dispositivo de tratamiento de hongos en las uñas,,6.99,313,0.44,,Dropi PRO ES,https://dropipro.com/storage/products/2359/HONGO_1763399179.jpg,https://dropipro.com/app/products,12.26,preco_ideal_teste
dropipro,1941,Cesto organizador de ropa,,10.99,313,1.5,,Dropi PRO ES,https://dropipro.com/storage/products/1941/CESTO-24309_1765301540.jpg,https://dropipro.com/app/products,12.26,preco_ideal_teste
dropipro,1049,Luz solar para escaleras pack 2und,,2.45,213,0.11,,Dropi PRO ES,https://dropipro.com/storage/products/1049/aplique_2024-08-08-13-27-58.jpg,https://dropipro.com/app/products,12.26,preco_ideal_teste
dropipro,126,Tabla de ejercicios multifunción,,9.05,310,1.47,,Dropi PRO ES,https://dropipro.com/storage/products/126/tabla_multifuncion_2023-01-25-18-38-38.png,https://dropipro.com/app/products,12.2,preco_ideal_teste
dropipro,483,Altavoz Bluetooth G 3 en 1 + Cargador inalámbrico + Lámpara Led,,7.95,309,0.78,,Dropi PRO ES,https://dropipro.com/storage/products/483/24021_2024-01-24-16-49-06.jpg,https://dropipro.com/app/products,12.18,preco_ideal_teste
dropipro,1422,Estantería para debajo fregadero,,7.99,307,0.0,,Dropi PRO ES,https://dropipro.com/storage/products/1422/FREGA_2024-11-01-17-53-32.jpg,https://dropipro.com/app/products,12.14,preco_ideal_teste
dropipro,573,Tapete para planchar,,3.99,206,0.7,,Dropi PRO ES,https://dropipro.com/storage/products/573/66849793Iron-Express-the-Portable-Ironing-Pad-0_2024-02-10-18-10-12.jpg,https://dropipro.com/app/products,12.12,preco_ideal_teste
dropipro,655,Limpiacristales 3en1,,6.99,306,0.33,,Dropi PRO ES,https://dropipro.com/storage/products/655/LIMPIACRISTA_2024-03-19-13-28-18.jpeg,https://dropipro.com/app/products,12.12,preco_ideal_teste
dropipro,1447,Destornillador eléctrico recargable,,10.99,305,0.6,,Dropi PRO ES,https://dropipro.com/storage/products/1447/WechatIMG1769_2024-11-06-16-59-02.jpg,https://dropipro.com/app/products,12.1,preco_ideal_teste
dropipro,1403,Agitador de biberones de leche para bebés,,7.49,305,0.43,,Dropi PRO ES,https://dropipro.com/storage/products/1403/BIBERON_2024-10-30-17-39-45.jpg,https://dropipro.com/app/products,12.1,preco_ideal_teste
dropipro,991,Rizador de pelo con forma de pata de gato,,5.25,304,0.41,,Dropi PRO ES,https://dropipro.com/storage/products/991/GATO_2024-07-25-17-46-04.jpg,https://dropipro.com/app/products,12.08,preco_ideal_teste
dropipro,939,Cinturón reductor adelgazante XL,,2.75,203,0.32,,Dropi PRO ES,https://dropipro.com/storage/products/939/fajastermicas_2024-07-13-15-18-19.JPG,https://dropipro.com/app/products,12.06,preco_ideal_teste
dropipro,1102,Protector contra salpicaduras para fregadero de cocina 2colores,,1.89,203,0.16,,Dropi PRO ES,https://dropipro.com/storage/products/1102/PROTECTOR_2024-08-20-13-08-06.jpg,https://dropipro.com/app/products,12.06,
dropipro,572,Tijeras resistentes multiusos,,4.99,202,0.55,,Dropi PRO ES,https://dropipro.com/storage/products/572/71MP6eBTAIL_2024-02-10-17-35-43._AC_SL1500_.jpg,https://dropipro.com/app/products,12.04,preco_ideal_teste
dropipro,789,Cojin ortopedico calentable,,10.99,302,1.2,,Dropi PRO ES,https://dropipro.com/storage/products/789/WechatIMG1266_2024-04-19-11-29-52.jpg,https://dropipro.com/app/products,12.04,preco_ideal_teste
dropipro,1787,Correa retráctil para perros con cuenco plegable,,5.99,302,0.61,,Dropi PRO ES,https://dropipro.com/storage/products/1787/correa_1738932013.jpg,https://dropipro.com/app/products,12.04,preco_ideal_teste
dropipro,1395,Cepillo de vapor para mascotas,,4.99,202,0.0,,Dropi PRO ES,https://dropipro.com/storage/products/1395/CEPI_2024-10-30-16-14-30.jpg,https://dropipro.com/app/products,12.04,preco_ideal_teste
dropipro,306,Pistola aspersora de espuma 4in1,,4.99,201,0.41,,Dropi PRO ES,https://dropipro.com/storage/products/306/1688124928823_2023-07-30-15-21-12.png,https://dropipro.com/app/products,12.02,preco_ideal_teste
dropipro,342,Spray de Tratamiento de Articulaciones,,0.99,201,0.05,,Dropi PRO ES,https://dropipro.com/storage/products/342/_20230909114841_2023-09-09-11-50-52.jpg,https://dropipro.com/app/products,12.02,
dropipro,2717,Afeitadora corporal con cuchillas de seguridad,,5.69,300,0.33,,Dropi PRO ES,https://dropipro.com/storage/products/2717/AFEITA_1777972325.jpg,https://dropipro.com/app/products,12.0,preco_ideal_teste
dropipro,2707,Sujetador ultrafino de seda helada blanco ( talla XL = XL/XXL ),,2.69,200,0.25,,Dropi PRO ES,https://dropipro.com/storage/products/2707/sujetado_1777483687.jpg,https://dropipro.com/app/products,12.0,preco_ideal_teste
dropipro,2706,Sujetador ultrafino de seda helada blanco ( talla M = M/L ),,2.69,200,0.25,,Dropi PRO ES,https://dropipro.com/storage/products/2706/sujetado_1777483687.jpg,https://dropipro.com/app/products,12.0,preco_ideal_teste
dropipro,2705,Sujetador ultrafino de seda helada beige ( talla XL = XL/XXL ),,2.69,200,0.25,,Dropi PRO ES,https://dropipro.com/storage/products/2705/sujetado_1777483687.jpg,https://dropipro.com/app/products,12.0,preco_ideal_teste
dropipro,2704,Sujetador ultrafino de seda helada beige ( talla M = M/L ),,2.69,200,0.25,,Dropi PRO ES,https://dropipro.com/storage/products/2704/sujetado_1777483687.jpg,https://dropipro.com/app/products,12.0,preco_ideal_teste
dropipro,2467,Bragas Moldeadoras de glúteos para Mujer negro M/L,,3.49,200,0.32,,Dropi PRO ES,https://dropipro.com/storage/products/2467/WechatIMG2452_1765895098.jpg,https://dropipro.com/app/products,12.0,preco_ideal_teste
dropipro,2463,Faja moldeadora sin tirantes con control de abdomen negro M/L,,3.69,200,0.35,,Dropi PRO ES,https://dropipro.com/storage/products/2463/FAJA_1765891975.JPG,https://dropipro.com/app/products,12.0,preco_ideal_teste
dropipro,2455,Sujetador sin Tirantes Push Up negro XL/XXL,,3.69,200,0.3,,Dropi PRO ES,https://dropipro.com/storage/products/2455/WechatIMG2446_1765888813.jpg,https://dropipro.com/app/products,12.0,preco_ideal_teste
dropipro,1914,Cepillo limpiador de zapatos eléctrico,,2.99,200,0.37,,Dropi PRO ES,https://dropipro.com/storage/products/1914/WechatIMG2053_1742410559.jpg,https://dropipro.com/app/products,12.0,preco_ideal_teste
dropipro,1789,Caja de almacenamiento de ropa plegable,,3.69,200,1.0,,Dropi PRO ES,https://dropipro.com/storage/products/1789/cajaorganizador_1738941529.jpg,https://dropipro.com/app/products,12.0,preco_ideal_teste
dropipro,985,Cepillo limpiador de botellas automático ( dos colores ),,6.55,300,0.36,,Dropi PRO ES,https://dropipro.com/storage/products/985/CEPILLO_2024-07-25-16-38-30.jpg,https://dropipro.com/app/products,12.0,preco_ideal_teste
dropipro,597,PROPINA,,0.0,99407,0.0,,Dropi PRO ES,https://dropipro.com/storage/products/597/gratefully-accept-a-tip_2024-02-19-23-21-08.jpg,https://dropipro.com/app/products,12.0,alto_stock
dropipro,596,SEGURO DE GARANTIA,,0.0,93453,0.0,,Dropi PRO ES,https://dropipro.com/storage/products/596/garantia_de_productos-02-03-02_2024-02-19-23-17-38.jpeg,https://dropipro.com/app/products,12.0,alto_stock
dropipro,595,ENVIO PRIORITARIO,,0.0,98525,0.0,,Dropi PRO ES,https://dropipro.com/storage/products/595/envioprioritario_1400x_2024-02-19-23-04-36.jpeg,https://dropipro.com/app/products,12.0,alto_stock
dropipro,1131,Rodillo hielo facial para Reducir los poros,,3.69,200,0.16,,Dropi PRO ES,https://dropipro.com/storage/products/1131/RODI_2024-08-29-18-18-19.jpg,https://dropipro.com/app/products,12.0,preco_ideal_teste
ecomhub,fb1b94d8-b429-45c0-acd6-43f0e2bfee3a,Creme Moisture CC,emcremamoisturecc,5.1,300,0.3,1.5,Espanha 1,https://api.ecomhub.app/public/products/featuredImage-1718009783258-d62dbbb6.jpg,https://app.ecomhub.app,12.0,preco_ideal_teste
ecomhub,04717be0-f85c-46f0-b9d4-c3bd61d9bd6a,Filtro Desague,filtrodesague_8202403213014,2.03,200,0.001,1.5,ES / FR 2,https://api.ecomhub.app/public/products/featuredImage-1733494419844-11f81947.jpeg,https://app.ecomhub.app,12.0,preco_ideal_teste
ecomhub,d6b2d2f3-70c8-49de-8ed0-1740abecd385,Base em bastão,basebarra,5.2,300,0.9,1.5,ES / FR 2,https://api.ecomhub.app/public/products/featuredImage-1776044266410-53ba4519.png,https://app.ecomhub.app,12.0,preco_ideal_teste
ecomhub,68a8fa9f-27ec-4688-87b3-08614f9bd38e,Máscaras Faciais Hidratantes SADOER - Nutrição e Luminosidade para uma Pele Radiante,mascarillasandia,2.0,200,0.1,1.5,ES / FR 2,https://api.ecomhub.app/public/products/featuredImage-1740764010224-f5571a49.JPG,https://app.ecomhub.app,12.0,preco_ideal_teste
ecomhub,ebd7187f-7f5e-441b-9460-bb72ab491246,Combo Gafas TR90,gafastransp_caja,7.12,300,0.001,1.5,ES / FR 2,https://api.ecomhub.app/public/products/featuredImage-1751974514317-7a5d2bc9.jpg,https://app.ecomhub.app,12.0,preco_ideal_teste
ecomhub,39798ee4-d5ac-4052-9798-efa2d9ff0c5f,Combo de 2 Unidades de Máscara de Colágeno,biomaskcollagem,7.4,300,0.9,1.5,ES / FR 2,https://api.ecomhub.app/public/products/featuredImage-1747853808024-30090d84.jpeg,https://app.ecomhub.app,12.0,preco_ideal_teste
ecomhub,2e7ff7bb-663e-4677-b6a1-d4df3330416d,Dispensador de sabão automático inteligente,dispensado_13853,9.1,300,0.9,1.5,ES / FR 2,https://api.ecomhub.app/public/products/featuredImage-1770834602620-3221533c.png,https://app.ecomhub.app,12.0,preco_ideal_teste
ecomhub,4a9dc6f7-45de-49bf-b7d2-ac90d4d3063f,Cinta Corset 2 em 1 Corset Redutor e Modelador,packcors_14231,6.09,300,0.001,1.5,ES / FR 2,https://api.ecomhub.app/public/products/featuredImage-1736801231170-6c6dcbcc.jpg,https://app.ecomhub.app,12.0,preco_ideal_teste
ecomhub,32bd6240-a33c-466c-bc16-4400fdc129da,Máscara Facial Reparadora,mascarilla_46001,2.53,200,0.001,1.5,ES / FR 2,https://api.ecomhub.app/public/products/featuredImage-1733694245024-4752d84b.JPG,https://app.ecomhub.app,12.0,preco_ideal_teste
ecomhub,c2879a29-19a1-4496-8712-94f0828ba016,REPELENTE,repelente_14540,2.85,200,0.001,1.5,ES / FR 2,https://api.ecomhub.app/public/products/featuredImage-1733330819391-8286f5b6.jpeg,https://app.ecomhub.app,12.0,preco_ideal_teste
ecomhub,da736e03-42fe-476f-807c-c48cecb76cec,Combo de 6 Unidades da Luz Magnetica com Sensor,luzmagnetica_15479,33.6,400,0.001,1.5,ES / FR 2,https://api.ecomhub.app/public/products/featuredImage-1762362606025-07cf9c68.png,https://app.ecomhub.app,12.0,
ecomhub,540859e7-b9d9-41de-83aa-40e028d9a377,Suporte para Seios,chstsupp_14584,3.55,300,0.001,1.5,ES / FR 2,https://api.ecomhub.app/public/products/featuredImage-1732883980775-6b66921f.jpg,https://app.ecomhub.app,12.0,preco_ideal_teste
ecomhub,a84b1e1d-0a99-4520-b81d-99af1433cb0c,Lâmpada Solar,luz_14456,7.64,300,0.001,1.5,ES / FR 2,https://api.ecomhub.app/public/products/featuredImage-1733406737854-430dc805.png,https://app.ecomhub.app,12.0,preco_ideal_teste
ecomhub,9c2016a9-6658-4c76-8eb5-4c123fbc9f22,BASE DE TELEFONE CELULAR,baselapt_gl69812,1.0,200,0.9,1.5,ES / FR 2,https://api.ecomhub.app/public/products/featuredImage-1747054310771-30d06685.jpg,https://app.ecomhub.app,12.0,preco_ideal_teste
ecomhub,9e3ca765-965e-4e27-aaf0-1c05a80030d7,Ventilador portátil de mão de 400mAh,ventilad_gl69875,2.0,200,0.9,1.5,ES / FR 2,https://api.ecomhub.app/public/products/featuredImage-1747057616206-3b0b55ae.png,https://app.ecomhub.app,12.0,preco_ideal_teste
ecomhub,5e532ae6-a2a2-40de-9cb9-21bdaae89d20,Limpador Facial Tratamento de Bolhas,burbjlimp_14431,7.2,300,0.001,1.5,ES / FR 2,https://api.ecomhub.app/public/products/featuredImage-1733922157732-f29bc902.jpg,https://app.ecomhub.app,12.0,preco_ideal_teste
ecomhub,d2738212-efea-4dd9-861f-4d1b092502f4,Máscara facial de argila com vitamina C SADOER,mascarillavitaminac,3.2,200,0.9,1.5,ES / FR 2,https://api.ecomhub.app/public/products/featuredImage-1748088954721-2acee49f.png,https://app.ecomhub.app,12.0,preco_ideal_teste
ecomhub,f2ddbbcf-901a-41a5-9dae-fdcdef02550b,Pente Elétrico,peine_14354,9.17,300,0.001,1.5,ES / FR 2,https://api.ecomhub.app/public/products/featuredImage-1732799795650-5a617e5f.jpg,https://app.ecomhub.app,12.0,preco_ideal_teste
ecomhub,b8d0cd1a-7110-4598-a326-5334e109f43e,Espumador de leite elétrico portátil,espumadord_14528,2.65,200,0.9,1.5,ES / FR 2,https://api.ecomhub.app/public/products/featuredImage-1770836724884-3ce6c880.png,https://app.ecomhub.app,12.0,preco_ideal_teste
ecomhub,c3fdaa0f-97d8-49ee-af8f-9d883fad7838,Massageador Cervical por Pulso,cervicalpulso_15189,5.55,300,0.001,1.5,ES / FR 2,https://api.ecomhub.app/public/products/featuredImage-1733937668856-670e9bce.png,https://app.ecomhub.app,12.0,preco_ideal_teste
ecomhub,cf8c4e8e-d938-417c-a10f-2219ec5d0ba6,Fones de ouvido esportivos sem fio F9 com tela LED e estojo de carregamento de 2000 mAh,aurif9_v-8421,4.15,300,0.9,1.5,ES / FR 2,https://api.ecomhub.app/public/products/featuredImage-1746212382542-c67abaf7.jpeg,https://app.ecomhub.app,12.0,preco_ideal_teste
ecomhub,a9a47c90-5642-4877-879d-c4119e9e867d,Combo de Colar 7 VC  CAIXA e Body  Emagrecedor Bege,bodyslimbeige15192_m,9.67,300,0.001,1.5,ES / FR 2,https://api.ecomhub.app/public/products/featuredImage-1751567578362-044b18cd.jpg,https://app.ecomhub.app,12.0,preco_ideal_teste
ecomhub,a9da2524-8a13-4ee2-b51c-41bad1391b8c,Tampa de Silicone,tapasilicona_8563246310606,2.54,200,0.001,1.5,ES / FR 2,https://api.ecomhub.app/public/products/featuredImage-1733494525517-a0053cef.jpeg,https://app.ecomhub.app,12.0,preco_ideal_teste
ecomhub,0f2a9d3e-7e8a-4050-945d-ffbae9b652aa,SADOER Limpador Facial com Extrato de Abacate 100g - Hidratação e Limpeza Profunda para uma Pele Radiante,extractaguacates,3.45,200,0.9,1.5,ES / FR 2,https://api.ecomhub.app/public/products/featuredImage-1748656224560-e4e72cb9.png,https://app.ecomhub.app,12.0,preco_ideal_teste
ecomhub,a95ff63e-8f61-4775-ae78-e27a1c1083bf,Batedeira elétrica multifuncional para cozinha,batidora_gl9338,1.0,200,0.9,1.5,ES / FR 2,https://api.ecomhub.app/public/products/featuredImage-1769193254756-6c600918.png,https://app.ecomhub.app,12.0,preco_ideal_teste
ecomhub,03d7afe9-44d4-4282-afab-82c490ff40ed,Luz LED com Gestos de Mão para Automóvel,ledmanoautomovil_15696,5.7,300,0.001,1.5,ES / FR 2,https://api.ecomhub.app/public/products/featuredImage-1737049750010-07ce5c04.jpeg,https://app.ecomhub.app,12.0,preco_ideal_teste
ecomhub,422cb55e-b69d-494b-813d-0eefe6ee49bb,Monitor Cardíaco Heart Rate Monitor,hrm-health,4.5,300,0.036,1.5,Removida,https://api.ecomhub.app/public/products/featuredImage-1765385056036-d99f676e.png,https://app.ecomhub.app,12.0,preco_ideal_teste
ecomhub,ce5c57f3-7b71-454f-9319-647853fbca55,Caneta Limpadora Multifuncional,bolilimpia_14744,2.03,200,0.001,1.5,ES / FR 2,https://api.ecomhub.app/public/products/featuredImage-1733492372195-db51a0a1.jpg,https://app.ecomhub.app,12.0,preco_ideal_teste
ecomhub,cf7fe5b3-da77-4f9e-ae4d-80de2bcb1d95,Ventilador portátil de 3 velocidades,venti_bolsillo14945,3.15,200,0.001,1.5,ES / FR 2,https://api.ecomhub.app/public/products/featuredImage-1733494111295-f08c41cf.jpeg,https://app.ecomhub.app,12.0,preco_ideal_teste
ecomhub,c51750ea-ca81-4ce8-8fad-2af5a0c0c9e2,Almofada para pernas,legpill_13441,3.55,300,0.001,1.5,ES / FR 2,https://api.ecomhub.app/public/products/featuredImage-1746215789479-aa7557f5.jpeg,https://app.ecomhub.app,12.0,preco_ideal_teste
ecomhub,24c03501-6acc-4f2e-9bfc-254b9718165e,Ferro de Engomar a Vapor Portátil,planropa_14949,8.66,300,0.001,1.5,ES / FR 2,https://api.ecomhub.app/public/products/featuredImage-1733693077368-df0e5a95.jpg,https://app.ecomhub.app,12.0,preco_ideal_teste
ecomhub,7fb33cbc-5ed3-49bd-8389-c635fe66701f,Loção Corporal Nutritiva com Abacate 200ml,locioncorpoaguac,3.1,200,0.001,1.5,ES / FR 2,https://api.ecomhub.app/public/products/featuredImage-1737119220999-364cc7d0.jpeg,https://app.ecomhub.app,12.0,preco_ideal_teste
ecomhub,a466e7cc-b74f-43a0-89c0-978ce00b5917,Óculos de Leitura Progressivos com Bloqueio de Luz Azul,gafaslh_1509,1.7,200,0.2,1.5,ES / FR 2,https://api.ecomhub.app/public/products/featuredImage-1740072781016-dd0c773a.jpg,https://app.ecomhub.app,12.0,preco_ideal_teste
ecomhub,b31eea1c-0799-4513-97be-9e27abfd4bc9,Massajador intenso térmico,masajeterm_15250,12.74,300,0.001,1.5,ES / FR 2,https://api.ecomhub.app/public/products/featuredImage-1737548644538-14ebfe5a.jpeg,https://app.ecomhub.app,12.0,
ecomhub,de928a7b-c42b-4c3a-8a4b-9ce0f911103f,Limpador de pincéis,limpiapincel_15418,3.05,200,0.001,1.5,ES / FR 2,https://api.ecomhub.app/public/products/featuredImage-1736786508336-c70886eb.jpeg,https://app.ecomhub.app,12.0,preco_ideal_teste
ecomhub,89530dd7-6f83-44f5-a993-22de4ee07f0f,Dispensador de Mel,miel_15256,3.36,200,0.001,1.5,ES / FR 2,https://api.ecomhub.app/public/products/featuredImage-1734035709675-62bda5c8.JPG,https://app.ecomhub.app,12.0,preco_ideal_teste
ecomhub,634c6870-cf59-41cb-ba66-284fe481be08,Cinta Redutora de Cintura,fajacint_13830,4.58,300,0.001,1.5,ES / FR 2,https://api.ecomhub.app/public/products/featuredImage-1732884157729-6a06dbaf.png,https://app.ecomhub.app,12.0,preco_ideal_teste
ecomhub,59c36536-ceef-4edd-ad15-8076b174352c,Creme antirrugas com ácido hialurônico e funcho-marinho,cremahinojo,3.4,200,0.9,1.5,ES / FR 2,https://api.ecomhub.app/public/products/featuredImage-1775770832956-1326cd56.png,https://app.ecomhub.app,12.0,preco_ideal_teste
ecomhub,509876f1-cc55-42b5-b77d-55f66c70f869,Liquidificador Portátil,batipajita_15181,5.09,300,0.001,1.5,ES / FR 2,https://api.ecomhub.app/public/products/featuredImage-1734036357580-1998171e.jpg,https://app.ecomhub.app,12.0,preco_ideal_teste
ecomhub,bef3250a-cbb9-417f-a967-67a6b44448db,Combo de 2 unidades Joelheira,rodillera_15360,5.5,300,0.001,1.5,ES / FR 2,https://api.ecomhub.app/public/products/featuredImage-1751370431653-2f4ae88d.jpeg,https://app.ecomhub.app,12.0,preco_ideal_teste
ecomhub,c16f80c3-5b0a-4a31-b43f-f75a2cebc9c1,Macaco de Pelúcia,monopeluch_14999,3.4,200,0.001,1.5,ES / FR 2,https://api.ecomhub.app/public/products/featuredImage-1736944787054-48dfa2f5.jpeg,https://app.ecomhub.app,12.0,preco_ideal_teste
ecomhub,1e4e80c7-45ea-4c3d-bf68-608e52472a40,Frasco spray de azeite de oliva de 100ml  preciso e elegante,aceitespra_13932,2.65,200,0.9,1.5,ES / FR 2,https://api.ecomhub.app/public/products/featuredImage-1769606521118-15f12bcb.png,https://app.ecomhub.app,12.0,preco_ideal_teste
ecomhub,06b5fbd0-3f17-466c-813a-0de10885821a,Shampoo HOEGO com Queratina Hidrolisada e Alecrim 100ml,romeroch,4.2,300,0.9,1.5,ES / FR 2,https://api.ecomhub.app/public/products/featuredImage-1775047588736-b5d6f502.png,https://app.ecomhub.app,12.0,preco_ideal_teste
ecomhub,26cc7f5c-40bc-4368-996a-a715558d78f1,Aquecedor de pés,turmalina_15267,2.03,200,0.001,1.5,ES / FR 2,https://api.ecomhub.app/public/products/featuredImage-1733487168355-1b283d72.jpeg,https://app.ecomhub.app,12.0,preco_ideal_teste
ecomhub,97baa610-e702-45f6-adf7-23b4c7c7dd72,Máscara Labial de Niacinamida - Ácido Hialurônico - Esqualano - 10g,mascarillaescual,2.95,200,0.9,1.5,ES / FR 2,https://api.ecomhub.app/public/products/featuredImage-1749470373773-0d0bdef2.jpg,https://app.ecomhub.app,12.0,preco_ideal_teste
ecomhub,05327e1b-5362-4c1f-8af3-cb876b32ed3e,Rosa Eterna,cajaregalorosa,6.1,300,0.001,1.5,ES / FR 2,https://api.ecomhub.app/public/products/featuredImage-1737037361611-7cc6d714.jpeg,https://app.ecomhub.app,12.0,preco_ideal_teste
ecomhub,be39a940-b2e2-4767-8a81-a1a423be746f,Contorno de Olhos Iluminador com Vitamina C - 20g,contornilumvitac,3.2,200,0.9,1.5,ES / FR 2,https://api.ecomhub.app/public/products/featuredImage-1749430409302-3067dbe2.jpg,https://app.ecomhub.app,12.0,preco_ideal_teste
ecomhub,70b3a623-dfca-4aee-b75d-70e8d212c055,Essência de Rosas com Ácido Hialurônico,acidhialuronicorosa,3.2,200,0.9,1.5,ES / FR 2,https://api.ecomhub.app/public/products/featuredImage-1748088570915-b0e2d1ec.jpg,https://app.ecomhub.app,12.0,preco_ideal_teste
ecomhub,6528124b-8734-4886-b95a-8cd0b5482c77,EELHOE Shampoo Tinta Preta 3 em 1,eelhoetinte3en1,4.6,300,0.001,1.5,ES / FR 2,https://api.ecomhub.app/public/products/featuredImage-1738277599215-c92902b8.jpeg,https://app.ecomhub.app,12.0,preco_ideal_teste
ecomhub,602bc3d4-0391-4b8a-96a4-c14bfa2b51d3,Colar Trevo Love,luckycajaplta_07,3.87,300,0.001,1.5,ES / FR 2,https://api.ecomhub.app/public/products/featuredImage-1733331204238-67f8fcd4.jpeg,https://app.ecomhub.app,12.0,preco_ideal_teste
ecomhub,6078afe4-2777-4bcf-b2a9-a8b2214de691,Ventilador Portátil de Mão 400mAh Compacto Recarregável e Refrescante em Qualquer Lugar,ventilad_gl69877,3.4,200,0.9,1.5,ES / FR 2,https://api.ecomhub.app/public/products/featuredImage-1745934074455-d386572c.jpeg,https://app.ecomhub.app,12.0,preco_ideal_teste
ecomhub,f0141e91-d6bc-4cf3-b1db-1fe37718184b,Cortador de alimentos 4 em 1,cortadormulti_7630054106453,6.26,300,0.001,1.5,ES / FR 2,https://api.ecomhub.app/public/products/featuredImage-1733494745450-d560a1de.jpeg,https://app.ecomhub.app,12.0,preco_ideal_teste
ecomhub,a6c6717c-7bf5-4ebd-a2a5-869c21b1007c,Joelheiras Esportivas,rodillera_15360,2.75,200,0.001,1.5,ES / FR 2,https://api.ecomhub.app/public/products/featuredImage-1738247831553-0b53805b.jpeg,https://app.ecomhub.app,12.0,preco_ideal_teste
ecomhub,049925ab-20e5-4d19-ac5e-cd0daec41d1d,Massajador Facial Lifting EMS,masajeled_15477,7.62,300,0.001,1.5,ES / FR 2,https://api.ecomhub.app/public/products/featuredImage-1733695072706-219e1d68.JPG,https://app.ecomhub.app,12.0,preco_ideal_teste
ecomhub,dfd08894-557a-479b-82e7-e505e9ea8a04,Sérum Firmador com Colágeno - Niacinamida - Ácido Hialurônico - 30ml,serumacidohialur,3.2,200,0.9,1.5,ES / FR 2,https://api.ecomhub.app/public/products/featuredImage-1749470623826-7c95068e.jpg,https://app.ecomhub.app,12.0,preco_ideal_teste
ecomhub,17c65cd2-9449-4e59-80c0-5ef2e1ea1ad3,Ventilador portátil de mão de 500mAh,minifan_gl70390,2.9,200,0.9,1.5,ES / FR 2,https://api.ecomhub.app/public/products/featuredImage-1776045876754-2b3807d6.png,https://app.ecomhub.app,12.0,preco_ideal_teste
ecomhub,3b1934af-458e-4beb-a905-2bd85dce6d40,Rolo tira pelos de mascotes,rodillopelo_15407,5.6,300,0.001,1.5,ES / FR 2,https://api.ecomhub.app/public/products/featuredImage-1733753579780-8ad75a28.jpeg,https://app.ecomhub.app,12.0,preco_ideal_teste
ecomhub,158261a9-3be6-4226-a719-7a64494a4469,Ventilador de pescoço M2,cuello_16093,8.7,300,0.9,1.5,ES / FR 2,https://api.ecomhub.app/public/products/featuredImage-1776045571766-b9f5478b.png,https://app.ecomhub.app,12.0,preco_ideal_teste
ecomhub,58eccb10-266d-44e2-9bff-4df48d9435d5,Dispensador de azeite,dispensadoraceit_14623,2.54,200,0.001,1.5,ES / FR 2,https://api.ecomhub.app/public/products/featuredImage-1733504354449-ae1a002f.jpeg,https://app.ecomhub.app,12.0,preco_ideal_teste
ecomhub,9ee754f9-8e79-44e0-8c2f-60878a7b28c2,Combo de 2 Unidades do Óculos Zoom Autofoco  e caixa,gafastransp_caja,7.12,300,0.001,1.5,ES / FR 2,https://api.ecomhub.app/public/products/featuredImage-1758817890201-2d5a5eaf.png,https://app.ecomhub.app,12.0,preco_ideal_teste
ecomhub,1d5ad7e4-6ea1-47a0-94b9-6ebe24754fb2,Branqueador dental UV,blanqueadoruv_13439,3.51,300,0.001,1.5,ES / FR 2,https://api.ecomhub.app/public/products/featuredImage-1733762740759-04aaa9f0.jpeg,https://app.ecomhub.app,12.0,preco_ideal_teste
ecomhub,bf5a3fec-d881-4cff-aa8d-24fbf7cd995d,Candeeiro de mesa curvo,lampcurv_14791,4.94,300,0.001,1.5,ES / FR 2,https://api.ecomhub.app/public/products/featuredImage-1733144109601-bc24cc48.jpeg,https://app.ecomhub.app,12.0,preco_ideal_teste
ecomhub,5ed48e48-15e1-4c9c-b372-20968bf67be5,Limpador Demaquilante de Cereja 150 ml - Angeala,cereza150mlangea,3.45,200,0.9,1.5,ES / FR 2,https://api.ecomhub.app/public/products/featuredImage-1766420363013-dfc87fb7.png,https://app.ecomhub.app,12.0,preco_ideal_teste
ecomhub,ae569d5e-0e54-43fe-aa27-e5e667fd469b,Suporte colar para pescoço,collarin_15370,2.34,200,0.001,1.5,ES / FR 2,https://api.ecomhub.app/public/products/featuredImage-1733754015582-6c8d673c.jpeg,https://app.ecomhub.app,12.0,preco_ideal_teste
ecomhub,20f455f4-e9be-4af3-817a-22e47dd43f89,Pistola de água de alta pressão,hidropresion_14193,4.58,300,0.001,1.5,ES / FR 2,https://api.ecomhub.app/public/products/featuredImage-1733487013830-f275211d.jpeg,https://app.ecomhub.app,12.0,preco_ideal_teste
ecomhub,ad2ec003-968e-489b-8b8e-153d3bfbd676,Sérum Ampola Antioxidante Refrescante com Vitamina C,serumvitaminacam,3.2,200,0.9,1.5,ES / FR 2,https://api.ecomhub.app/public/products/featuredImage-1746797378463-8939a384.png,https://app.ecomhub.app,12.0,preco_ideal_teste
ecomhub,eea76a48-6609-4eac-bed5-5f3ba37732dd,Mouse sem fio,ratoninal_g-1126,3.2,200,0.9,1.5,ES / FR 2,https://api.ecomhub.app/public/products/featuredImage-1746632703580-6ebea452.jpeg,https://app.ecomhub.app,12.0,preco_ideal_teste
ecomhub,c92eef49-1d45-4b8e-9ac3-ca60b7e18497,Pelúcia Cachorro Pug,peluchepug_14991,3.4,200,0.001,1.5,ES / FR 2,https://api.ecomhub.app/public/products/featuredImage-1736944362158-857d031c.jpeg,https://app.ecomhub.app,12.0,preco_ideal_teste
ecomhub,22023fc1-01cf-4121-9b1c-eb4e36a9272d,Combo de 2 Unidades Body Emagrecedor Bege e Preto,bodyslimbeige15192_m,10.18,300,0.001,1.5,ES / FR 2,https://api.ecomhub.app/public/products/featuredImage-1751648720991-98028a22.jpeg,https://app.ecomhub.app,12.0,preco_ideal_teste
ecomhub,a2af901a-be0a-419f-8c9b-8f657e0e6867,Leggings térmicas com forro de veludo,legtermico_15622,4.7,300,0.001,1.5,ES / FR 2,https://api.ecomhub.app/public/products/featuredImage-1738168705315-47bc6a05.jpg,https://app.ecomhub.app,12.0,preco_ideal_teste
ecomhub,8c870f45-dc87-4974-86bf-bd63ada25a60,Essência Antirrugas de Abacate Orgânico - 30ml,antiarrugasaguac,3.2,200,0.9,1.5,ES / FR 2,https://api.ecomhub.app/public/products/featuredImage-1749433161215-87752254.jpg,https://app.ecomhub.app,12.0,preco_ideal_teste
ecomhub,f1ba762f-eb6b-462d-9cc9-509bcac1da72,Creme facial hidratante antioxidante de cúrcuma para pele delicada 60g BIOAQUA,tumericream,4.2,300,0.9,1.5,ES / FR 2,https://api.ecomhub.app/public/products/featuredImage-1775048047183-d2e0713c.png,https://app.ecomhub.app,12.0,preco_ideal_teste
ecomhub,4d020233-e24b-4dd3-8db4-66ca256dc197,Lanterna Mini Multiuso,minilintern_8518383403100,2.03,200,0.001,1.5,ES / FR 2,https://api.ecomhub.app/public/products/featuredImage-1733499993868-da9f5274.jpeg,https://app.ecomhub.app,12.0,preco_ideal_teste
ecomhub,7759f731-2e75-4b51-a996-f8f100e5f8f5,Pochete para Celular,bolsadepo_v-8323,3.0,200,0.001,1.5,ES / FR 2,https://api.ecomhub.app/public/products/featuredImage-1738246665403-64dfe98d.jpeg,https://app.ecomhub.app,12.0,preco_ideal_teste
ecomhub,408a83cf-9887-430b-961e-802700d7616c,Máscara Facial de Abacate Clareadora e Rejuvenescedora,clarificanteagua,2.2,200,0.9,1.5,ES / FR 2,https://api.ecomhub.app/public/products/featuredImage-1747937915058-1bdead91.jpg,https://app.ecomhub.app,12.0,preco_ideal_teste
ecomhub,a30d0245-7084-4baa-b5fa-3aea2064dd89,Tampão para garrafa de Vinho,taponvinovacio_14306,2.54,200,0.001,1.5,ES / FR 2,https://api.ecomhub.app/public/products/featuredImage-1733416752029-04ce259e.jpeg,https://app.ecomhub.app,12.0,preco_ideal_teste
ecomhub,766d2710-747a-4f20-81d6-923c6a291e7e,Tapetes de carro universais,tapeteuniversala,5.1,300,0.9,1.5,ES / FR 2,https://api.ecomhub.app/public/products/featuredImage-1749433657646-65d437b1.jpg,https://app.ecomhub.app,12.0,preco_ideal_teste
ecomhub,2c8a92d4-0654-409f-9682-c0ea1086870a,Humidificador LED rosa,humidificador_14029,4.15,300,0.001,1.5,ES / FR 2,https://api.ecomhub.app/public/products/featuredImage-1733753035858-ab3abc6d.jpeg,https://app.ecomhub.app,12.0,preco_ideal_teste
ecomhub,14ffeb27-1cff-4319-8d52-55d46e72013e,Almofada Protetora para os pés,tiptoe_15326,0.91,200,0.001,1.5,ES / FR 2,https://api.ecomhub.app/public/products/featuredImage-1746215967196-b5c3c002.png,https://app.ecomhub.app,12.0,preco_ideal_teste
ecomhub,2a7e26ad-04a3-487d-989b-682aaeab7857,Afiador de Facas Profissional Tungstênio,afilador_14213,3.03,200,0.001,1.5,ES / FR 2,https://api.ecomhub.app/public/products/featuredImage-1733500220867-f550236b.jpeg,https://app.ecomhub.app,12.0,preco_ideal_teste
ecomhub,1876dcd8-7b56-4fe0-b676-b4a1df268db5,Escova Dental ultrassônica,cepiultson_14092,5.09,300,0.001,1.5,ES / FR 2,https://api.ecomhub.app/public/products/featuredImage-1733486679947-f9fbad21.jpeg,https://app.ecomhub.app,12.0,preco_ideal_teste
ecomhub,1bafd17e-5736-4c6a-a18a-6bc6ca43d0f9,Mini Evasadora  com 3 Bolsas,vaciocon_3bolsas,4.99,300,0.001,1.5,ES / FR 2,https://api.ecomhub.app/public/products/featuredImage-1733502766280-7e4c608a.jpeg,https://app.ecomhub.app,12.0,preco_ideal_teste
ecomhub,817c3179-467a-4b2e-92eb-817a5dca45cf,Escova Alisadora para Homens,cepibarba_15353,3.56,300,0.001,1.5,ES / FR 2,https://api.ecomhub.app/public/products/featuredImage-1732887209789-adc40f6a.jpg,https://app.ecomhub.app,12.0,preco_ideal_teste
ecomhub,8815933e-d864-460b-8121-62e258b07651,Aquecedor de Tomada 400 Watts,calefa400w_15210,7.15,300,0.001,1.5,ES / FR 2,https://api.ecomhub.app/public/products/featuredImage-1746239564408-5765e2f6.jpeg,https://app.ecomhub.app,12.0,preco_ideal_teste
ecomhub,c7ebb98a-9d39-42f2-96d4-76d5a6c8bab1,Combo de 4 unidades Joelheira,rodillera_15360,11.0,300,0.001,1.5,ES / FR 2,https://api.ecomhub.app/public/products/featuredImage-1751973807129-7b156d80.jpeg,https://app.ecomhub.app,12.0,
ecomhub,910e0cf6-6776-40f2-94cb-8f2a7c28bb31,Máscara Facial de Abacate,mascarilla_46952,2.53,200,0.001,1.5,ES / FR 2,https://api.ecomhub.app/public/products/featuredImage-1733694483054-af205aef.jpg,https://app.ecomhub.app,12.0,preco_ideal_teste
ecomhub,41c68797-d953-48bf-8d83-3269a14452b9,Unicórnio de Pelúcia Macia,15005,3.4,200,0.001,1.5,ES / FR 2,https://api.ecomhub.app/public/products/featuredImage-1736944556652-bcfa9e03.jpeg,https://app.ecomhub.app,12.0,preco_ideal_teste
ecomhub,df24f8fb-9051-4e19-9efa-7e359f3bc03d,Sérum Facial Iluminador e Refrescante de Romã - 50ml,serumfaciailumin,3.2,200,0.9,1.5,ES / FR 2,https://api.ecomhub.app/public/products/featuredImage-1749431154865-0bf72744.jpg,https://app.ecomhub.app,12.0,preco_ideal_teste
ecomhub,89b6e4c4-d9b8-41e4-8cd3-6a24cb7ea725,Cabo USB-C para Lightning,tipoclig_gl69477,3.2,200,0.001,1.5,ES / FR 2,https://api.ecomhub.app/public/products/featuredImage-1737034664507-33697e18.jpeg,https://app.ecomhub.app,12.0,preco_ideal_teste
ecomhub,bd0f2da4-14ad-4bdc-8d60-2191238e9766,Combo de 2 Unidades Body Emagrecedor Bege,bodyslimbeige15192_m,10.18,300,0.001,1.5,ES / FR 2,https://api.ecomhub.app/public/products/featuredImage-1750450862044-5f6e66a7.png,https://app.ecomhub.app,12.0,preco_ideal_teste
ecomhub,8bfe374e-077f-4c25-a70d-b7c1dfeb0ecd,Carregador ultra rápido de coche 45w,cargcoche_v-7904,3.7,300,0.5,1.5,ES / FR 2,https://api.ecomhub.app/public/products/featuredImage-1773948442768-56eeba48.png,https://app.ecomhub.app,12.0,preco_ideal_teste
ecomhub,4f986a38-c230-47ae-95ee-00360862daa0,Travesseiro inflável para o pescoço,traccion_15369,3.4,200,0.9,1.5,ES / FR 2,https://api.ecomhub.app/public/products/featuredImage-1765389784927-0b8cecaf.png,https://app.ecomhub.app,12.0,preco_ideal_teste
ecomhub,a5562c35-6a4b-42c7-9c80-a461809f8c42,Sérum para unhas com veneno de abelha 50ml - Tratamento antifúngico e cuidado intensivo,nailfungus,3.7,300,0.9,1.5,ES / FR 2,https://api.ecomhub.app/public/products/featuredImage-1765979053518-8f257eda.png,https://app.ecomhub.app,12.0,preco_ideal_teste
ecomhub,4a47bc61-0b32-41c8-9f37-60782cbc0099,Contorno de Olhos Hidratante com Ácido Hialurônico e Rosa - 20g,ojoshialuronicor,3.2,200,0.9,1.5,ES / FR 2,https://api.ecomhub.app/public/products/featuredImage-1749430219525-5e7535d6.jpg,https://app.ecomhub.app,12.0,preco_ideal_teste
ecomhub,3000c83e-c840-4e95-ad4c-b4bce5471f37,Adesivo para Acne com Hidrocolóides - SADOER,hidrocoloidesacn,2.45,200,0.9,1.5,ES / FR 2,https://api.ecomhub.app/public/products/featuredImage-1749470784529-3aa8ad31.jpg,https://app.ecomhub.app,12.0,preco_ideal_teste
ecomhub,e62a3c0c-ff08-48f9-8662-90ef904616ab,Apoio para tornozelo,soportetobillo_14329,1.72,200,0.001,1.5,ES / FR 2,https://api.ecomhub.app/public/products/featuredImage-1733403108489-fce7592a.jpeg,https://app.ecomhub.app,12.0,preco_ideal_teste
ecomhub,97b7fd4c-ea22-43e0-ace6-a959743d178e,Rosa Preservada,rosagrande_15734,7.7,300,0.001,1.5,ES / FR 2,https://api.ecomhub.app/public/products/featuredImage-1752075146025-0bdbe052.jpg,https://app.ecomhub.app,12.0,preco_ideal_teste
ecomhub,6a0c1e2b-3c72-4ee3-b6a8-e8acc7db96d2,Carregador Veicular Dual USB e USB C  Com Carga Rápida e Compacta,cargador_gl69688,3.7,300,0.9,1.5,ES / FR 2,https://api.ecomhub.app/public/products/featuredImage-1746464045770-3c6e73f8.jpeg,https://app.ecomhub.app,12.0,preco_ideal_teste
ecomhub,0e239d0f-a1dc-4fa8-9391-d5082e19afb5,Suporte para tornozelo,tobilloverde_13895,2.34,200,0.001,1.5,ES / FR 2,https://api.ecomhub.app/public/products/featuredImage-1733403179401-58f7ff70.png,https://app.ecomhub.app,12.0,preco_ideal_teste
ecomhub,13dd9486-ae36-44d3-b91e-b5b033f8ddf1,Combo com 4 Adesivos Analgésicos para Dor no Joelho,kneepatch_15499,6.8,300,0.001,1.5,ES / FR 2,https://api.ecomhub.app/public/products/featuredImage-1764336571297-b3a730c2.png,https://app.ecomhub.app,12.0,preco_ideal_teste
ecomhub,46a897fd-48ae-4d54-ba8a-4ed73262aec9,Limpador Facial Clareador e Iluminador com 5 Vitaminas C Intensas - 100ml,limpiadorfacialc,3.45,200,0.9,1.5,ES / FR 2,https://api.ecomhub.app/public/products/featuredImage-1749429905893-74b99f7e.jpg,https://app.ecomhub.app,12.0,preco_ideal_teste
dropipro,2676,Set de 5 bolsas organizadoras de compresión para maleta,,6.99,299,0.68,,Dropi PRO ES,https://dropipro.com/storage/products/2676/organiza_1775833981.jpg,https://dropipro.com/app/products,11.98,preco_ideal_teste
dropipro,2391,Estante de almacenamiento multifunción de baño sin perforaciones,,3.89,199,0.5,,Dropi PRO ES,https://dropipro.com/storage/products/2391/ESTANTE_1763814172.jpg,https://dropipro.com/app/products,11.98,preco_ideal_teste
dropipro,1852,Soporte de teléfono para Bicicletas y motos,,4.69,199,0.42,,Dropi PRO ES,https://dropipro.com/storage/products/1852/SOPORTE_1740132476.jpg,https://dropipro.com/app/products,11.98,preco_ideal_teste
dropipro,1400,Masajeador de cabeza eléctrico inalámbrico,,8.49,299,0.25,,Dropi PRO ES,https://dropipro.com/storage/products/1400/MASA_2024-10-30-17-17-53.JPG,https://dropipro.com/app/products,11.98,preco_ideal_teste
dropipro,341,Aceite Esencial de Cúrcuma,,1.59,198,0.25,,Dropi PRO ES,https://dropipro.com/storage/products/341/_20230909113727_2023-09-09-11-44-41.jpg,https://dropipro.com/app/products,11.96,
dropipro,2482,Braga faja reductora con control de abdomen y cintura alta negro M/L,,3.69,197,0.35,,Dropi PRO ES,https://dropipro.com/storage/products/2482/WechatIMG2466_1765972258.jpg,https://dropipro.com/app/products,11.94,preco_ideal_teste
dropipro,1643,lámpara de pared con impresión 3D de resina águila,,8.49,297,0.46,,Dropi PRO ES,https://dropipro.com/storage/products/1643/PROY_1735222283.jpg,https://dropipro.com/app/products,11.94,preco_ideal_teste
dropipro,492,Cubo de Basura Inteligente Waste Fold - Azul,,9.75,297,1.52,,Dropi PRO ES,https://dropipro.com/storage/products/492/24098_2024-01-27-19-03-50.jpg,https://dropipro.com/app/products,11.94,preco_ideal_teste
dropipro,2543,Juego educativo interactivo de mapa mundial en fieltro para niños – 45 piezas,,6.99,296,0.7,,Dropi PRO ES,https://dropipro.com/storage/products/2543/mapa_1768225228.jpg,https://dropipro.com/app/products,11.92,preco_ideal_teste
dropipro,587,Mopa Esponja PVA con autoescurrido,,5.99,296,0.4,,Dropi PRO ES,https://dropipro.com/storage/products/587/mopa_2024-02-19-16-56-12.jpeg,https://dropipro.com/app/products,11.92,preco_ideal_teste
dropipro,54,Maquinilla cortapelo - Dragón,,4.89,195,0.25,,Dropi PRO ES,https://dropipro.com/storage/products/54/cortapelo_dragon_02-11-2022.png,https://dropipro.com/app/products,11.9,preco_ideal_teste
dropipro,191,Aplique luz solar con sensor 100 LED,,3.5,194,0.18,,Dropi PRO ES,https://dropipro.com/storage/products/191/aplique-solar-led-kira-fabrilamp_2023-04-19-14-35-47.jpg,https://dropipro.com/app/products,11.88,preco_ideal_teste
dropipro,99,Kit para hacer Sushi,,4.99,193,0.58,,Dropi PRO ES,https://dropipro.com/storage/products/99/S9b82bd950e2845c99c23f23cd2f239b2t_28-11-2022.jpg,https://dropipro.com/app/products,11.86,preco_ideal_teste
dropipro,230,Pantalón cortos sauna hombre S/M,,3.3,192,0.46,,Dropi PRO ES,https://dropipro.com/storage/products/230/71DmhUT6fdL_2023-11-16-12-19-18._AC_SL1500_.jpg,https://dropipro.com/app/products,11.84,preco_ideal_teste
dropipro,1005,Señal de mano LED control remoto,,5.49,292,0.1,,Dropi PRO ES,https://dropipro.com/storage/products/1005/61ktby1piDL_2024-07-27-16-05-05._AC_SX679_.jpg,https://dropipro.com/app/products,11.84,preco_ideal_teste
dropipro,2333,Otoscopio limpiador oidos,,3.99,191,0.24,,Dropi PRO ES,https://dropipro.com/storage/products/2333/WechatIMG2355_1762860717.jpg,https://dropipro.com/app/products,11.82,preco_ideal_teste
dropipro,378,Bell+Howell Linterna LED X22,,2.95,191,0.35,,Dropi PRO ES,https://dropipro.com/storage/products/378/61votUYPHXL_2023-10-16-19-54-26._AC_SX522_.jpg,https://dropipro.com/app/products,11.82,preco_ideal_teste
dropipro,1473,Sistema de control de presión de neumáticos,,12.99,291,0.19,,Dropi PRO ES,https://dropipro.com/storage/products/1473/SISTEMA_2024-11-13-12-31-24.jpg,https://dropipro.com/app/products,11.82,
dropipro,1443,Amplificador pantalla bluetooth 9D,,7.99,289,0.75,,Dropi PRO ES,https://dropipro.com/storage/products/1443/PANTALLA_2024-11-06-16-31-00.jpg,https://dropipro.com/app/products,11.78,preco_ideal_teste
dropipro,1635,Lámpara mesita noche para niños,,3.99,189,0.4,,Dropi PRO ES,https://dropipro.com/storage/products/1635/51UxZHEeXL._AC_SL1000__1739883785.jpg,https://dropipro.com/app/products,11.78,preco_ideal_teste
dropipro,1024,Faja reductora body beige S/M,,3.99,188,0.0,,Dropi PRO ES,https://dropipro.com/storage/products/1024/BODYBEIGE_2024-08-01-15-39-56.jpg,https://dropipro.com/app/products,11.76,preco_ideal_teste
dropipro,1504,Tobillera ultrafina de alta elasticidad 1 und,,2.09,186,0.04,,Dropi PRO ES,https://dropipro.com/storage/products/1504/TOBILL_2024-11-18-18-44-46.jpg,https://dropipro.com/app/products,11.72,preco_ideal_teste
dropipro,1542,Consola retro game stick X2 plus 4k,,18.99,383,0.55,,Dropi PRO ES,https://dropipro.com/storage/products/1542/copia_2024-11-21-18-31-41.jpg,https://dropipro.com/app/products,11.66,
dropipro,1421,Perchero multifuncional,,8.49,283,0.0,,Dropi PRO ES,https://dropipro.com/storage/products/1421/PERCHERO_2024-11-01-17-48-21.jpg,https://dropipro.com/app/products,11.66,preco_ideal_teste
dropipro,52,Limpiador de oidos,,2.99,182,0.08,,Dropi PRO ES,https://dropipro.com/storage/products/52/limpiador_oidos_02-11-2022.jpg,https://dropipro.com/app/products,11.64,preco_ideal_teste
dropipro,579,Braga Body Hip Pants S/M Beige,,3.95,182,0.2,,Dropi PRO ES,https://dropipro.com/storage/products/579/154541_2024-02-12-19-45-17.jpg,https://dropipro.com/app/products,11.64,preco_ideal_teste
dropipro,2162,Crema para el cabello con peine para cubrir canas marron,,2.69,177,0.31,,Dropi PRO ES,https://dropipro.com/storage/products/2162/CREMADRAGON_1765634674.jpg,https://dropipro.com/app/products,11.54,preco_ideal_teste
dropipro,657,Juego de destornilladores de precisión 152 en 1,,9.99,277,1.0,,Dropi PRO ES,https://dropipro.com/storage/products/657/DEST_2024-03-19-17-00-27.jpg,https://dropipro.com/app/products,11.54,preco_ideal_teste
dropipro,2625,Linterna LED recargable de alta potencia,,4.69,176,0.46,,Dropi PRO ES,https://dropipro.com/storage/products/2625/linterna_1771597722.jpg,https://dropipro.com/app/products,11.52,preco_ideal_teste
dropipro,1413,Candado de huella digital,,6.89,276,0.12,,Dropi PRO ES,https://dropipro.com/storage/products/1413/WechatIMG1757_2024-11-01-16-52-58.jpg,https://dropipro.com/app/products,11.52,preco_ideal_teste
dropipro,51,Mosquito Killer,,3.99,174,0.65,,Dropi PRO ES,https://dropipro.com/storage/products/51/mosquito_killer_02-11-2022.jpg,https://dropipro.com/app/products,11.48,preco_ideal_teste
dropipro,2134,Bye Bye Celulitis,,15.8,373,0.25,,Dropi PRO ES,https://dropipro.com/storage/products/2134/Screenshot2025-03-11at12.52.14AM_1753895119.png,https://dropipro.com/app/products,11.46,
dropipro,2480,Luz nocturna LED con detector de movimiento,,3.99,171,0.34,,Dropi PRO ES,https://dropipro.com/storage/products/2480/LUZ1_1765911257.jpg,https://dropipro.com/app/products,11.42,preco_ideal_teste
dropipro,190,Aplique luz solar con sensor 40 LED Strong,,3.25,169,0.19,,Dropi PRO ES,https://dropipro.com/storage/products/190/IP-1535_det_4_2023-04-19-14-32-51.jpg,https://dropipro.com/app/products,11.38,preco_ideal_teste
dropipro,2578,Bolsas protectoras para lavar zapatillas en lavadora,,2.89,168,0.37,,Dropi PRO ES,https://dropipro.com/storage/products/2578/bolsa_1769279577.jpg,https://dropipro.com/app/products,11.36,preco_ideal_teste
dropipro,71,Limpiador patas de perro - M,,1.99,166,0.38,,Dropi PRO ES,https://dropipro.com/storage/products/71/limpiador_patas_09-11-2022.png,https://dropipro.com/app/products,11.32,
dropipro,1883,Lámpara solar de pared exterior con 8 LED,,3.99,165,0.5,,Dropi PRO ES,https://dropipro.com/storage/products/1883/LED_1741113780.jpg,https://dropipro.com/app/products,11.3,preco_ideal_teste
dropipro,39,Lampara lunar galaxia,,4.99,165,0.58,,Dropi PRO ES,https://dropipro.com/storage/products/39/lampara_lunar_02-11-2022.jpg,https://dropipro.com/app/products,11.3,preco_ideal_teste
dropipro,1526,Ecofuel dispositivo de ahorro de combustible,,1.89,164,0.23,,Dropi PRO ES,https://dropipro.com/storage/products/1526/ahorrador_2024-11-19-18-41-14.jpg,https://dropipro.com/app/products,11.28,
dropipro,1790,Rodillo de ejercicio multifuncional,,10.49,264,1.71,,Dropi PRO ES,https://dropipro.com/storage/products/1790/GYM_1738952320.jpg,https://dropipro.com/app/products,11.28,preco_ideal_teste
dropipro,690,Linterna recargable USB,,3.25,163,0.15,,Dropi PRO ES,https://dropipro.com/storage/products/690/141-3f83e96cf40f2495fd16915233630554-1024-1024_2024-03-25-12-07-38.jpg,https://dropipro.com/app/products,11.26,preco_ideal_teste
dropipro,239,Mini Picadora Multifunción,,2.99,163,0.64,,Dropi PRO ES,"https://dropipro.com/storage/products/239/61jIo8yEH4L_2023-06-01-18-33-30._AC_UF1000,1000_QL80_.jpg",https://dropipro.com/app/products,11.26,preco_ideal_teste
dropipro,120,Sellador de bolsas al vacio,,5.99,263,0.79,,Dropi PRO ES,https://dropipro.com/storage/products/120/sellador_vacio_2023-01-25-18-27-09.png,https://dropipro.com/app/products,11.26,preco_ideal_teste
dropipro,2537,Mini máquina de sellado al vacío,,5.49,260,0.54,,Dropi PRO ES,https://dropipro.com/storage/products/2537/WechatIMG2499_1768220096.jpg,https://dropipro.com/app/products,11.2,preco_ideal_teste
dropipro,2367,Masajeador de rodilla con calefactor,,9.49,260,0.52,,Dropi PRO ES,https://dropipro.com/storage/products/2367/RODI_1763404671.jpg,https://dropipro.com/app/products,11.2,preco_ideal_teste
dropipro,1437,Cámara de Seguridad Inteligente para el Hogar,,15.99,359,0.32,,Dropi PRO ES,https://dropipro.com/storage/products/1437/CAMARAA_2024-11-06-13-26-08.jpg,https://dropipro.com/app/products,11.18,
dropipro,1068,Plancha vaporizador de mano,,14.89,259,1.16,,Dropi PRO ES,https://dropipro.com/storage/products/1068/VAPORIZADOR_2024-08-14-18-13-06.jpg,https://dropipro.com/app/products,11.18,
dropipro,1039,Balón de fútbol holográfico luminoso,,5.99,259,0.43,,Dropi PRO ES,https://dropipro.com/storage/products/1039/BALON_2024-08-04-15-47-13.jpg,https://dropipro.com/app/products,11.18,preco_ideal_teste
dropipro,1032,Almohada peluche unicornio,,7.49,257,0.31,,Dropi PRO ES,https://dropipro.com/storage/products/1032/UNICON_2024-08-01-20-27-27.JPG,https://dropipro.com/app/products,11.14,preco_ideal_teste
dropipro,32,Aumentador de Labios,,4.95,157,0.33,,Dropi PRO ES,https://dropipro.com/storage/products/32/aumentador_labios_02-11-2022.webp,https://dropipro.com/app/products,11.14,preco_ideal_teste
dropipro,529,Rizador de pestañas eléctrico recargable,,3.49,156,0.05,,Dropi PRO ES,https://dropipro.com/storage/products/529/4541_2024-02-01-17-14-46.jpg,https://dropipro.com/app/products,11.12,preco_ideal_teste
dropipro,2390,juguetes educativos 26 Tarjetas flash del alfabeto,,4.89,155,0.65,,Dropi PRO ES,https://dropipro.com/storage/products/2390/WechatIMG2380_1763812833.jpg,https://dropipro.com/app/products,11.1,preco_ideal_teste
dropipro,915,Pack 3 atomizador recargable perfume 5ml (color surtido),,2.35,155,0.03,,Dropi PRO ES,https://dropipro.com/storage/products/915/ATOMISADO_2024-06-30-15-22-36.JPG,https://dropipro.com/app/products,11.1,preco_ideal_teste
dropipro,37,Rizador de pelo triple efecto,,6.49,254,0.71,,Dropi PRO ES,https://dropipro.com/storage/products/37/rizador-triple_02-11-2022.jpg,https://dropipro.com/app/products,11.08,preco_ideal_teste
dropipro,1319,Secador iónico tipo dyson con accesorios,,18.99,353,1.22,,Dropi PRO ES,https://dropipro.com/storage/products/1319/secador_2024-09-18-18-08-27.jpg,https://dropipro.com/app/products,11.06,
dropipro,1873,Pack de 5 paquetes removedor de obstrucciones,,1.99,150,0.4,,Dropi PRO ES,https://dropipro.com/storage/products/1873/WechatIMG2046_1741110554.jpg,https://dropipro.com/app/products,11.0,
dropipro,788,Mascarilla LED de terapia,,10.95,249,0.79,,Dropi PRO ES,https://dropipro.com/storage/products/788/WechatIMG1265_2024-04-18-13-11-04.jpg,https://dropipro.com/app/products,10.98,preco_ideal_teste
dropipro,804,Sujetador adhesivo de silicona push up transparente  2uds,,1.99,149,0.08,,Dropi PRO ES,https://dropipro.com/storage/products/804/trasnp_2024-04-23-12-46-46.jpg,https://dropipro.com/app/products,10.98,dropi_stock_baixo
dropipro,431,Anillo giratorios de girasol,,1.49,146,0.15,,Dropi PRO ES,https://dropipro.com/storage/products/431/25005_2023-12-15-11-20-50.jpg,https://dropipro.com/app/products,10.92,dropi_stock_baixo
dropipro,2024,Organizador de ropa Interior,,4.89,143,0.64,,Dropi PRO ES,https://dropipro.com/storage/products/2024/ORGANIZADOOORR_1765303658.jpg,https://dropipro.com/app/products,10.86,"dropi_stock_baixo,preco_ideal_teste"
dropipro,57,Mini altavoz parlante,,2.49,143,0.31,,Dropi PRO ES,https://dropipro.com/storage/products/57/mini_speaker_03-11-2022.jpg,https://dropipro.com/app/products,10.86,"dropi_stock_baixo,preco_ideal_teste"
dropipro,989,Maquina de café  portatil eléctrico,,8.95,243,0.42,,Dropi PRO ES,https://dropipro.com/storage/products/989/CAFE_2024-07-25-17-32-35.jpg,https://dropipro.com/app/products,10.86,preco_ideal_teste
dropipro,2459,Body reductor de cintura negro M/L,,3.99,142,0.34,,Dropi PRO ES,https://dropipro.com/storage/products/2459/WechatIMG2448_1765890761.jpg,https://dropipro.com/app/products,10.84,"dropi_stock_baixo,preco_ideal_teste"
dropipro,2296,Suplemento Natural para la Próstata,,3.89,139,0.26,,Dropi PRO ES,https://dropipro.com/storage/products/2296/PROSTATA_1766402212.jpg,https://dropipro.com/app/products,10.78,"dropi_stock_baixo,preco_ideal_teste"
dropipro,1033,Almohada peluche tiburon,,7.49,239,0.31,,Dropi PRO ES,https://dropipro.com/storage/products/1033/TIBURON_2024-08-01-20-28-30.JPG,https://dropipro.com/app/products,10.78,preco_ideal_teste
dropipro,1644,lámpara de pared con impresión 3D de resina búho,,7.49,237,0.44,,Dropi PRO ES,https://dropipro.com/storage/products/1644/BUO_1735222762.JPG,https://dropipro.com/app/products,10.74,preco_ideal_teste
dropipro,1414,Espejo de maquillaje LED,,8.99,237,0.77,,Dropi PRO ES,https://dropipro.com/storage/products/1414/ESPEJO_2024-11-01-17-05-06.jpg,https://dropipro.com/app/products,10.74,preco_ideal_teste
dropipro,2046,Pulsera elegante de hojas doradas,,2.29,136,0.2,,Dropi PRO ES,https://dropipro.com/storage/products/2046/PULSERAX3_1765306787.jpg,https://dropipro.com/app/products,10.72,"dropi_stock_baixo,preco_ideal_teste"
dropipro,24,Humidificador LED - Negro,,2.99,134,0.35,,Dropi PRO ES,https://dropipro.com/storage/products/24/61JVXBr0NeL_2024-01-18-17-26-13._AC_SL1002_.jpg,https://dropipro.com/app/products,10.68,"dropi_stock_baixo,preco_ideal_teste"
dropipro,612,Botella de aceite con cepillo de silicona,,2.55,133,0.32,,Dropi PRO ES,https://dropipro.com/storage/products/612/1_2024-05-02-13-51-12.jpeg,https://dropipro.com/app/products,10.66,"dropi_stock_baixo,preco_ideal_teste"
dropipro,123,Medidor de contornos y ángulos,,2.89,132,0.5,,Dropi PRO ES,https://dropipro.com/storage/products/123/615FR9TcMbL_2024-05-24-16-39-01._AC_SX679_.jpg,https://dropipro.com/app/products,10.64,"dropi_stock_baixo,preco_ideal_teste"
dropipro,1856,Cepillo giratorio de pulverización profesional,,13.99,229,1.0,,Dropi PRO ES,https://dropipro.com/storage/products/1856/CEPILLO_1740133791.jpg,https://dropipro.com/app/products,10.58,
dropipro,2674,"Pintura anticorrosiva para metal con pincel (100 g), convertidor de óxido y restaurador de superficies",,2.49,126,0.35,,Dropi PRO ES,https://dropipro.com/storage/products/2674/RUST_1775127939.jpg,https://dropipro.com/app/products,10.52,"dropi_stock_baixo,preco_ideal_teste"
dropipro,409,Calefactor Redondo Portátil 900 Watts negro/blanco,,6.99,225,0.5,,Dropi PRO ES,"https://dropipro.com/storage/products/409/61FdV8Dc1OL_2023-12-08-18-40-34._AC_UF894,1000_QL80_.jpg",https://dropipro.com/app/products,10.5,preco_ideal_teste
dropipro,38,Aspirador de coche portátil PRO,,6.69,224,0.69,,Dropi PRO ES,https://dropipro.com/storage/products/38/aspirador_coche_02-11-2022.jpg,https://dropipro.com/app/products,10.48,preco_ideal_teste
dropipro,2478,Recogedor de excrementos portátil para mascotas,,5.49,222,0.5,,Dropi PRO ES,https://dropipro.com/storage/products/2478/MIER_1765910384.jpg,https://dropipro.com/app/products,10.44,preco_ideal_teste
dropipro,235,Espejo maquillaje con led ( vario colores ),,3.05,121,0.24,,Dropi PRO ES,https://dropipro.com/storage/products/235/a_2024-04-30-17-50-20.jpeg,https://dropipro.com/app/products,10.42,"dropi_stock_baixo,preco_ideal_teste"
dropipro,322,Bolígrafo 3D para impresión de Objetos Rosa,,6.49,221,0.44,,Dropi PRO ES,https://dropipro.com/storage/products/322/71kODXdCF1L_2023-08-31-22-09-50._AC_SX679_.jpg,https://dropipro.com/app/products,10.42,preco_ideal_teste
dropipro,1788,Calcetines de peluche hasta la rodilla para mujer,,2.99,119,0.31,,Dropi PRO ES,https://dropipro.com/storage/products/1788/CALCETINES_1738932552.jpg,https://dropipro.com/app/products,10.38,"dropi_stock_baixo,preco_ideal_teste"
dropipro,1593,Vibrador remoto inalambrico,,12.99,219,0.37,,Dropi PRO ES,https://dropipro.com/storage/products/1593/WechatIMG1850_1733336001_1775935227.jpg,https://dropipro.com/app/products,10.38,
dropipro,1855,Entrenador de agarre de fuerza de mano 15KG,,7.99,218,1.16,,Dropi PRO ES,https://dropipro.com/storage/products/1855/EJERCI_1740133555.jpg,https://dropipro.com/app/products,10.36,preco_ideal_teste
dropipro,1811,Lámpara de astronauta con altavoz,,10.99,217,0.58,,Dropi PRO ES,https://dropipro.com/storage/products/1811/ASTRO_1739298989.jpg,https://dropipro.com/app/products,10.34,preco_ideal_teste
dropipro,2603,Kit de revestimiento cerámico 3 en 1 para arañazos de coche,,2.89,116,0.35,,Dropi PRO ES,https://dropipro.com/storage/products/2603/cera_1770735550.jpg,https://dropipro.com/app/products,10.32,"dropi_stock_baixo,preco_ideal_teste"
dropipro,137,Esterilizador de cepillos de dientes,,3.79,115,0.48,,Dropi PRO ES,https://dropipro.com/storage/products/137/1_2024-03-11-23-09-02.jpeg,https://dropipro.com/app/products,10.3,"dropi_stock_baixo,preco_ideal_teste"
dropipro,1797,Plumero eléctrico recargable 2 en 1,,7.49,212,0.6,,Dropi PRO ES,https://dropipro.com/storage/products/1797/PLUM_1739206078.JPG,https://dropipro.com/app/products,10.24,preco_ideal_teste
dropipro,745,Leggings Corto Elástico Push Up gris S/M,,2.89,111,0.11,,Dropi PRO ES,https://dropipro.com/storage/products/745/2024-04-0418_2024-04-04-18-37-51.17.png,https://dropipro.com/app/products,10.22,"dropi_stock_baixo,preco_ideal_teste"
dropipro,862,Alfombras antideslizantes azul cocina 2und,,4.69,110,1.3,,Dropi PRO ES,https://dropipro.com/storage/products/862/WechatIMG24_2024-05-31-19-28-09.jpg,https://dropipro.com/app/products,10.2,"dropi_stock_baixo,preco_ideal_teste"
dropipro,148,Escurridor para fregadero,,3.5,110,0.31,,Dropi PRO ES,https://dropipro.com/storage/products/148/BN1144-4_2023-02-28-15-46-49.jpg,https://dropipro.com/app/products,10.2,"dropi_stock_baixo,preco_ideal_teste"
dropipro,677,Organizador para fregadero extensible,,2.99,109,0.31,,Dropi PRO ES,https://dropipro.com/storage/products/677/ESCURRIDOR_2024-03-22-17-15-15.jpeg,https://dropipro.com/app/products,10.18,"dropi_stock_baixo,preco_ideal_teste"
dropipro,143,Metralleta Burbujas,,1.89,108,0.39,,Dropi PRO ES,https://dropipro.com/storage/products/143/PISTOLA-DE-20-CM-3_2024-01-18-13-51-02.jpg,https://dropipro.com/app/products,10.16,dropi_stock_baixo
dropipro,800,Cepillo para mascotas 2 en 1,,2.29,108,0.38,,Dropi PRO ES,https://dropipro.com/storage/products/800/CEP_2024-04-20-18-50-04.jpg,https://dropipro.com/app/products,10.16,"dropi_stock_baixo,preco_ideal_teste"
dropipro,992,Bomba de aire alta calidad,,16.89,307,0.71,,Dropi PRO ES,https://dropipro.com/storage/products/992/COMPRESOR_2024-07-25-17-58-59.jpg,https://dropipro.com/app/products,10.14,
dropipro,144,Irrigador dental profesional (colores variado),,4.69,107,0.46,,Dropi PRO ES,https://dropipro.com/storage/products/144/WechatIMG173_2023-02-28-15-27-50.jpeg,https://dropipro.com/app/products,10.14,"dropi_stock_baixo,preco_ideal_teste"
dropipro,49,Trípode 3D selfies,,4.85,107,0.25,,Dropi PRO ES,https://dropipro.com/storage/products/49/tripode_02-11-2022.jpg,https://dropipro.com/app/products,10.14,"dropi_stock_baixo,preco_ideal_teste"
dropipro,305,Organizador Zapatos,,7.99,206,1.5,,Dropi PRO ES,"https://dropipro.com/storage/products/305/61e6HZ10-XL_2023-07-30-15-17-45._AC_UF1000,1000_QL80_.jpg",https://dropipro.com/app/products,10.12,preco_ideal_teste
dropipro,576,Cepillo de Limpieza Portátil Recargable,,4.99,104,0.28,,Dropi PRO ES,https://dropipro.com/storage/products/576/Sa253502644df47d8adbfb1930ce39b47b_2024-02-10-19-18-15.jpg_640x640Q90.jpg,https://dropipro.com/app/products,10.08,"dropi_stock_baixo,preco_ideal_teste"
dropipro,2357,Esterilizador UV portátil,,3.89,102,0.31,,Dropi PRO ES,https://dropipro.com/storage/products/2357/WechatIMG2367_1763398626.jpg,https://dropipro.com/app/products,10.04,"dropi_stock_baixo,preco_ideal_teste"
dropipro,1928,Soporte de zapatos de 4 capas,,5.89,202,0.98,,Dropi PRO ES,https://dropipro.com/storage/products/1928/ZAPATERO-24310_1764701647.jpg,https://dropipro.com/app/products,10.04,preco_ideal_teste
dropipro,2445,Lámpara de cristal multifunción para mesita,,6.49,200,0.67,,Dropi PRO ES,https://dropipro.com/storage/products/2445/Lampa_1765881103.jpg,https://dropipro.com/app/products,10.0,preco_ideal_teste
dropipro,2103,Juego de Destornillador Portátil 51 en 1,,7.99,200,0.49,,Dropi PRO ES,https://dropipro.com/storage/products/2103/61B2fOF3qyL._AC_SL1361_1_1753200598.jpg,https://dropipro.com/app/products,10.0,preco_ideal_teste
dropipro,1808,Cojín de asiento frio y calor,,11.99,200,1.6,,Dropi PRO ES,https://dropipro.com/storage/products/1808/cojin_1739294751.jpg,https://dropipro.com/app/products,10.0,preco_ideal_teste
ecomhub,a4074052-8300-4069-9b9c-230ca40ceb72,Cápsulas de Óleo Essencial Antirrugas SADOER 5 em 1 50g,sadoer5en150ml,4.9,200,0.9,1.5,ES / FR 2,https://api.ecomhub.app/public/products/featuredImage-1776434170499-a4a9c59a.png,https://app.ecomhub.app,10.0,preco_ideal_teste
ecomhub,ca89ad3f-bf88-42dd-8d3b-68658ba38e7e,transmissores FM de carro,fmtransmi_g-1232,3.6,200,0.9,1.5,ES / FR 2,https://api.ecomhub.app/public/products/featuredImage-1750080644722-c4dbea11.png,https://app.ecomhub.app,10.0,preco_ideal_teste
ecomhub,b828dcd5-dfaf-4ece-b449-c9b26dcc4ab1,Caixa de Som Bluetooth TG337,tgspeaker_v-7460,7.7,200,0.001,1.5,ES / FR 2,https://api.ecomhub.app/public/products/featuredImage-1737652568874-1cc6de25.jpeg,https://app.ecomhub.app,10.0,preco_ideal_teste
ecomhub,4dc54860-f77a-4a5e-b238-7226267c7824,Pulverizador de Óleo - 200 ml,15545,2.1,100,0.001,1.5,ES / FR 2,https://api.ecomhub.app/public/products/featuredImage-1736858182523-ccedd746.jpeg,https://app.ecomhub.app,10.0,preco_ideal_teste
ecomhub,53b90bb7-bc58-4369-8b39-f041ecab7bd3,Spray Antiparasitário para Pets 100 ml - Retinol Complex,antiparasitomasc,5.65,200,0.9,1.5,ES / FR 2,https://api.ecomhub.app/public/products/featuredImage-1766341191312-76666768.png,https://app.ecomhub.app,10.0,preco_ideal_teste
ecomhub,cde01a58-d7d3-4337-9428-e7e21ecd398b,Almofadas de Borracha para Máquinas de Lavar,almolavadora_15344,2.13,100,0.001,1.5,ES / FR 2,https://api.ecomhub.app/public/products/featuredImage-1733331102737-e35d0a2a.jpeg,https://app.ecomhub.app,10.0,preco_ideal_teste
ecomhub,a6df2312-06db-4315-8ee9-b79d2ec6ca65,Protetor Solar Beauty of Joseon,jo_8809782555508,4.58,200,0.001,1.5,ES / FR 2,https://api.ecomhub.app/public/products/featuredImage-1733695007377-a582a511.jpg,https://app.ecomhub.app,10.0,preco_ideal_teste
ecomhub,5d956d6b-c1cd-4f89-a017-4b473acd3524,Paleta de Maquiagem COCO URBAN - Completa e Profissional,paletacocourban,11.2,200,0.9,1.5,ES / FR 2,https://api.ecomhub.app/public/products/featuredImage-1765978708623-b6334c1f.png,https://app.ecomhub.app,10.0,
ecomhub,915cfc61-46b2-4e95-9029-e461b4392d11,Aplicador de cílios postiços de plástico - Precisão e posicionamento perfeito,aplicador_16103,1.0,100,0.9,1.5,ES / FR 2,https://api.ecomhub.app/public/products/featuredImage-1774452866454-a057abd4.png,https://app.ecomhub.app,10.0,preco_ideal_teste
ecomhub,d56891f3-c567-4bf8-858e-3e1f6e9a998f,Super Bronzer 200ml Complexo de Retinol,superbronceador,5.65,200,0.9,1.5,ES / FR 2,https://api.ecomhub.app/public/products/featuredImage-1760443625020-774f1845.png,https://app.ecomhub.app,10.0,preco_ideal_teste
ecomhub,175d6fac-924b-4d22-9943-8928e43e55cd,Creme Antiarrugas Reafirmante de Duplo Efeito,reafirmantdoblef,6.65,200,0.9,1.5,ES / FR 2,https://api.ecomhub.app/public/products/featuredImage-1747424417835-c1c54b7a.jpg,https://app.ecomhub.app,10.0,preco_ideal_teste
ecomhub,5c68c639-972d-4464-a2c2-114f3463ffc7,Cortador de filme plástico com trava de segurança,dispensado_14356,6.3,200,0.9,1.5,ES / FR 2,https://api.ecomhub.app/public/products/featuredImage-1770833903019-05c598f2.png,https://app.ecomhub.app,10.0,preco_ideal_teste
ecomhub,4e04f044-21c1-4b76-9d95-3655140a209b,Pack de Massageador de Pés  Acessórios,piesyartic_,8.84,200,0.001,1.5,ES / FR 2,https://api.ecomhub.app/public/products/featuredImage-1732882025554-2290ec80.jpg,https://app.ecomhub.app,10.0,preco_ideal_teste
ecomhub,7ce48690-0442-4573-b709-7b1a134b9cd2,Cortador de legumes multifuncional,picadordev_14140,12.15,200,0.9,1.5,ES / FR 2,https://api.ecomhub.app/public/products/featuredImage-1775406122617-317dbfeb.png,https://app.ecomhub.app,10.0,
ecomhub,a7c33428-7c4d-4698-bf77-25d0b8a70fe0,Abajur de mesa com proteção para os olhos,desklamp_gl69779,6.7,200,0.9,1.5,ES / FR 2,https://api.ecomhub.app/public/products/featuredImage-1746799864656-6a193cc7.png,https://app.ecomhub.app,10.0,preco_ideal_teste
ecomhub,c83a6319-88d0-486b-a63b-80a32bf928ab,Pelúcia de Porquinho,peluchecer_15013,4.4,200,0.001,1.5,ES / FR 2,https://api.ecomhub.app/public/products/featuredImage-1736944973777-a6f737c6.jpeg,https://app.ecomhub.app,10.0,preco_ideal_teste
ecomhub,a599b313-f6de-4140-8c27-9729d931c5e5,Cinta Completa de Uma Peça,fajacomplt_13461,4.58,200,0.001,1.5,ES / FR 2,https://api.ecomhub.app/public/products/featuredImage-1732884842446-67cbff77.jpg,https://app.ecomhub.app,10.0,preco_ideal_teste
ecomhub,ec85f695-b06e-428b-9723-666f84ca19d6,Candeeiro de mesa LED de cristal,lamp_14646,9.17,200,0.001,1.5,ES / FR 2,https://api.ecomhub.app/public/products/featuredImage-1733143398287-ae911c75.jpeg,https://app.ecomhub.app,10.0,preco_ideal_teste
ecomhub,f30f6e5c-32aa-4769-bdbb-122d86390590,Torneira com 3 velocidades ajustáveis,grifo_ab-j306,2.18,100,0.001,1.5,ES / FR 2,https://api.ecomhub.app/public/products/featuredImage-1733485206750-073875cf.jpeg,https://app.ecomhub.app,10.0,preco_ideal_teste
ecomhub,eabc4f4d-4029-413c-8cbd-2bff9fd51efc,Cortador de Legumes Multifuncional 8 em 1,picado8en1_14571,10.1,200,0.9,1.5,ES / FR 2,https://api.ecomhub.app/public/products/featuredImage-1776435129379-e0d363da.png,https://app.ecomhub.app,10.0,preco_ideal_teste
ecomhub,5e92f0a1-fbc8-4ec3-9702-801e77ed0c02,Adesivos EELHOE para alívio da dor no joelho - 10 unidades - Alívio localizado e prático,eelhoeparches10p,3.4,100,0.9,1.5,ES / FR 2,https://api.ecomhub.app/public/products/featuredImage-1774452156236-91251558.png,https://app.ecomhub.app,10.0,preco_ideal_teste
ecomhub,e771ac88-a698-4572-acfd-3461baaaf132,Mochila Antirroubo para Homem,bandolera_15534,7.64,200,0.001,1.5,ES / FR 2,https://api.ecomhub.app/public/products/featuredImage-1733694067652-9e01b812.jpg,https://app.ecomhub.app,10.0,preco_ideal_teste
ecomhub,e04d96d1-648d-4b47-9b8f-72b3f36176c8,Adesivos Invisíveis para Calcanhar,talonera_15328,1.52,100,0.001,1.5,ES / FR 2,https://api.ecomhub.app/public/products/featuredImage-1746208666371-8d99b285.jpeg,https://app.ecomhub.app,10.0,preco_ideal_teste
ecomhub,fbe8f0b1-6323-4aa9-9813-d32781b65250,Creme Anti-Idade com Colágeno e Peptídeo Ativo - 50ML,antiarrugasplapt,4.65,200,0.9,1.5,ES / FR 2,https://api.ecomhub.app/public/products/featuredImage-1747482771139-662cf170.jpg,https://app.ecomhub.app,10.0,preco_ideal_teste
ecomhub,cf8cf00a-72fc-4ff8-aa35-a4d515f0b97e,Creme Hidratante Rejuvenescedora com Aloe Vera,cremhidraloevera,4.1,200,0.001,1.5,ES / FR 2,https://api.ecomhub.app/public/products/featuredImage-1737051692429-9bf296aa.png,https://app.ecomhub.app,10.0,preco_ideal_teste
ecomhub,91c2e419-b3e8-437e-af23-a3f76ade6dd9,Humidificador Bule Mágico,humidifitetera,11.1,200,0.001,1.5,ES / FR 2,https://api.ecomhub.app/public/products/featuredImage-1737029762668-1b5014b6.jpeg,https://app.ecomhub.app,10.0,
ecomhub,c038cdff-7aaf-40bc-a84c-8044738ce0d3,Pistola de bolhas de mini metralhadora,miniburbuja_14203,3.05,100,0.001,1.5,ES / FR 2,https://api.ecomhub.app/public/products/featuredImage-1733486912161-5aefe64d.jpeg,https://app.ecomhub.app,10.0,preco_ideal_teste
ecomhub,825d8f67-fa8e-476a-81af-aacd645c0b6b,Creme Facial Iluminador Arbutina,hidrataciontrane,3.9,200,0.9,1.5,ES / FR 2,https://api.ecomhub.app/public/products/featuredImage-1774445862381-8a83b4c0.png,https://app.ecomhub.app,10.0,preco_ideal_teste
ecomhub,b6ab9c72-8d8f-47a8-bcf6-f0fe2037bba4,Kit de Costura Profissional 72 Peças,costura72p_15345,2.1,100,0.9,1.5,ES / FR 2,https://api.ecomhub.app/public/products/featuredImage-1747054809870-065b7942.png,https://app.ecomhub.app,10.0,preco_ideal_teste
ecomhub,ccec56a9-e2e3-4b1e-97b4-430b9f077fe9,Espumador e batedor  2 em 1,espumador_14226,4.07,200,0.001,1.5,ES / FR 2,https://api.ecomhub.app/public/products/featuredImage-1733334850741-9088c18b.jpeg,https://app.ecomhub.app,10.0,preco_ideal_teste
ecomhub,95d9c3ed-59af-4674-aa7a-42af8292666f,Pack Massajador Facial e Máscara de Chá Verde,packmasaje-tverd,8.11,200,0.001,1.5,ES / FR 2,https://api.ecomhub.app/public/products/featuredImage-1733695221138-1c3ccf60.jpg,https://app.ecomhub.app,10.0,preco_ideal_teste
ecomhub,fbff8134-795e-4e99-ad13-5d82e2117cc4,Prancha de cabelo profissional de alta precisão,plancha_14445,11.3,200,0.9,1.5,ES / FR 2,https://api.ecomhub.app/public/products/featuredImage-1776258169352-dbbd55a8.png,https://app.ecomhub.app,10.0,
ecomhub,9e457eb6-e102-4b0d-a802-79cdd4cb9c2b,Máquina de massagem facial firmadora e lifting HUAYUGEYAO,maquinhuayugeyao,6.65,200,0.9,1.5,ES / FR 2,https://api.ecomhub.app/public/products/featuredImage-1747423020215-05f450e6.jpg,https://app.ecomhub.app,10.0,preco_ideal_teste
ecomhub,a611d0e1-29ac-4ae3-8cac-38bb3cccbee3,Espumador e batedor,espumador_14528,2.34,100,0.001,1.5,ES / FR 2,https://api.ecomhub.app/public/products/featuredImage-1733401526475-e8d611f2.jpeg,https://app.ecomhub.app,10.0,preco_ideal_teste
ecomhub,25c9cf5a-d014-43ec-b32b-e3a512989ac5,Creme Facial anti sinais,cremaantied_15535,4.58,200,0.001,1.5,ES / FR 2,https://api.ecomhub.app/public/products/featuredImage-1733490074752-e283a1ee.jpeg,https://app.ecomhub.app,10.0,preco_ideal_teste
ecomhub,ef1faf62-c3fa-4596-bcb0-ee52acb76224,Máscara Facial Hidratante de Romã,mascarigranada,4.65,200,0.9,1.5,ES / FR 2,https://api.ecomhub.app/public/products/featuredImage-1747922334317-1b52732d.jpeg,https://app.ecomhub.app,10.0,preco_ideal_teste
ecomhub,f04f8a7d-41c8-4c5c-819c-83931d93b79a,Carregador magnético sem fio de 10000 mAh com fonte de alimentação com fio,powerban_gl69780,9.8,200,0.9,1.5,ES / FR 2,https://api.ecomhub.app/public/products/featuredImage-1747062527234-9b1841b3.png,https://app.ecomhub.app,10.0,preco_ideal_teste
ecomhub,cb835443-581a-4ef9-8bf9-64bde829a462,Compressor de Ar Portátil 300 PSI Inflador Elétrico para Pneus de Carro,compreso_gl69832,8.7,200,0.9,1.5,ES / FR 2,https://api.ecomhub.app/public/products/featuredImage-1745929199847-37dfa8b5.jpg,https://app.ecomhub.app,10.0,preco_ideal_teste
ecomhub,7618f069-0b97-461f-85ee-2d194dab0d69,Barbeador elétrico rotativo para homens,maquina_gl69971,11.3,200,0.9,1.5,ES / FR 2,https://api.ecomhub.app/public/products/featuredImage-1746796257980-e2917a10.jpg,https://app.ecomhub.app,10.0,
ecomhub,8bf86c77-cd7d-4ff5-9b18-a38460b21bc0,Essência Facial Clareadora Iluminadora - 45ML,blanqueadoilumin,5.2,200,0.9,1.5,ES / FR 2,https://api.ecomhub.app/public/products/featuredImage-1747485990351-0670bb0c.png,https://app.ecomhub.app,10.0,preco_ideal_teste
ecomhub,12793311-21c1-40f4-82ca-2569a61fb8ae,Torneira Giratória,grifogiratorio_1024680135790,4.53,200,0.001,1.5,ES / FR 2,https://api.ecomhub.app/public/products/featuredImage-1733762834139-c99f9a98.jpeg,https://app.ecomhub.app,10.0,preco_ideal_teste
ecomhub,b6921000-74c3-4e13-9e6d-e330edf3eb3b,Creme Reafirmante com Placenta de Ninho de Pássaro - 50g,placentanidodepa,4.7,200,0.9,1.5,ES / FR 2,https://api.ecomhub.app/public/products/featuredImage-1747489863832-e59b80c1.png,https://app.ecomhub.app,10.0,preco_ideal_teste
ecomhub,19590d0d-7cf2-41ba-94e4-bf61516799ff,Máscara de Cílios Voluminizadora e Curvadora,mascaratigre,3.7,200,0.001,1.5,ES / FR 2,https://api.ecomhub.app/public/products/featuredImage-1733326374259-46eedb70.jpeg,https://app.ecomhub.app,10.0,preco_ideal_teste
ecomhub,4653cfee-5a3f-41bc-b137-aa4b6cc71444,Combo de 4 Unidades SÉRUM CLAREADOR,blancodiente_15232,10.0,200,0.001,1.5,ES / FR 2,https://api.ecomhub.app/public/products/featuredImage-1751917535286-896a8e7d.jpeg,https://app.ecomhub.app,10.0,preco_ideal_teste
ecomhub,04dcb9f4-963f-4276-b702-26efd237319a,Elefante de Pelúcia Macia,elefantefe_15014,4.4,200,0.001,1.5,ES / FR 2,https://api.ecomhub.app/public/products/featuredImage-1736943715297-d9488b57.jpeg,https://app.ecomhub.app,10.0,preco_ideal_teste
ecomhub,7ca6a669-8f4f-4067-a060-260358aecb83,Creme Facial de Nata Batida com Colágeno 50 ml - Retinol Complex,natamontada50ml,5.65,200,0.9,1.5,ES / FR 2,https://api.ecomhub.app/public/products/featuredImage-1766342598098-a512275a.png,https://app.ecomhub.app,10.0,preco_ideal_teste
ecomhub,f2e977fd-53dc-44f9-8257-ea26f5271689,Combo de 2 unidades SÉRUM CLAREADOR,blancodiente_15232,5.0,200,0.001,1.5,ES / FR 2,https://api.ecomhub.app/public/products/featuredImage-1751917301181-60a5318d.jpeg,https://app.ecomhub.app,10.0,preco_ideal_teste
ecomhub,4d524227-6d98-4b7c-bcde-edf47890711f,Aparador Elétrico Suave e Sem Irritação,rasurado_gl69976,11.3,200,0.9,1.5,ES / FR 2,https://api.ecomhub.app/public/products/featuredImage-1745927780473-695743e2.jpg,https://app.ecomhub.app,10.0,
ecomhub,059647da-de39-4426-860d-38c539ed5668,Creme Anti-Idade Multiefecto Pro-Xylane - 50ML,multieproxylaine,6.2,200,0.9,1.5,ES / FR 2,https://api.ecomhub.app/public/products/featuredImage-1747485075646-0e051fca.png,https://app.ecomhub.app,10.0,preco_ideal_teste
ecomhub,a2bdeb1e-c8ab-4284-bf95-9f58453d5742,Fones de Ouvido com Tela,aur_panta_v-7311,10.7,200,0.001,1.5,ES / FR 2,https://api.ecomhub.app/public/products/featuredImage-1734033627841-8c8beb16.JPG,https://app.ecomhub.app,10.0,
ecomhub,46d6b4ab-88cb-4ca9-a857-6a14a9bc8017,Creme Facial Anti-Idade com Caviar Proxilano,cremacaviarproxi,6.1,200,0.001,1.5,ES / FR 2,https://api.ecomhub.app/public/products/featuredImage-1737133696254-2b5fad0a.jpeg,https://app.ecomhub.app,10.0,preco_ideal_teste
ecomhub,00a14107-8924-4931-8288-ce0c85edabf9,Aparador elétrico 3 em 1 para barba nariz e cabelo,cortapel_gl69973,8.7,200,0.9,1.5,ES / FR 2,https://api.ecomhub.app/public/products/featuredImage-1745946153078-5e3718e0.jpeg,https://app.ecomhub.app,10.0,preco_ideal_teste
ecomhub,b622bbfc-2f8b-4efa-a37b-4046c067e78c,Combo de 2 unidades do Adesivo Detox para Pés,parchepies_15317,4.68,200,0.001,1.5,ES / FR 2,https://api.ecomhub.app/public/products/featuredImage-1755605419880-4f958a83.jpeg,https://app.ecomhub.app,10.0,preco_ideal_teste
ecomhub,28074e55-8214-416f-86ae-59aaf732bca3,Mini aerador para vinhos tintos,miniairead_14526,2.6,100,0.9,1.5,ES / FR 2,https://api.ecomhub.app/public/products/featuredImage-1776439137949-c428b880.png,https://app.ecomhub.app,10.0,preco_ideal_teste
ecomhub,f8c5ed7b-032e-44a7-b2f5-4f5f69a3e7fa,Escova elétrica para remoção de pelos de animais de estimação,pethair_14293,6.7,200,0.9,1.5,ES / FR 2,https://api.ecomhub.app/public/products/featuredImage-1765314346479-1796e2cf.png,https://app.ecomhub.app,10.0,preco_ideal_teste
ecomhub,812f35f4-57cb-4034-96df-1d031665a7e9,Divisor HDMI 4K 1 Entrada 2 Saídas Simultâneas,hdmi4kdi_gl69408,4.6,200,0.9,1.5,ES / FR 2,https://api.ecomhub.app/public/products/featuredImage-1745933429764-46428803.jpeg,https://app.ecomhub.app,10.0,preco_ideal_teste
ecomhub,f386dfc8-1d7c-4c77-9f21-974e4d60dc3c,Máscara Capilar com Queratina Líquida,mascacapilquerat,4.4,200,0.001,1.5,ES / FR 2,https://api.ecomhub.app/public/products/featuredImage-1737133350884-15b26f2b.png,https://app.ecomhub.app,10.0,preco_ideal_teste
ecomhub,9ef4d025-f1b0-4a29-8397-5987135d0d66,Bolsa Multiuso para Celular,bolsacelu_v-8322,2.6,100,0.9,1.5,ES / FR 2,https://api.ecomhub.app/public/products/featuredImage-1746465732301-7712c575.jpg,https://app.ecomhub.app,10.0,preco_ideal_teste
ecomhub,1fae451e-ce28-4771-a0d3-eed1d2a498da,Henna profissional para sobrancelhas castanhas - 15ml - 15ml,hennamarroncejas,3.7,200,0.9,1.5,ES / FR 2,https://api.ecomhub.app/public/products/featuredImage-1749471080419-97e2ef0f.jpg,https://app.ecomhub.app,10.0,preco_ideal_teste
ecomhub,77b0fee8-2d69-4a52-89b0-88a3dfc0dffe,Maleta de Maquiagem Profissional,maletamaq_15717,9.7,200,0.001,1.5,ES / FR 2,https://api.ecomhub.app/public/products/featuredImage-1737035167013-cc02a268.jpeg,https://app.ecomhub.app,10.0,preco_ideal_teste
ecomhub,68ad32dd-e5c1-47d5-9d48-b86ace734210,Luzes LED Azul,lucesled50,2.5,100,0.001,1.5,ES / FR 2,https://api.ecomhub.app/public/products/featuredImage-1733230049294-8a43fd60.jpeg,https://app.ecomhub.app,10.0,preco_ideal_teste
ecomhub,99b17cca-27fe-4b9c-a6db-41348ff901cc,Henna profissional para sobrancelhas pretas - 15ml - 15ml,hennanegrocejas,3.7,200,0.9,1.5,ES / FR 2,https://api.ecomhub.app/public/products/featuredImage-1749434598355-787cf8ac.jpg,https://app.ecomhub.app,10.0,preco_ideal_teste
ecomhub,5a9582d8-2a84-479b-a18c-dc7344b655d8,Combo do Ventilador de pescoço fresco e sem hélices e Ventilador portátil de 3 velocidades,cuelloventila_14788,7.22,200,0.001,1.5,ES / FR 2,https://api.ecomhub.app/public/products/featuredImage-1752585562022-b5bc657d.png,https://app.ecomhub.app,10.0,preco_ideal_teste
ecomhub,0bd98cfd-d8c8-41b1-9bbb-65521810ca2c,Prancha de cabelo profissional de alto desempenho F13,alizadorf1_14099,9.9,200,0.9,1.5,ES / FR 2,https://api.ecomhub.app/public/products/featuredImage-1769191679604-4261b987.png,https://app.ecomhub.app,10.0,preco_ideal_teste
ecomhub,dbbd26f9-4f2a-4dfb-bf10-8b8638cd9393,Tornozeleira,tobillera,2.74,100,0.001,1.5,ES / FR 2,https://api.ecomhub.app/public/products/featuredImage-1734034122308-18c8ed3b.JPG,https://app.ecomhub.app,10.0,preco_ideal_teste
ecomhub,1d71e574-c405-4b10-925b-a332845d5b1b,Torneira giratória com 5 velocidades,grifo_ab-j308,3.05,100,0.001,1.5,ES / FR 2,https://api.ecomhub.app/public/products/featuredImage-1733935921500-3ecc4af4.jpeg,https://app.ecomhub.app,10.0,preco_ideal_teste
ecomhub,51cba3aa-86ef-454b-8b19-bb49876bba02,Creme Facial Revitalizante com Colágeno,cremarevital_0608,4.59,200,0.001,1.5,ES / FR 2,https://api.ecomhub.app/public/products/featuredImage-1733406885874-0f6f0896.jpg,https://app.ecomhub.app,10.0,preco_ideal_teste
ecomhub,fe44b774-3b17-4b3b-9de3-290edbe717a2,Sérum Ativador Celular com Abacate e Hialuronato de Sódio,serum2en1aguacat,3.1,100,0.001,1.5,ES / FR 2,https://api.ecomhub.app/public/products/featuredImage-1737119461495-2f76b949.png,https://app.ecomhub.app,10.0,preco_ideal_teste
ecomhub,c1912094-da81-46b1-9659-88b2d9dd5621,Garrafa para água,botellaperro_14708,5.09,200,0.001,1.5,ES / FR 2,https://api.ecomhub.app/public/products/featuredImage-1733402948289-328dfee3.jpeg,https://app.ecomhub.app,10.0,preco_ideal_teste
ecomhub,9bc239d9-5ff7-4e9b-b2c7-8e29c7850cb3,Rolo de massagem facial Jade,rodilljade_14047,5.2,200,0.9,1.5,ES / FR 2,https://api.ecomhub.app/public/products/featuredImage-1747051969169-738d9a5c.png,https://app.ecomhub.app,10.0,preco_ideal_teste
ecomhub,86db4679-2bdd-4c19-9e01-9b0da8cfa034,Pistola de Massagem,masaje_g-1509,10.2,200,0.5,1.5,ES / FR 2,https://api.ecomhub.app/public/products/featuredImage-1760547839691-79c3a29f.jpg,https://app.ecomhub.app,10.0,preco_ideal_teste
ecomhub,148a4eef-21e6-49fd-bef9-6c0869f366d8,Pincel esfoliante facial,exfolia_rosa-13397,3.51,200,0.001,1.5,ES / FR 2,https://api.ecomhub.app/public/products/featuredImage-1733321314989-f1ad2278.jpeg,https://app.ecomhub.app,10.0,preco_ideal_teste
ecomhub,cf74cdd8-8b7a-45aa-9197-c7a2a0892052,Contorno de Olhos Reafirmante Antiarrugas com Placenta de Ovelha - 50g,placentadeovejan,4.7,200,0.9,1.5,ES / FR 2,https://api.ecomhub.app/public/products/featuredImage-1747489636130-5a3d7945.png,https://app.ecomhub.app,10.0,preco_ideal_teste
ecomhub,b1340ee2-5222-4432-935f-8b01bd6689e9,Cabo USB 2 em 1,cabl2en1_gl69607,2.6,100,0.001,1.5,ES / FR 2,https://api.ecomhub.app/public/products/featuredImage-1737034902613-0c892226.jpeg,https://app.ecomhub.app,10.0,preco_ideal_teste
ecomhub,b2481886-9ba1-438a-9109-7342bc2879fa,Bandas Elasticas,ligaselasticas_14352,4.07,200,0.001,1.5,ES / FR 2,https://api.ecomhub.app/public/products/featuredImage-1733495912770-5bd9b288.jpeg,https://app.ecomhub.app,10.0,preco_ideal_teste
ecomhub,9be61d2d-52e5-4163-a023-45cfb766c32a,Caixa de Som Bluetooth M9 Mini,speakerm9_v-5702,5.7,200,0.001,1.5,ES / FR 2,https://api.ecomhub.app/public/products/featuredImage-1746886229183-62609f30.jpeg,https://app.ecomhub.app,10.0,preco_ideal_teste
ecomhub,24515252-6547-4169-85fb-13a63f5cba29,PISTOLA DE BURBUJAS ANGEL,burbujas_15395,5.6,200,0.001,1.5,ES / FR 2,https://api.ecomhub.app/public/products/featuredImage-1733505112979-c647df96.jpeg,https://app.ecomhub.app,10.0,preco_ideal_teste
ecomhub,b90a8a91-3b2f-4280-a055-495bbdef2d9e,Creme Facial Hidratante com Colágeno para Rejuvenescimento e Elasticidade da Pele,cremaperla-tuz,7.15,200,0.001,1.5,ES / FR 2,https://api.ecomhub.app/public/products/featuredImage-1737127089574-e684fbef.jpeg,https://app.ecomhub.app,10.0,preco_ideal_teste
ecomhub,9ee7ef24-be90-4941-94b1-ddb78d9c97c4,Capa de sofá marrom,fundasofad_13715,9.5,200,0.9,1.5,ES / FR 2,https://api.ecomhub.app/public/products/featuredImage-1776463330917-ed45e870.png,https://app.ecomhub.app,10.0,preco_ideal_teste
ecomhub,420c4245-baef-4ceb-80a3-8845e9ac045b,Creme Rejuvenescedor e Preenchedor com Colágeno e Peptídeo Ativo - 50ML,colagenoypeptido,4.7,200,0.9,1.5,ES / FR 2,https://api.ecomhub.app/public/products/featuredImage-1747484208597-65962832.png,https://app.ecomhub.app,10.0,preco_ideal_teste
ecomhub,29331b82-2f33-48f8-b5f6-747ca3810d9f,Creme Facial Clareadora com Extrato de Pérola,cremaextracperla,4.1,200,0.001,1.5,ES / FR 2,https://api.ecomhub.app/public/products/featuredImage-1737052164959-162acc73.jpeg,https://app.ecomhub.app,10.0,preco_ideal_teste
ecomhub,9311fd7d-9962-45f4-96ae-547b0c91507c,Creme facial Bianco Latte 110ml DDonna,bianco-cream,3.2,100,0.9,1.5,ES / FR 2,https://api.ecomhub.app/public/products/featuredImage-1775048456534-2857cd49.png,https://app.ecomhub.app,10.0,preco_ideal_teste
ecomhub,84eeec72-c612-49a7-8dbb-25ae0db0a75d,Máscara Facial Ácido Hialurônico,mascara_46954,2.53,100,0.001,1.5,ES / FR 2,https://api.ecomhub.app/public/products/featuredImage-1733409670264-7d5978c0.jpeg,https://app.ecomhub.app,10.0,preco_ideal_teste
ecomhub,6481fcd8-07e4-4bd2-89c2-89d988eee7ec,Mini Móvel,minimovilv-6126,10.7,200,0.001,1.5,ES / FR 2,https://api.ecomhub.app/public/products/featuredImage-1734036653264-80c7bf42.JPG,https://app.ecomhub.app,10.0,
ecomhub,bca76866-eea9-4219-a02a-3c013fb17513,Máscara EELHOE Absorvente de Colágeno,eelhoemask_15681,3.97,200,0.001,1.5,ES / FR 2,https://api.ecomhub.app/public/products/featuredImage-1756991353344-a5af3413.jpeg,https://app.ecomhub.app,10.0,preco_ideal_teste
ecomhub,1b88119b-8aa8-4a86-9afe-847d23c5af1a,Máscara reparadora e calmante de aloe vera,reparadoraalover,4.65,200,0.9,1.5,ES / FR 2,https://api.ecomhub.app/public/products/featuredImage-1749433828502-752c5740.jpg,https://app.ecomhub.app,10.0,preco_ideal_teste
ecomhub,752c42c6-916d-47a0-939a-acb078c8ca1a,Bolígrafo 3D,boli3d_14676,9.17,200,0.001,1.5,ES / FR 2,https://api.ecomhub.app/public/products/featuredImage-1733926199007-15f500cb.jpeg,https://app.ecomhub.app,10.0,preco_ideal_teste
ecomhub,5eb2a142-31cd-451e-82ab-011ee7ce2eac,Máscara Capilar Reparadora 500ml,maskpelo_15621,4.49,200,0.001,1.5,ES / FR 2,https://api.ecomhub.app/public/products/featuredImage-1733407696922-2fea1ab0.jpg,https://app.ecomhub.app,10.0,preco_ideal_teste
ecomhub,1d1700e3-9159-49ac-9fe2-c457a92beeca,Camara de Segurança,soportechupito_13858,4.58,200,0.001,1.5,ES / FR 2,https://api.ecomhub.app/public/products/featuredImage-1733490504287-2a3c4443.jpeg,https://app.ecomhub.app,10.0,preco_ideal_teste
ecomhub,a45106fe-6490-4487-85df-17e96327b2a9,Óleo Capilar Arabian Essence 100 ml,aceitecabellokis,4.2,200,0.9,1.5,ES / FR 2,https://api.ecomhub.app/public/products/featuredImage-1765974356303-12ec30a7.png,https://app.ecomhub.app,10.0,preco_ideal_teste
ecomhub,ba214d0a-24b2-4d2c-9213-3df34974b43c,Combo de 3 unidades Joelheira,rodillera_15360,8.25,200,0.001,1.5,ES / FR 2,https://api.ecomhub.app/public/products/featuredImage-1751973566632-91ade1b1.jpeg,https://app.ecomhub.app,10.0,preco_ideal_teste
ecomhub,bea594a8-dd32-4a9e-8df8-7d6f87770020,SÉRUM CLAREADOR,blancodiente_15232,2.5,100,0.001,1.5,ES / FR 2,https://api.ecomhub.app/public/products/featuredImage-1741032881261-609f94ad.jpeg,https://app.ecomhub.app,10.0,preco_ideal_teste
ecomhub,84b3231a-c138-44d0-828d-6d3eb3ab66bf,Paleta de Maquiagem ONEYIOO,paletadeoneyioo2,11.2,200,0.9,1.5,ES / FR 2,https://api.ecomhub.app/public/products/featuredImage-1765978411157-18b51ac4.png,https://app.ecomhub.app,10.0,
ecomhub,24751948-f5bc-46b6-a4e2-9c06c56c513a,Massageador Facial EMS,eyepulse_15275,4.53,200,0.001,1.5,ES / FR 2,https://api.ecomhub.app/public/products/featuredImage-1733922450272-aba178ff.jpeg,https://app.ecomhub.app,10.0,preco_ideal_teste
ecomhub,7dfdee43-a13b-4278-a3be-67c9ff08ef20,Protetor solar universal dobrável para carro,parasol,5.2,200,0.9,1.5,ES / FR 2,https://api.ecomhub.app/public/products/featuredImage-1753362365649-a9a953d2.png,https://app.ecomhub.app,10.0,preco_ideal_teste
ecomhub,a5f1e982-1320-47fc-9533-f9f55f5039be,Máscara Facial Iluminadora de Laranja,mascariluminador,2.2,100,0.9,1.5,ES / FR 2,https://api.ecomhub.app/public/products/featuredImage-1747937369827-47ea3d57.jpg,https://app.ecomhub.app,10.0,preco_ideal_teste
ecomhub,7b26c739-e2fb-4054-ae36-a94f64f0e54b,Fone de ouvido sem fio Bluetooth AirMax,cascappl-bla-v-7017,7.7,200,0.5,1.5,ES / FR 2,https://api.ecomhub.app/public/products/featuredImage-1776784441711-2a4e7920.png,https://app.ecomhub.app,10.0,preco_ideal_teste
ecomhub,07838495-9178-485b-97d7-e224aa9abb88,Pelúcia de Unicórnio,unicornio_15004,3.4,100,0.001,1.5,ES / FR 2,https://api.ecomhub.app/public/products/featuredImage-1736945332869-2b0fefe1.jpeg,https://app.ecomhub.app,10.0,preco_ideal_teste
ecomhub,2bf0ccd8-3155-4a6d-909f-36aae43bdbdb,Detox para os pés,emdetoxpies10,2.1,100,0.3,1.5,Espanha 1,https://api.ecomhub.app/public/products/featuredImage-1718628241768-766b2c88.png,https://app.ecomhub.app,10.0,preco_ideal_teste
ecomhub,9e4386d7-7450-4271-8f7b-b9842d34be2c,Cílios magnéticos,pestaredon_15200,1.52,100,0.001,1.5,ES / FR 2,https://api.ecomhub.app/public/products/featuredImage-1759260467009-791db623.png,https://app.ecomhub.app,10.0,preco_ideal_teste
ecomhub,3f6da513-f8d3-43e1-b629-ecee817361a0,Creme Elástico Essencial com Colágeno Polipeptídico 10g - 2 Seringas de 5g de Alta Firmeza e Precisão,peptidocollageno,4.4,200,0.9,1.5,ES / FR 2,https://api.ecomhub.app/public/products/featuredImage-1774452526941-8e5a7109.png,https://app.ecomhub.app,10.0,preco_ideal_teste
ecomhub,81422131-8af8-4452-bc50-228ac4ade95d,Dispensador automático de água para garrafão,dispensado_13915,12.3,200,0.9,1.5,ES / FR 2,https://api.ecomhub.app/public/products/featuredImage-1770832961988-e4f69ef7.png,https://app.ecomhub.app,10.0,
ecomhub,b844d765-3643-4c42-957c-decc3e640e82,Barbeador IPX5,ipx5_13502,11.72,200,0.001,1.5,ES / FR 2,https://api.ecomhub.app/public/products/featuredImage-1733744711969-ce69cf4a.jpg,https://app.ecomhub.app,10.0,
ecomhub,38f59654-8412-4fac-9da4-542df910daf6,Óleo Capilar de Queratina KORMESIC 100ml,aceitekormesic,3.9,200,0.9,1.5,ES / FR 2,https://api.ecomhub.app/public/products/featuredImage-1776465093464-3e96051d.png,https://app.ecomhub.app,10.0,preco_ideal_teste
ecomhub,5822d27f-72c5-4cac-b488-eb1534840a98,Carrinho de brinquedo com controle remoto High Fun,cocheteled_14727,30.5,300,0.9,1.5,ES / FR 2,https://api.ecomhub.app/public/products/featuredImage-1769609694871-727a4406.png,https://app.ecomhub.app,10.0,
ecomhub,25dcbd56-d278-472a-867c-b91f633c3489,Máscara Capilar de Queratina,maskamalfi,5.1,200,0.001,1.5,ES / FR 2,https://api.ecomhub.app/public/products/featuredImage-1733401341417-ef5ca3a8.jpeg,https://app.ecomhub.app,10.0,preco_ideal_teste
ecomhub,bce91847-797f-4c7a-9ef6-11b2150ac323,Hidratante Sedoso de Abacate Orgânico - 50ml,sedosaguacateorg,4.2,200,0.9,1.5,ES / FR 2,https://api.ecomhub.app/public/products/featuredImage-1749432634367-4af74a5d.jpg,https://app.ecomhub.app,10.0,preco_ideal_teste
ecomhub,56e90dbb-eada-4d84-a929-738ed4538807,Luva de cinco dedos para remoção de pelos de animais de estimação,guantespar_14243,2.1,100,0.9,1.5,ES / FR 2,https://api.ecomhub.app/public/products/featuredImage-1771873429427-992d6450.png,https://app.ecomhub.app,10.0,preco_ideal_teste
ecomhub,efe45f83-547b-4d9f-9fcd-bc10e9565378,Combo 2 unidades Luzes LED em Cascada para Decoração,luznavidad_15242,10.2,200,0.001,1.5,ES / FR 2,https://api.ecomhub.app/public/products/featuredImage-1763384921602-603d31f1.png,https://app.ecomhub.app,10.0,preco_ideal_teste
ecomhub,caebda66-80fe-46be-8988-dc4fac03fad1,Lanterna Solar Multifuncional,lampmltif_sd-5735,6.11,200,0.001,1.5,ES / FR 2,https://api.ecomhub.app/public/products/featuredImage-1732802425239-abf8b5c3.jpg,https://app.ecomhub.app,10.0,preco_ideal_teste
ecomhub,31d36b9b-7b4f-443f-9cd2-cde8500b60b3,Pinguim de Pelúcia Suave e Fofo,pinguinosu_15655,3.5,200,0.001,1.5,ES / FR 2,https://api.ecomhub.app/public/products/featuredImage-1737723883127-466b7b11.png,https://app.ecomhub.app,10.0,preco_ideal_teste
ecomhub,a138d265-1271-4b7f-88d5-1d13d33199a8,Cinto de fitness para correção postural e suporte lombar,cinturonfi_14551,5.7,200,0.9,1.5,ES / FR 2,https://api.ecomhub.app/public/products/featuredImage-1769603976640-ce14df21.png,https://app.ecomhub.app,10.0,preco_ideal_teste
ecomhub,41cf06ef-fdcb-4514-aaca-786b3041cc60,Limpador Facial Orgânico Purificante de Abacate - 100g,organicoaguacatp,3.45,100,0.9,1.5,ES / FR 2,https://api.ecomhub.app/public/products/featuredImage-1749432337454-205d17d6.jpg,https://app.ecomhub.app,10.0,preco_ideal_teste
ecomhub,b103f9a3-9a8e-4a84-bf5b-699b68753bb0,Humidificador luna,lunahumi_14183,7.64,200,0.001,1.5,ES / FR 2,https://api.ecomhub.app/public/products/featuredImage-1733144538801-36bc911d.jpeg,https://app.ecomhub.app,10.0,preco_ideal_teste
ecomhub,5eedec8c-dc77-44d3-8b90-93394f1376a1,Gel de massagem calmante para articulações Ximonth,gelarticulaximon,4.2,200,0.9,1.5,ES / FR 2,https://api.ecomhub.app/public/products/featuredImage-1752067673959-a5326092.png,https://app.ecomhub.app,10.0,preco_ideal_teste
ecomhub,74a924de-eb28-48a5-a000-880a24505cbb,Creme Facial de Criopreservação Milagrosa para Glóbulos Brancos - 50ML,criopreservacion,6.65,200,0.9,1.5,ES / FR 2,https://api.ecomhub.app/public/products/featuredImage-1747485724693-62674355.png,https://app.ecomhub.app,10.0,preco_ideal_teste
ecomhub,2be4a7cb-eac4-4d73-8bf3-f732b85251ea,Mini teclado sem fio com mouse Touchpad e retroiluminação LED,miniteclado_gl69440,5.6,200,0.001,1.5,ES / FR 2,https://api.ecomhub.app/public/products/featuredImage-1733409889862-9b0c768d.jpg,https://app.ecomhub.app,10.0,preco_ideal_teste
ecomhub,c1475e1a-efa9-4ad2-92e6-e8c0f6cbe43d,Gorro ventilador,capvent_15439,4.07,200,0.001,1.5,ES / FR 2,https://api.ecomhub.app/public/products/featuredImage-1733491448970-9717104f.jpeg,https://app.ecomhub.app,10.0,preco_ideal_teste
ecomhub,4835776f-e953-45f3-b84a-45c5fc01729c,Sérum Facial 2 em 1 com Óleo de Melaleuca e Colágeno 30ml,aceitearbolt30ml,3.2,100,0.9,1.5,ES / FR 2,https://api.ecomhub.app/public/products/featuredImage-1760445473829-e0fedbda.png,https://app.ecomhub.app,10.0,preco_ideal_teste
ecomhub,5751124f-27e8-4639-9e1b-81565326857a,Cabeçal para banho bidê,cabezalbidet_6978020540162,5.6,200,0.001,1.5,ES / FR 2,https://api.ecomhub.app/public/products/featuredImage-1733486924780-6ffa5b84.jpeg,https://app.ecomhub.app,10.0,preco_ideal_teste
ecomhub,716eb2a9-1110-41ca-a430-da0929e6463a,Cortador 3 em 1 Precisão Total para Barba Cabelo e Nariz,cortapel_gl69975,9.7,200,0.9,1.5,ES / FR 2,https://api.ecomhub.app/public/products/featuredImage-1745931255472-695036e8.png,https://app.ecomhub.app,10.0,preco_ideal_teste
ecomhub,449b6636-6a0c-4b25-8efc-3deb674d379a,Suporte magnéticas de anel duplo,soported_gl69364,2.6,100,0.9,1.5,ES / FR 2,https://api.ecomhub.app/public/products/featuredImage-1750080905575-7edd75bb.png,https://app.ecomhub.app,10.0,preco_ideal_teste
ecomhub,6d186b85-db8d-43b8-bbe3-926f67d4efa1,Combo de 3 unidades do  Massageador de Pés,piesyartic_,26.52,300,0.001,1.5,ES / FR 2,https://api.ecomhub.app/public/products/featuredImage-1751650275336-9bd27711.jpg,https://app.ecomhub.app,10.0,
ecomhub,50b86fa1-1027-4ee0-b258-d1fbc52793ae,Combo de 1 Unidade do Massajador Facial Lifting EMS e 2 Unidade do Sérum Firmador com Colágeno - Niacinamida - Ácido Hialurônico - 30ml,masajeled_15477,14.02,300,0.001,1.5,ES / FR 2,https://api.ecomhub.app/public/products/featuredImage-1756995570372-0cc2bd64.jpeg,https://app.ecomhub.app,10.0,
ecomhub,0523f6bb-cbb1-4846-b923-c21300f0cb7b,Travesseiro cervical ergonômico de silicone,siliconalm_13963,6.3,200,0.9,1.5,ES / FR 2,https://api.ecomhub.app/public/products/featuredImage-1769191129853-21b1719a.png,https://app.ecomhub.app,10.0,preco_ideal_teste
ecomhub,bada0cad-95c2-41a6-b85e-5ba7a9f48f9f,Aspirador de pó portátil potente e compacto para carro,miniaspira_13821,5.7,200,0.9,1.5,ES / FR 2,https://api.ecomhub.app/public/products/featuredImage-1769187620480-de138805.png,https://app.ecomhub.app,10.0,preco_ideal_teste
ecomhub,5029e6dc-7144-4afc-8cb7-b9b4aa28a9e2,Óleo Essencial Reparação de Colágeno 50ml,aceite-eelhoe,4.0,200,0.001,1.5,ES / FR 2,https://api.ecomhub.app/public/products/featuredImage-1737033520485-55b8e614.jpeg,https://app.ecomhub.app,10.0,preco_ideal_teste
ecomhub,0723cc4e-5b44-48b6-9d35-a1ae88d2955e,Capa para Console,fundaconsola_15735,3.1,100,0.001,1.5,ES / FR 2,https://api.ecomhub.app/public/products/featuredImage-1737127280792-f747f3b0.jpeg,https://app.ecomhub.app,10.0,preco_ideal_teste
ecomhub,bf10e988-cecc-4fc9-9519-b74cab1af7ab,Analgésico Corporal Bálsamo de Cavalo 250 ml - Retinol Complex,balscaballo250ml,5.65,200,0.9,1.5,ES / FR 2,https://api.ecomhub.app/public/products/featuredImage-1766420128716-e01f2ba1.png,https://app.ecomhub.app,10.0,preco_ideal_teste
ecomhub,2e55375d-7835-4954-a1a7-ab712fbad1d5,Combo de 1 Unidade do Massajador Facial Lifting EMS e 1 Unidade do Sérum Firmador com Colágeno - Niacinamida - Ácido Hialurônico - 30ml,masajeled_15477,10.82,200,0.001,1.5,ES / FR 2,https://api.ecomhub.app/public/products/featuredImage-1756995280309-5c1b81f2.jpeg,https://app.ecomhub.app,10.0,
ecomhub,2218ed46-be74-4a66-be61-f672707f6f1f,Loção Corporal Branco Latte 200ml DDonna,bianco-lotion,3.2,100,0.9,1.5,ES / FR 2,https://api.ecomhub.app/public/products/featuredImage-1775049332010-1d207e06.png,https://app.ecomhub.app,10.0,preco_ideal_teste
ecomhub,422fdef6-deea-4baf-a94f-6dbaa258c59f,Protetor Solar SPF50 PA Blanqueadora - 50g,protecsolarspf50,5.2,200,0.9,1.5,ES / FR 2,https://api.ecomhub.app/public/products/featuredImage-1747488953405-17d10d99.png,https://app.ecomhub.app,10.0,preco_ideal_teste
ecomhub,b0ebb660-69df-4ca7-ac0d-eff2aacf7f29,Dispensador de água automático,dispensado_13839,6.3,200,0.9,1.5,ES / FR 2,https://api.ecomhub.app/public/products/featuredImage-1770833637503-c515e4e3.png,https://app.ecomhub.app,10.0,preco_ideal_teste
ecomhub,57d638c9-888c-4e2e-b3ff-8746bcfa5185,Reposição de Pano para Mopa com Balde - 1 unidade,repuestomopa,1.01,100,0.001,1.5,ES / FR 2,https://api.ecomhub.app/public/products/featuredImage-1733693162929-559870ad.jpg,https://app.ecomhub.app,10.0,preco_ideal_teste
ecomhub,9cbd1e5a-e827-47e9-9aab-2b0e444ee756,Escova para Lavar Pratos,cepillo_15543,2.54,100,0.001,1.5,ES / FR 2,https://api.ecomhub.app/public/products/featuredImage-1733406810909-1ca3acba.jpg,https://app.ecomhub.app,10.0,preco_ideal_teste
ecomhub,8cb186f6-9a8a-483f-8baa-104a77cde56f,Pods Descartáveis Fizzy Pandora 12000 Caladas Vape,pods-blueberry,6.7,200,0.001,1.5,ES / FR 2,https://api.ecomhub.app/public/products/featuredImage-1737050501070-1d4b8beb.jpeg,https://app.ecomhub.app,10.0,preco_ideal_teste
ecomhub,92904ae9-4d1a-4e0b-97e7-e0c02f215c6f,Cabo de Carga Multi 3 em 1 120cm 25w,multcable_gl9277,2.8,100,0.001,1.5,ES / FR 2,https://api.ecomhub.app/public/products/featuredImage-1746883926446-c7bc75c7.jpeg,https://app.ecomhub.app,10.0,preco_ideal_teste
ecomhub,a20c0d4a-4a91-4c12-a53e-1ae0e7b20e96,KAHI Wrinkle Bounce Multi Bálsamo Hidratante Facial,kahiwrinklebounc,6.6,200,0.001,1.5,ES / FR 2,https://api.ecomhub.app/public/products/featuredImage-1737051824372-8fcae25b.jpeg,https://app.ecomhub.app,10.0,preco_ideal_teste
ecomhub,fd516de7-6f38-41dc-a3e7-88619006bb2b,Corretor de Tom de Pele,base-tum_6905624880547,6.6,200,0.001,1.5,ES / FR 2,https://api.ecomhub.app/public/products/featuredImage-1737125018218-4facc2cc.jpeg,https://app.ecomhub.app,10.0,preco_ideal_teste
ecomhub,2a4d9de8-78dd-470a-b048-c0f19c144a03,Body Mist Premium Shimmer Sweet,mistpremshisweet,4.6,200,0.001,1.5,ES / FR 2,https://api.ecomhub.app/public/products/featuredImage-1737133090184-14a78ea8.jpeg,https://app.ecomhub.app,10.0,preco_ideal_teste
ecomhub,059040ed-2cca-431f-88c9-a1c62ab921d1,Aquecedor Portátil 900W com Temporizador Programável,calefactor900-redo_15208,7.7,200,0.001,1.5,ES / FR 2,https://api.ecomhub.app/public/products/featuredImage-1737124588025-04b5fb98.jpeg,https://app.ecomhub.app,10.0,preco_ideal_teste
ecomhub,67673379-609a-4464-88eb-c972fb2963e2,Cabo de Carga 3 em 1,cabletic_gl69608,2.8,100,0.001,1.5,ES / FR 2,https://api.ecomhub.app/public/products/featuredImage-1737727545123-3e5a99fa.jpeg,https://app.ecomhub.app,10.0,preco_ideal_teste
ecomhub,09a6d1aa-14c2-4927-b8a0-9c0c04762634,Creme facial firmador Bioaqua com baba de caracol 60g,babacream,4.2,200,0.9,1.5,ES / FR 2,https://api.ecomhub.app/public/products/featuredImage-1775048229985-a43a6f5c.png,https://app.ecomhub.app,10.0,preco_ideal_teste
ecomhub,0458ef2b-ce6a-4306-93d8-50b0198c2b7e,Sérum Iluminador Vitamina C Skin,serumvitacboost,5.9,200,0.001,1.5,ES / FR 2,https://api.ecomhub.app/public/products/featuredImage-1737032030177-6a03f7d1.png,https://app.ecomhub.app,10.0,preco_ideal_teste
ecomhub,8b8da66c-d7d9-47ec-8cdc-8ae500a845d1,Balança de cozinha eletrônica com visor LED e copo medidor,bascula_v-14379,7.3,200,0.9,1.5,ES / FR 2,https://api.ecomhub.app/public/products/featuredImage-1769186109839-fe77f3da.png,https://app.ecomhub.app,10.0,preco_ideal_teste
ecomhub,69ab72b1-8494-47f5-a5f1-546c8138ac20,Organizador de sapatos em tecido com 3 compartimentos - Prático e funcional,organizado_14898,5.65,200,0.9,1.5,ES / FR 2,https://api.ecomhub.app/public/products/featuredImage-1769543824349-eb976ce7.png,https://app.ecomhub.app,10.0,preco_ideal_teste
ecomhub,14ecdd19-f2ba-47b6-9dfa-9ddafe23fcf3,Máscara Facial com Efeito Lifting,mascarilla_46003,2.53,100,0.001,1.5,ES / FR 2,https://api.ecomhub.app/public/products/featuredImage-1747233727954-719c204d.jpeg,https://app.ecomhub.app,10.0,preco_ideal_teste
ecomhub,1883989c-a8e9-4b7f-9b07-d74e66de78b6,Secador de cabelo potente e funcional,cepillo3en_13812,12.3,200,0.9,1.5,ES / FR 2,https://api.ecomhub.app/public/products/featuredImage-1769604938248-29ed7fca.png,https://app.ecomhub.app,10.0,
ecomhub,63731161-1a8c-464c-bc28-5bb07a4a82bf,Mini Helicóptero Radiocontrolado,helicopter_14826,5.6,200,0.001,1.5,ES / FR 2,https://api.ecomhub.app/public/products/featuredImage-1732801519163-088a7ac3.jpg,https://app.ecomhub.app,10.0,preco_ideal_teste
ecomhub,1efc22ff-6102-4d1b-a41b-1b506dcb5b5e,Porta-copos expansível para carro,portavas_gl69184,3.2,100,0.9,1.5,ES / FR 2,https://api.ecomhub.app/public/products/featuredImage-1750079722254-fa64d253.jpg,https://app.ecomhub.app,10.0,preco_ideal_teste
ecomhub,0f9a95f8-cc71-45d8-b7f4-9fa7c8007c99,Cabideiro 150x96x45cm,perchero_150,12.74,200,0.001,1.5,ES / FR 2,https://api.ecomhub.app/public/products/featuredImage-1746882952009-0a78c509.jpeg,https://app.ecomhub.app,10.0,
ecomhub,67028067-917f-4c81-a8f7-9059e6b92871,Creme Facial Detox Anti-Poluição SPF30,cremdetoxpoluci,6.7,200,0.001,1.5,ES / FR 2,https://api.ecomhub.app/public/products/featuredImage-1737133503348-be30a74c.png,https://app.ecomhub.app,10.0,preco_ideal_teste
ecomhub,9fd83186-a61c-40a0-a23e-2f80b86da340,Projetor Galáxia,galaxylamp_v-7005,10.7,200,0.001,1.5,ES / FR 2,https://api.ecomhub.app/public/products/featuredImage-1734027700363-24a5f1a8.JPG,https://app.ecomhub.app,10.0,
ecomhub,b1789d5b-7c66-409b-a132-45c6def968c5,Modelador de Cabelo em Formato de Gato,rizadordep_15170,10.7,200,0.9,1.5,ES / FR 2,https://api.ecomhub.app/public/products/featuredImage-1776258378998-9d8c82ea.png,https://app.ecomhub.app,10.0,
ecomhub,4313368c-1fc6-4599-9bb5-a470c7191996,Taça Misturadora,taza_13814,7.13,200,0.001,1.5,ES / FR 2,https://api.ecomhub.app/public/products/featuredImage-1733486136628-2970f6c7.jpeg,https://app.ecomhub.app,10.0,preco_ideal_teste
ecomhub,80a3cfd4-3ce2-461b-b9dc-5a72d07220c5,Suporte de chão para tablets e celulares,soportevertical_v-6761,2.2,100,0.9,1.5,ES / FR 2,https://api.ecomhub.app/public/products/featuredImage-1748089643583-71bbeb59.jpg,https://app.ecomhub.app,10.0,preco_ideal_teste
ecomhub,2d5e28f4-8674-4fe6-922b-7807834dd0cf,Creme para Contorno de Olhos com Colágeno,contornoojos,4.07,200,0.001,1.5,ES / FR 2,https://api.ecomhub.app/public/products/featuredImage-1752072251194-3e5254cc.png,https://app.ecomhub.app,10.0,preco_ideal_teste
ecomhub,1edaa2f3-e55d-4d63-a256-479ec2eea5b8,Sérum Revitalizador para Pele com Colágeno e Abacate 5 em 1,tuzaguacate,4.6,200,0.001,1.5,ES / FR 2,https://api.ecomhub.app/public/products/featuredImage-1737116633790-5db8b7d0.jpeg,https://app.ecomhub.app,10.0,preco_ideal_teste
ecomhub,ad7018cd-4ea6-4d82-b662-91256a2a377d,Kit Gel e Pó para Sobrancelhas,setpolvosparacej,4.2,200,0.9,1.5,ES / FR 2,https://api.ecomhub.app/public/products/featuredImage-1745946836609-2617e837.jpeg,https://app.ecomhub.app,10.0,preco_ideal_teste
ecomhub,20c08edc-fd28-4180-8532-d0a1d3926b4f,Escova Secadora e Alisadora,cepillmulti_14537,6.67,200,0.001,1.5,ES / FR 2,https://api.ecomhub.app/public/products/featuredImage-1734033720150-986ddeeb.JPG,https://app.ecomhub.app,10.0,preco_ideal_teste
ecomhub,aef25a7d-7e2c-4846-a719-9413e1f50c24,Massageador Facial em Forma de Varinha,varitaled_15375,7.63,200,0.001,1.5,ES / FR 2,https://api.ecomhub.app/public/products/featuredImage-1732885419432-df4ccfac.jpg,https://app.ecomhub.app,10.0,preco_ideal_teste
ecomhub,e4ab453d-aa52-471d-92e6-60065ebdc5e5,Ferro de passar roupa portátil pequeno,miniplanch_14351,10.7,200,0.9,1.5,ES / FR 2,https://api.ecomhub.app/public/products/featuredImage-1776254562339-a5ce4a30.png,https://app.ecomhub.app,10.0,
ecomhub,a55c7fa3-6cf6-4245-a16c-22825942e85f,Adesivo Detox para Pés,parchepies_15317,2.34,100,0.001,1.5,ES / FR 2,https://api.ecomhub.app/public/products/featuredImage-1733926568529-556e5e11.jpeg,https://app.ecomhub.app,10.0,preco_ideal_teste
ecomhub,848b44f5-2874-40c3-b68f-77cc8e5e352a,Combo de 2 Unidades Protetor solar universal dobrável para carro,parasol,10.4,200,0.9,1.5,ES / FR 2,https://api.ecomhub.app/public/products/featuredImage-1753373846301-375d5217.png,https://app.ecomhub.app,10.0,preco_ideal_teste
ecomhub,8df46c84-0a5a-48c6-82f5-93a1732d1a2c,Jarra Elétrica Fervedor Rápido Seguro e Eficiente para o Lar,jarraelec_du0898,9.2,200,0.9,1.5,ES / FR 2,https://api.ecomhub.app/public/products/featuredImage-1746015739455-442a43c2.jpeg,https://app.ecomhub.app,10.0,preco_ideal_teste
ecomhub,68c3abac-4613-4ffa-8766-f5014aa216e7,Suportes magnéticos para painel de carro com rotação de 360,soportem_gl69527,5.6,200,0.9,1.5,ES / FR 2,https://api.ecomhub.app/public/products/featuredImage-1750079069288-005199f7.png,https://app.ecomhub.app,10.0,preco_ideal_teste
ecomhub,a27e99d8-59a4-4480-a5f5-a44bcf82c1d6,Contorno dos Olhos Essência Árabe com Colágeno 30 ml - Kiss Beauty,contornojosescen,3.7,200,0.9,1.5,ES / FR 2,https://api.ecomhub.app/public/products/featuredImage-1766340112051-d49ddc6a.png,https://app.ecomhub.app,10.0,preco_ideal_teste
ecomhub,91a98ce9-1092-4d53-9eef-34d921133fed,Adaptador PD20W Universal Com Carga Rápida e Compatibilidade Total,pd20wuniversal,13.3,200,0.9,1.5,ES / FR 2,https://api.ecomhub.app/public/products/featuredImage-1746024657278-2000b3b7.jpeg,https://app.ecomhub.app,10.0,
ecomhub,c44e769a-b9e3-4792-ab83-71aa3ec80f56,Tira LED RGB 3m,tiraled_g-1484,5.2,200,0.9,1.5,ES / FR 2,https://api.ecomhub.app/public/products/featuredImage-1746469149371-05f68cba.jpeg,https://app.ecomhub.app,10.0,preco_ideal_teste
ecomhub,719f5e6e-fe2b-49ac-870c-7b4f2600ee43,Smartwatch SA200 Série 9,sa200,7.7,200,0.001,1.5,ES / FR 2,https://api.ecomhub.app/public/products/featuredImage-1740071754800-52777707.jpg,https://app.ecomhub.app,10.0,preco_ideal_teste
ecomhub,28669641-d790-44e1-a1cc-9119f806e317,Joelheiras de espuma ultra grossas,rodillerajardin_14396,5.6,200,0.001,1.5,ES / FR 2,https://api.ecomhub.app/public/products/featuredImage-1733486720700-56018a4a.jpeg,https://app.ecomhub.app,10.0,preco_ideal_teste
ecomhub,5d695621-175c-454f-95a7-f5bb0455c425,Contorno de Olhos Roll-On com Colágeno - 30ML,rollonconcolagen,4.7,200,0.9,1.5,ES / FR 2,https://api.ecomhub.app/public/products/featuredImage-1747488667338-631a2df9.png,https://app.ecomhub.app,10.0,preco_ideal_teste
ecomhub,b36fa062-4180-4b35-b3df-46864271a330,Creme Facial Antirrugas com Caviar e Proxilano,cremcaviarproxi,4.6,200,0.001,1.5,ES / FR 2,https://api.ecomhub.app/public/products/featuredImage-1737119702622-be57851d.jpeg,https://app.ecomhub.app,10.0,preco_ideal_teste
ecomhub,9b88be35-85c5-45c1-8e69-03220946a0d3,Capa para Sofá de 3 lugares,fundasofa_8419348035353,7.64,200,0.001,1.5,ES / FR 2,https://api.ecomhub.app/public/products/featuredImage-1733410375857-a4dd9cb3.jpg,https://app.ecomhub.app,10.0,preco_ideal_teste
ecomhub,b91c3ba0-cf18-43c0-bc79-c139e2ccbdad,Suporte para celular para pendurar no pescoço,soportece_v-7259,4.1,200,0.9,1.5,ES / FR 2,https://api.ecomhub.app/public/products/featuredImage-1750080173519-c1a26fdf.jpg,https://app.ecomhub.app,10.0,preco_ideal_teste
ecomhub,75730e31-6e94-4b4c-a744-0132f0ffdf14,Prensa de Alho 2 em 1,prenajos_w68-592,2.8,100,0.001,1.5,ES / FR 2,https://api.ecomhub.app/public/products/featuredImage-1737028999053-e09d1d59.jpeg,https://app.ecomhub.app,10.0,preco_ideal_teste
ecomhub,267c0c82-99a8-4db2-94f2-7113ec6a8bdf,MÁSCARA PRETA VOLUME A PROVA DAGUA,mascaraolauty,3.4,100,0.9,1.5,ES / FR 2,https://api.ecomhub.app/public/products/featuredImage-1774447767273-59bbe34e.png,https://app.ecomhub.app,10.0,preco_ideal_teste
ecomhub,2ed6f4d4-6ae1-4af1-ab19-4758bb793ff5,Kit 4 em 1 Beauty,beauty_14154,7.64,200,0.001,1.5,ES / FR 2,https://api.ecomhub.app/public/products/featuredImage-1733748862923-3d616efd.jpg,https://app.ecomhub.app,10.0,preco_ideal_teste
ecomhub,b6a8e2ea-9c43-4192-8b73-038da521a4b7,Creme Facial Anti-Idade Preenchedora Essencial,cremantiarrurell,5.6,200,0.001,1.5,ES / FR 2,https://api.ecomhub.app/public/products/featuredImage-1737134579111-17e50326.jpeg,https://app.ecomhub.app,10.0,preco_ideal_teste
ecomhub,2dc175cb-b56a-49f2-99be-0a40e60d75b8,Caixa de Som Clip 3 Pro,clip3_7641865463,8.7,200,0.001,1.5,ES / FR 2,https://api.ecomhub.app/public/products/featuredImage-1737653348848-697a2617.jpeg,https://app.ecomhub.app,10.0,preco_ideal_teste
ecomhub,83bc2ba2-9cbb-447c-a18b-945d722b4d3f,Máscara Facial Rejuvenescedora de Colágeno - 3 Passos,facialrejuvenece,4.65,200,0.9,1.5,ES / FR 2,https://api.ecomhub.app/public/products/featuredImage-1749434013665-ac7e7717.jpg,https://app.ecomhub.app,10.0,preco_ideal_teste
ecomhub,f6f35b82-6d9a-428e-b440-b3ef14fce4a6,Ventilador dobrável,ventilaplegable_gl69291,6.11,200,0.001,1.5,ES / FR 2,https://api.ecomhub.app/public/products/featuredImage-1733492849352-54bc550f.jpeg,https://app.ecomhub.app,10.0,preco_ideal_teste
ecomhub,cb54e195-7796-4220-84f8-f19ff8d99b36,Spray Eliminador de Odores para Pets 100 ml - Retinol Complex,eliminaolormasco,5.65,200,0.9,1.5,ES / FR 2,https://api.ecomhub.app/public/products/featuredImage-1766341563154-e6dcec11.png,https://app.ecomhub.app,10.0,preco_ideal_teste
ecomhub,2dcc3d16-5af4-482c-91e9-586aa8d29275,Multi Cabo de Carregamento 3 em 1 Retrátil 100W Carga Rápida USB C,retracti_gl69803,4.6,200,0.9,1.5,ES / FR 2,https://api.ecomhub.app/public/products/featuredImage-1745943937711-8859c0a8.jpeg,https://app.ecomhub.app,10.0,preco_ideal_teste
ecomhub,0f57bccc-fa86-4db3-9ab5-27748277500a,Creme Facial de Sangue de Dragão,antiedaddragon,5.0,200,0.2,1.5,ES / FR 2,https://api.ecomhub.app/public/products/featuredImage-1740072624148-c733a7cd.jpg,https://app.ecomhub.app,10.0,preco_ideal_teste
ecomhub,e3aa33f7-d05e-447e-ae68-cf6ecb8bc5ed,Tiranossauro de Pelúcia Macio,tiranosaur_14995,3.4,100,0.001,1.5,ES / FR 2,https://api.ecomhub.app/public/products/featuredImage-1736945710217-be5a1340.jpeg,https://app.ecomhub.app,10.0,preco_ideal_teste
ecomhub,5f20a42e-ace7-4800-a441-b3a757d17da9,Mini Liquidificador de Frutas 380ml Portátil e Recarregável,batidorapo_15141,7.5,200,0.9,1.5,ES / FR 2,https://api.ecomhub.app/public/products/featuredImage-1769607095440-57abeaf9.png,https://app.ecomhub.app,10.0,preco_ideal_teste
ecomhub,0dd50fa5-986d-404a-b9d1-efc5ead288e7,Luz Solar Exterior com Suporte,luz_ab-ta107,6.62,200,0.001,1.5,ES / FR 2,https://api.ecomhub.app/public/products/featuredImage-1732801923700-eff16017.jpg,https://app.ecomhub.app,10.0,preco_ideal_teste
ecomhub,7e2c42e8-9290-4944-aebf-407ac30a4337,Cabo USB-C a USB-C 60W - Carga Rápida,cablecac_gl69476,3.1,100,0.001,1.5,ES / FR 2,https://api.ecomhub.app/public/products/featuredImage-1746885622925-fc8b6d2f.jpeg,https://app.ecomhub.app,10.0,preco_ideal_teste
ecomhub,a0bf67aa-5985-4f50-99ce-6dac15896755,Contorno de Olhos Iluminador com Vitamina C Ativa - Niacinamida 20ml - Desperta Instantaneamente o Seu Olhar,contornoojosilum,3.2,100,0.9,1.5,ES / FR 2,https://api.ecomhub.app/public/products/featuredImage-1749429454899-a6c2744f.jpg,https://app.ecomhub.app,10.0,preco_ideal_teste
ecomhub,bdb7b97d-cad2-45e5-a2df-445fc6fd9b4a,Gel e adesivo 10x14cm para alívio da dor - 1 unidade,parchedolor-cosmi,3.2,100,0.9,1.5,ES / FR 2,https://api.ecomhub.app/public/products/featuredImage-1765972590869-db088df2.png,https://app.ecomhub.app,10.0,preco_ideal_teste
ecomhub,c0286fa5-fd4d-4187-8db7-0b16f1f60cd7,Suportes universais para motocicletas,soporteun_g-1186,3.8,200,0.9,1.5,ES / FR 2,https://api.ecomhub.app/public/products/featuredImage-1750080375300-76c415a1.png,https://app.ecomhub.app,10.0,preco_ideal_teste
ecomhub,b5cd547d-c6e0-4b6c-93ac-3fb9b4b284aa,Sérum Firmador com Retinol Booster 30ml,retinolshot30ml,4.2,200,0.9,1.5,ES / FR 2,https://api.ecomhub.app/public/products/featuredImage-1770836479850-be0d9757.png,https://app.ecomhub.app,10.0,preco_ideal_teste
ecomhub,920a4dc4-a298-4fda-9ca9-479cc632f014,Garrafa térmica compacta e elegante de aço inoxidável com capacidade para 350 ml,botellater_14373,5.95,200,0.9,1.5,ES / FR 2,https://api.ecomhub.app/public/products/featuredImage-1769606284934-4d098514.png,https://app.ecomhub.app,10.0,preco_ideal_teste
ecomhub,1b51a13c-b558-4383-a1ed-627b1fe2172a,Jogo de Mesa - Cofrinho Dinossauro,juegohucha,11.2,200,0.001,1.5,ES / FR 2,https://api.ecomhub.app/public/products/featuredImage-1733236083471-3e67d02b.jpeg,https://app.ecomhub.app,10.0,
ecomhub,3a3cebce-643e-4151-a95e-62ef771bee89,Garrafa térmica de aço inoxidável de 500ml - Durável e elegante,botellater_14374,6.3,200,0.9,1.5,ES / FR 2,https://api.ecomhub.app/public/products/featuredImage-1769605889723-30152cd4.png,https://app.ecomhub.app,10.0,preco_ideal_teste
ecomhub,66a759a2-52b2-4a70-b810-1c30620f249e,Sérum Facial Regenerador com Sangue de Dragão - 30ml,sangrededragon,5.2,200,0.9,1.5,ES / FR 2,https://api.ecomhub.app/public/products/featuredImage-1749469834069-cd784a07.png,https://app.ecomhub.app,10.0,preco_ideal_teste
ecomhub,a17e2074-5e9c-4c88-8d42-2b731eb7fa99,Lâmpada Solar Recarregável,lmp_ab-ta134,7.64,200,0.001,1.5,ES / FR 2,https://api.ecomhub.app/public/products/featuredImage-1732802303850-d5f6c1c6.jpg,https://app.ecomhub.app,10.0,preco_ideal_teste
ecomhub,fa0d0d88-440e-4bc6-99c8-f7f8e0acd348,Cortador de Legumes Manual Multifuncional,picadordev_14229,8.9,200,0.9,1.5,ES / FR 2,https://api.ecomhub.app/public/products/featuredImage-1776434976384-6dc06cd4.png,https://app.ecomhub.app,10.0,preco_ideal_teste
ecomhub,a67e0699-288a-4683-af46-0bf7dcda6c8f,Limpafor e suporte de pinceis de maquiagem,limpiadormaquillaje_15410,3.05,100,0.001,1.5,ES / FR 2,https://api.ecomhub.app/public/products/featuredImage-1733754260261-4ad0dc66.jpeg,https://app.ecomhub.app,10.0,preco_ideal_teste
ecomhub,689eb529-4e67-4575-b9cf-932302f4d70f,Estimulador Muscular de Glúteos EMS,estimulaculo_14082,3.71,200,0.001,1.5,ES / FR 2,https://api.ecomhub.app/public/products/featuredImage-1733936616438-c62fe99c.jpeg,https://app.ecomhub.app,10.0,preco_ideal_teste
ecomhub,60494ea8-366b-4df8-a5d8-fd8a5fed97c9,Rizador automático sem fio de ondulação,autoriza_13924,9.24,200,0.001,1.5,ES / FR 2,https://api.ecomhub.app/public/products/featuredImage-1733493106775-d47ad05d.jpeg,https://app.ecomhub.app,10.0,preco_ideal_teste
ecomhub,0472fbd3-b073-42d4-acdb-e58c047a4327,Mini Evasadora com 10 Bolsas,vaciocon_10bolsas,7.13,200,0.001,1.5,ES / FR 2,https://api.ecomhub.app/public/products/featuredImage-1733502851701-4c653ddf.jpeg,https://app.ecomhub.app,10.0,preco_ideal_teste
ecomhub,425fb2ed-16b4-4a44-8d12-0c391899041b,Corretor de Joanetes com ajustador,EMAlineaDedo,6.6,200,0.001,1.5,Espanha 1,https://api.ecomhub.app/public/products/featuredImage-1718640874953-db1704a5.png,https://app.ecomhub.app,10.0,preco_ideal_teste
ecomhub,b92c51ee-4e51-4d8b-9207-95aab722e24a,Prancha de cabelo profissional de alta precisão,alizadorde_13887,12.3,200,0.9,1.5,ES / FR 2,https://api.ecomhub.app/public/products/featuredImage-1769192617691-a26559e1.png,https://app.ecomhub.app,10.0,
ecomhub,f891dccd-4297-4d12-ba56-05b016ee8bb6,Violent Fan X8 - Ventilador portátil ultra potente,aire_16070,9.2,200,0.9,1.5,ES / FR 2,https://api.ecomhub.app/public/products/featuredImage-1765977096343-f747048a.png,https://app.ecomhub.app,10.0,preco_ideal_teste
ecomhub,20b9a902-c4da-4852-8a5d-679cc96e35c7,montagens magnéticas para carros,soportema_g-1076,3.6,200,0.9,1.5,ES / FR 2,https://api.ecomhub.app/public/products/featuredImage-1750078721541-d0672602.png,https://app.ecomhub.app,10.0,preco_ideal_teste
ecomhub,26fd7760-505d-4432-b9b1-c5ab5ddcc7b0,Mini tábua de vapor portátil,minplanch_14351,7.64,200,0.001,1.5,ES / FR 2,https://api.ecomhub.app/public/products/featuredImage-1733486357477-4c54ff5f.jpeg,https://app.ecomhub.app,10.0,preco_ideal_teste
ecomhub,a561258b-0b9a-46de-8efd-5459880450a5,Varal Telescópico com Capacidade Máxima de Carga de 20kg,tendederot_15929,9.7,200,0.9,1.5,ES / FR 2,https://api.ecomhub.app/public/products/featuredImage-1760383679317-e34f018c.png,https://app.ecomhub.app,10.0,preco_ideal_teste
ecomhub,1caf0703-3646-41c3-9bd8-5b4f11b815ef,Faixa de correção postural ajustável,bandasfitn_13764,5.1,200,0.9,1.5,ES / FR 2,https://api.ecomhub.app/public/products/featuredImage-1769603787582-c22cb310.png,https://app.ecomhub.app,10.0,preco_ideal_teste
ecomhub,2339870d-4838-40b4-9238-9cba0fc36e00,Mini envasadora e 5 bolsas,vaciocon_5bolsas,5.6,200,0.001,1.5,ES / FR 2,https://api.ecomhub.app/public/products/featuredImage-1733502568028-6192043d.jpeg,https://app.ecomhub.app,10.0,preco_ideal_teste
ecomhub,e73f9e49-2769-4a1b-9bea-b32a78786134,Shampoo para Cachorros 200 ml - Retinol Complex,champcachor200ml,5.65,200,0.9,1.5,ES / FR 2,https://api.ecomhub.app/public/products/featuredImage-1766340551792-d7ce5026.png,https://app.ecomhub.app,10.0,preco_ideal_teste
ecomhub,5c6cbc24-e82b-48ce-9f89-5dc663ea8bb3,Conjunto de Brinquedos Dominó com Peças,domino_14319,9.66,200,0.001,1.5,ES / FR 2,https://api.ecomhub.app/public/products/featuredImage-1732799547392-37384944.jpg,https://app.ecomhub.app,10.0,preco_ideal_teste
ecomhub,8d6fed52-f613-444c-80a9-8924c9ca85cd,PISTOLA DE BOLHAS,burbujaconejo_15392,4.58,200,0.001,1.5,ES / FR 2,https://api.ecomhub.app/public/products/featuredImage-1733504891924-6c7e7726.jpeg,https://app.ecomhub.app,10.0,preco_ideal_teste
ecomhub,f0378cd3-6e41-4f60-9c43-ccfa47416149,Escova para Mascotes,cepilloperro_azul14583,3.0,100,0.001,1.5,ES / FR 2,https://api.ecomhub.app/public/products/featuredImage-1733762170683-9463b83d.png,https://app.ecomhub.app,10.0,preco_ideal_teste
ecomhub,874ec33a-a742-4b0b-8835-6c84d86e4909,Óleo Capilar Essência Árabe com Colágeno 100 ml,aceiteparac100ml,4.2,200,0.9,1.5,ES / FR 2,https://api.ecomhub.app/public/products/featuredImage-1766339370104-a12d60a6.png,https://app.ecomhub.app,10.0,preco_ideal_teste
ecomhub,56ee4a43-b359-46f7-8f0e-2d5b8dae0e60,Prancha para cabelos curtos,planchacurl_14042,11.72,200,0.001,1.5,ES / FR 2,https://api.ecomhub.app/public/products/featuredImage-1733496166730-77b94138.jpeg,https://app.ecomhub.app,10.0,
ecomhub,c5938403-0c39-4247-9618-89f9070ccf20,Mesinha de Cabeceira Branca,mesadenoch_15700,7.4,200,0.001,1.5,ES / FR 2,https://api.ecomhub.app/public/products/featuredImage-1736948934385-a4398a64.jpeg,https://app.ecomhub.app,10.0,preco_ideal_teste
ecomhub,11d6a9ff-80fa-41fb-bcca-2c2b43f083da,Espelho com Luz LED,espejo_13654,7.13,200,0.001,1.5,ES / FR 2,https://api.ecomhub.app/public/products/featuredImage-1733421359053-e83bf6dd.jpeg,https://app.ecomhub.app,10.0,preco_ideal_teste
ecomhub,0f54a786-1812-4911-9624-a7dbc9658165,Máscara Facial Antienvelhecimento e Suavizante de Aloe Vera - 3 Passos,calmanteantiedad,4.65,200,0.9,1.5,ES / FR 2,https://api.ecomhub.app/public/products/featuredImage-1749434319344-8ab6c5ab.jpg,https://app.ecomhub.app,10.0,preco_ideal_teste
ecomhub,b1418769-34fa-45b0-9890-f7c27a30495e,Combo de Quatro unidades da Mini pistola de massagem,pistolamasaje_14101,50.96,400,0.001,1.5,ES / FR 2,https://api.ecomhub.app/public/products/featuredImage-1751974033707-8a5f2e7a.png,https://app.ecomhub.app,10.0,
ecomhub,9233d934-6fc1-4466-9079-53667e54922f,Caixa de Som TG-371,altavoztg_v-7816,7.2,200,0.001,1.5,ES / FR 2,https://api.ecomhub.app/public/products/featuredImage-1746886781747-5b2bc266.jpg,https://app.ecomhub.app,10.0,preco_ideal_teste
ecomhub,54e1326e-d03a-4d1c-b572-0e42e0905135,Aspirador de pó portátil e potente para animais de estimação sem fio,aspiradora_14340,6.3,200,0.9,1.5,ES / FR 2,https://api.ecomhub.app/public/products/featuredImage-1770832664778-39308333.png,https://app.ecomhub.app,10.0,preco_ideal_teste
ecomhub,281b815d-4a2f-4274-8370-b5a171733af2,Fita de Luz LED RGB 5,tiraled_g-1478,7.1,200,0.001,1.5,ES / FR 2,https://api.ecomhub.app/public/products/featuredImage-1737030086488-32f86484.jpeg,https://app.ecomhub.app,10.0,preco_ideal_teste
ecomhub,45dd98e3-7c5b-4dde-a1a1-4966bff9dd5b,Loção Corporal Arabian Essence 500 ml,locioncorpo500ml,4.2,200,0.9,1.5,ES / FR 2,https://api.ecomhub.app/public/products/featuredImage-1765974686628-18878cb4.png,https://app.ecomhub.app,10.0,preco_ideal_teste
ecomhub,bbd9d527-105e-4069-ad2f-4640b9bd5581,Garrafa de água em aço inoxidável de 500ml durável e elegante,botellaino_14004,8.1,200,0.9,1.5,ES / FR 2,https://api.ecomhub.app/public/products/featuredImage-1769605239242-cb365680.png,https://app.ecomhub.app,10.0,preco_ideal_teste
ecomhub,dea8c74e-117d-4612-9f6d-09e5ac92108f,Combo com 2 Unidades Máscara Capilar Reparadora 500ml cada,maskpelo_15621,8.98,200,0.001,1.5,ES / FR 2,https://api.ecomhub.app/public/products/featuredImage-1764878380780-cc06eed5.png,https://app.ecomhub.app,10.0,preco_ideal_teste
ecomhub,17dc9352-5852-492b-bc5f-2ad052ab7332,Óculos Zoom Autofoco  e caixa,gafastransp_caja,3.56,200,0.001,1.5,ES / FR 2,https://api.ecomhub.app/public/products/featuredImage-1732885362094-c6b5dccb.jpeg,https://app.ecomhub.app,10.0,preco_ideal_teste
ecomhub,38f9d69c-facf-4ab6-aad4-33171b53be8b,Pistola de Bolhas com 76 Orifícios,burbuj_15068,8.15,200,0.001,1.5,ES / FR 2,https://api.ecomhub.app/public/products/featuredImage-1734025236792-0c3f9185.JPG,https://app.ecomhub.app,10.0,preco_ideal_teste
ecomhub,63980f2d-1b36-4fdf-8cf8-f44e9d75afaf,Copo térmico com ventosa em formato de elefante 400ml - Divertido e seguro,calentador_13814,9.9,200,0.9,1.5,ES / FR 2,https://api.ecomhub.app/public/products/featuredImage-1769543385116-91c268ff.png,https://app.ecomhub.app,10.0,preco_ideal_teste
ecomhub,8935811d-0766-4d84-b75f-487daa50d69e,Creme Facial Regenerador de Girassol,cremagirasol,5.5,200,0.001,1.5,ES / FR 2,https://api.ecomhub.app/public/products/featuredImage-1737123449174-fb8fa272.jpeg,https://app.ecomhub.app,10.0,preco_ideal_teste
ecomhub,ab831a59-b395-454e-bf58-0cb41db726c5,Creme de Essência Rejuvenescedora - 50ML,escenciarejuvene,6.65,200,0.9,1.5,ES / FR 2,https://api.ecomhub.app/public/products/featuredImage-1747486365635-f432abe2.png,https://app.ecomhub.app,10.0,preco_ideal_teste
ecomhub,cad7fb43-c5a3-40b4-9bc8-f5e266f63261,Avião Planador com Lançador,avionconca_14828,3.2,100,0.001,1.5,ES / FR 2,https://api.ecomhub.app/public/products/featuredImage-1737028158570-76db0cb9.jpeg,https://app.ecomhub.app,10.0,preco_ideal_teste
ecomhub,bd75d8c3-b0db-4ba9-abb7-4aee434463c5,MISSHA M Perfect Cover BB Cream SPF42,bbcream_88063333,5.2,200,0.001,1.5,ES / FR 2,https://api.ecomhub.app/public/products/featuredImage-1737049570005-cabe2211.jpeg,https://app.ecomhub.app,10.0,preco_ideal_teste
ecomhub,db8055cf-9005-4440-8dd4-06d64c514e04,Console portátil Q21 para dois jogadores,conso_16016,12.9,200,0.9,1.5,ES / FR 2,https://api.ecomhub.app/public/products/featuredImage-1775046973272-89cc49cf.png,https://app.ecomhub.app,10.0,
ecomhub,2db3adc9-6a8c-4de7-a706-c0bc7ab678fb,Suporte para copo,soportechupito_13858,4.58,200,0.001,1.5,ES / FR 2,https://api.ecomhub.app/public/products/featuredImage-1733490415448-b8795979.jpeg,https://app.ecomhub.app,10.0,preco_ideal_teste
ecomhub,609d99cb-0907-4378-8d4d-4a7185f14be5,Máscara Facial Hidratante Suprema 24K,mascarillasup24k,4.65,200,0.9,1.5,ES / FR 2,https://api.ecomhub.app/public/products/featuredImage-1747917851431-95ea22c9.jpg,https://app.ecomhub.app,10.0,preco_ideal_teste
ecomhub,6324a95a-5ef2-4932-b885-e8e2ec4ba803,Creme para Remoção de Cicatrizes 30g JAYSUING - Regeneração e Melhora Visível da Pele,cremajaysuing30g,4.4,200,0.9,1.5,ES / FR 2,https://api.ecomhub.app/public/products/featuredImage-1774446346477-e2130219.png,https://app.ecomhub.app,10.0,preco_ideal_teste
ecomhub,9cecadcd-dccb-4dfc-9151-48c6711d75a3,Tripe 3D para Self,tripodemovil_14672,5.45,200,0.001,1.5,ES / FR 2,https://api.ecomhub.app/public/products/featuredImage-1733761981546-27b3b032.jpeg,https://app.ecomhub.app,10.0,preco_ideal_teste
ecomhub,bdb20534-dde4-4f56-9690-2914d0600905,Cortador de Cabelo M2,afeitadora_13469,7.13,200,0.001,1.5,ES / FR 2,https://api.ecomhub.app/public/products/featuredImage-1733418873990-2e3905af.jpg,https://app.ecomhub.app,10.0,preco_ideal_teste
ecomhub,4829fa3d-c2d3-4a40-a082-0117d1e0886a,Drone Mini,dronmini_14707,13.7,300,0.001,1.5,ES / FR 2,https://api.ecomhub.app/public/products/featuredImage-1732801105011-ce368ebd.jpg,https://app.ecomhub.app,10.0,
ecomhub,3b17da30-0f35-4e52-8786-b2ab6bd52e2c,Pelúcia Macio de Crocodilo,peluchcoco_14990,3.4,100,0.001,1.5,ES / FR 2,https://api.ecomhub.app/public/products/featuredImage-1736945541290-b8d2b7d1.jpeg,https://app.ecomhub.app,10.0,preco_ideal_teste
ecomhub,16916966-6afe-4a15-8bfc-5d4269ea4497,Máscara à prova dágua BIG MAXX BLACK QIANXIU,mascaraqianxiu,4.7,200,0.9,1.5,ES / FR 2,https://api.ecomhub.app/public/products/featuredImage-1765977347209-52532783.png,https://app.ecomhub.app,10.0,preco_ideal_teste
ecomhub,657574d3-724c-491e-a047-7f09bfa77483,Aspirador de pó portátil mini 2 em 1 compacto e multifuncional,miniaspira_15059,10.5,200,0.9,1.5,ES / FR 2,https://api.ecomhub.app/public/products/featuredImage-1769187912258-5024f08c.png,https://app.ecomhub.app,10.0,preco_ideal_teste
ecomhub,ab139c32-bb26-4627-8210-fdd5cbff1d8a,Luz Solar de Parede AB-TA122,luz_ab-ta122,11.72,200,0.001,1.5,ES / FR 2,https://api.ecomhub.app/public/products/featuredImage-1732802102633-143b1132.jpg,https://app.ecomhub.app,10.0,
ecomhub,eccb8f6c-f15d-4f67-8d69-72bb09451dc8,CC Cream Angeala Repair 7 in One 50g,angealarep7inone,4.1,200,0.001,1.5,ES / FR 2,https://api.ecomhub.app/public/products/featuredImage-1737118793438-3dd12bb7.png,https://app.ecomhub.app,10.0,preco_ideal_teste
ecomhub,19aa27a0-2bb6-48f6-a721-432b46daa76f,Resfriador Magnético para Celular,cooling_gl69632,6.7,200,0.001,1.5,ES / FR 2,https://api.ecomhub.app/public/products/featuredImage-1736951797163-a6ba4c5f.png,https://app.ecomhub.app,10.0,preco_ideal_teste
ecomhub,dfe10080-204d-4df2-9e1c-171b625c66d7,suportes de mesa para braço preguiçoso,soportebr_v-7261,4.6,200,0.9,1.5,ES / FR 2,https://api.ecomhub.app/public/products/featuredImage-1750079964867-f5c23a36.jpg,https://app.ecomhub.app,10.0,preco_ideal_teste
ecomhub,f6b97856-995e-4505-9ee6-8a7a61a22a65,Mini Envasadora,solominivacio_14723,4.07,200,0.001,1.5,ES / FR 2,https://api.ecomhub.app/public/products/featuredImage-1733330982995-a01ffd15.jpeg,https://app.ecomhub.app,10.0,preco_ideal_teste
ecomhub,4864c81b-784f-4531-b00c-ee581e1aaf58,Conjunto de chaves de fenda 51 em 1,desto51en1_g-1231,7.19,200,0.001,1.5,ES / FR 2,https://api.ecomhub.app/public/products/featuredImage-1733487386965-771f63e8.jpeg,https://app.ecomhub.app,10.0,preco_ideal_teste
ecomhub,f7d8556c-e5ac-42ae-acad-68af91c57a51,Ventilador USB de Mesa com Rodinha Dobrável Compacto e Portátil para Escritório,wheelfan_gl69309,8.2,200,0.9,1.5,ES / FR 2,https://api.ecomhub.app/public/products/featuredImage-1746017270463-8c3fba9e.jpeg,https://app.ecomhub.app,10.0,preco_ideal_teste
ecomhub,6227674b-7ddc-460e-ae73-4091c5c3b45d,Balança de cozinha eletrônica de alta precisão,balanza_ao-78368,8.1,200,0.9,1.5,ES / FR 2,https://api.ecomhub.app/public/products/featuredImage-1769186431292-66aae724.png,https://app.ecomhub.app,10.0,preco_ideal_teste
ecomhub,5e957257-7f17-4d93-833e-bbee379fdc2b,Sérum Facial de Niacinamida 30ml,serumnicmina30ml,3.2,100,0.9,1.5,ES / FR 2,https://api.ecomhub.app/public/products/featuredImage-1760444492556-462f3ac0.png,https://app.ecomhub.app,10.0,preco_ideal_teste
ecomhub,bf778608-747f-4a8b-abad-c77ca99c7920,Batedeira elétrica multifuncional para cozinha,batidora_gl9337,12.7,200,0.9,1.5,ES / FR 2,https://api.ecomhub.app/public/products/featuredImage-1769193696092-0a89f8e4.png,https://app.ecomhub.app,10.0,
ecomhub,72318880-947f-4e21-948a-2e8af9a12695,Balança eletrônica de mão com gancho,escalaelesd-4208,3.1,100,0.001,1.5,ES / FR 2,https://api.ecomhub.app/public/products/featuredImage-1736940563129-21fd5bc7.jpeg,https://app.ecomhub.app,10.0,preco_ideal_teste
ecomhub,ec87a7a5-7752-4d85-b81f-153bf403125a,Trenzinho Dominó,trendomino_14318,9.68,200,0.001,1.5,ES / FR 2,https://api.ecomhub.app/public/products/featuredImage-1734028957816-0b8601a8.jpg,https://app.ecomhub.app,10.0,preco_ideal_teste
ecomhub,73a5f2cc-863a-4a2c-a388-8292f1b2ff17,Sérum Facial Skin Clinic com Ouro 24K 30ml KISS BEAUTY,serumskin24k30ml,3.4,100,0.9,1.5,ES / FR 2,https://api.ecomhub.app/public/products/featuredImage-1775409120405-33b69074.png,https://app.ecomhub.app,10.0,preco_ideal_teste
ecomhub,d318fb9d-d7ed-4e67-b186-bc27b1e03599,Lanterna Frontal,luzfrontalfoyu_78915431087,5.58,200,0.001,1.5,ES / FR 2,https://api.ecomhub.app/public/products/featuredImage-1733695861159-892fb9d2.jpg,https://app.ecomhub.app,10.0,preco_ideal_teste
ecomhub,5d36aed7-1155-421c-9a33-4d5e8a8ddeb7,Gel de Limpeza Facial com Alfa Arbutina e Vitamina C para Clarear e Hidratar,whiteningfacegel,10.2,200,0.001,1.5,ES / FR 2,https://api.ecomhub.app/public/products/featuredImage-1737120164067-2fcd977e.png,https://app.ecomhub.app,10.0,preco_ideal_teste
ecomhub,f0cd4317-3a11-4fd0-a2a9-7de782e7deec,SÉRUM FACIAL 4 EM 1 REPARA E NUTRE 30ML SADOER,serumsakura,4.15,200,0.9,1.5,ES / FR 2,https://api.ecomhub.app/public/products/featuredImage-1746632008654-aef29cce.jpg,https://app.ecomhub.app,10.0,preco_ideal_teste
ecomhub,013138b9-20f7-472e-a79d-05666229ca9e,Capa de sofá reversível branca e marrom com proteção para cadeado,fundasillonblanc,5.2,200,0.9,1.5,ES / FR 2,https://api.ecomhub.app/public/products/featuredImage-1765392033180-e345ac99.png,https://app.ecomhub.app,10.0,preco_ideal_teste
ecomhub,098a3196-1361-4d97-9f27-dfd96deaae4a,Shilajit Resina Mineral- suplemento,shilaresin_16069,4.15,200,0.5,1.5,ES / FR 2,https://api.ecomhub.app/public/products/featuredImage-1764158974599-0e4f27ab.jpeg,https://app.ecomhub.app,10.0,preco_ideal_teste
dropipro,2681,Pestañas magnéticas reutilizables con aplicador,,6.49,199,0.26,,Dropi PRO ES,https://dropipro.com/storage/products/2681/pestana_1776786238.jpg,https://dropipro.com/app/products,9.98,preco_ideal_teste
dropipro,1052,Aire acondicionado portátil hexagonal,,6.99,199,0.77,,Dropi PRO ES,https://dropipro.com/storage/products/1052/miniair_2024-08-09-12-30-20.jpg,https://dropipro.com/app/products,9.98,preco_ideal_teste
dropipro,2399,Champú para canas 300 ml negro,,4.99,98,0.6,,Dropi PRO ES,https://dropipro.com/storage/products/2399/WechatIMG2386_1764008878.jpg,https://dropipro.com/app/products,9.96,"dropi_stock_baixo,preco_ideal_teste"
dropipro,2306,Spray tratamiento oidos,,2.49,98,0.28,,Dropi PRO ES,https://dropipro.com/storage/products/2306/OIDO_1761997723.jpg,https://dropipro.com/app/products,9.96,"dropi_stock_baixo,preco_ideal_teste"
dropipro,447,Correa Smartwatch Ultra8 Metalica Negro,,2.19,98,0.07,,Dropi PRO ES,https://dropipro.com/storage/products/447/correa-metalica-eslabones-apple-watch-42-44-45mm-compatible-con-apple-watch-3-4-5-6-se-negro_2023-12-19-16-37-09.jpg,https://dropipro.com/app/products,9.96,"dropi_stock_baixo,preco_ideal_teste"
dropipro,2568,Mini altavoz Bluetooth 3 en 1 con cargador inalámbrico y lámpara LED,,4.49,95,0.43,,Dropi PRO ES,https://dropipro.com/storage/products/2568/minialtavoz_1769270456.jpg,https://dropipro.com/app/products,9.9,"dropi_stock_baixo,preco_ideal_teste"
dropipro,1848,Masajeador facial con ventosas de goma,,5.99,195,0.44,,Dropi PRO ES,https://dropipro.com/storage/products/1848/WechatIMG2033_1740130880.jpg,https://dropipro.com/app/products,9.9,preco_ideal_teste
dropipro,1776,Perchero para ropa con 3 estante y colgador,,8.99,194,1.5,,Dropi PRO ES,https://dropipro.com/storage/products/1776/PERCHE_1738232110.jpg,https://dropipro.com/app/products,9.88,preco_ideal_teste
dropipro,1591,Vibrador erótico para clítoris y estimulación del punto G,,10.99,194,0.38,,Dropi PRO ES,https://dropipro.com/storage/products/1591/vibrador_1733335150.jpg,https://dropipro.com/app/products,9.88,preco_ideal_teste
dropipro,1891,Arrancador de batería de coche de 12V,,24.99,292,0.82,,Dropi PRO ES,https://dropipro.com/storage/products/1891/61jJDqPBcPL._AC_SL1500__1741865336.jpg,https://dropipro.com/app/products,9.84,
dropipro,1645,Esterilla de golf 80*150,,11.99,192,0.78,,Dropi PRO ES,https://dropipro.com/storage/products/1645/GOLF_1735223217.jpg,https://dropipro.com/app/products,9.84,preco_ideal_teste
dropipro,2454,Manta eléctrica térmica con 3 niveles de temperatura,,9.99,190,1.0,,Dropi PRO ES,https://dropipro.com/storage/products/2454/WechatIMG2443_1765887952.jpg,https://dropipro.com/app/products,9.8,preco_ideal_teste
ecomhub,f12b7b20-75bd-4ab2-be49-814657be1d27,Escova de Palma para Lavar Louças com Dispensador de Sabão,limpiado_w68-598,2.6,90,0.001,1.5,ES / FR 2,https://api.ecomhub.app/public/products/featuredImage-1737028416775-c9ab2c7f.jpeg,https://app.ecomhub.app,9.8,preco_ideal_teste
ecomhub,94348907-3e91-40a6-b2e7-e2ebe0350ee0,Corretivo à Prova DÁgua para Cicatrizes,correctorcica-eelhoe,3.2,90,0.001,1.5,ES / FR 2,https://api.ecomhub.app/public/products/featuredImage-1737126890591-def552b0.jpeg,https://app.ecomhub.app,9.8,preco_ideal_teste
ecomhub,74cd7570-caf3-4139-93d5-6cee457b7aea,Bombilla Tipo C ideal para camping,bombilla_15236,3.2,90,0.001,1.5,ES / FR 2,https://api.ecomhub.app/public/products/featuredImage-1733315007080-6d338966.jpeg,https://app.ecomhub.app,9.8,preco_ideal_teste
ecomhub,e9287581-1d41-4806-80df-54aab4302f1f,Sabonete Compacto para Cabelos  Elimina Cabelos Brancos,jabon_15620,2.34,90,0.001,1.5,ES / FR 2,https://api.ecomhub.app/public/products/featuredImage-1733407832690-1102e7ee.jpg,https://app.ecomhub.app,9.8,preco_ideal_teste
ecomhub,358384cd-6ff0-4aea-8d27-f6129faea45f,Joelheira Completa,rodilleracompleta_15197,2.54,90,0.001,1.5,ES / FR 2,https://api.ecomhub.app/public/products/featuredImage-1732735206598-32678477.jpg,https://app.ecomhub.app,9.8,preco_ideal_teste
ecomhub,87a9460c-c62c-4844-9444-ea22a6ac94d0,Recipiente de silicone para air fryer,airsilicona15111,2.03,90,0.001,1.5,ES / FR 2,https://api.ecomhub.app/public/products/featuredImage-1733936072379-ef3326fb.png,https://app.ecomhub.app,9.8,preco_ideal_teste
dropipro,2368,Linterna led solar con kit de herramientas,,7.49,188,1.2,,Dropi PRO ES,https://dropipro.com/storage/products/2368/WechatIMG2376_1763405114.jpg,https://dropipro.com/app/products,9.76,preco_ideal_teste
dropipro,2712,Abridor eléctrico automático de botes y tarros,,8.49,187,0.61,,Dropi PRO ES,https://dropipro.com/storage/products/2712/abridor_1777732032.jpg,https://dropipro.com/app/products,9.74,preco_ideal_teste
dropipro,2600,Calcetines de turmalina premium para bienestar y confort,,1.99,87,0.26,,Dropi PRO ES,https://dropipro.com/storage/products/2600/CALCETI_1770304634.jpg,https://dropipro.com/app/products,9.74,dropi_stock_baixo
dropipro,1969,Sup Maca extra strength 1900mg,,3.89,87,0.06,,Dropi PRO ES,https://dropipro.com/storage/products/1969/MACA_1765301765.jpg,https://dropipro.com/app/products,9.74,"dropi_stock_baixo,preco_ideal_teste"
dropipro,1512,Corrector de postura unisex con chip de piedra energetica,,2.99,87,0.08,,Dropi PRO ES,https://dropipro.com/storage/products/1512/CORRECTOR_2024-11-19-12-45-25.jpg,https://dropipro.com/app/products,9.74,"dropi_stock_baixo,preco_ideal_teste"
dropipro,2580,Limpiacristales magnético con depósito para líquido,,4.69,86,1.06,,Dropi PRO ES,https://dropipro.com/storage/products/2580/limpiaclist_1769279986.jpg,https://dropipro.com/app/products,9.72,"dropi_stock_baixo,preco_ideal_teste"
dropipro,419,Collar Hermanas,,1.49,85,0.15,,Dropi PRO ES,https://dropipro.com/storage/products/419/_2023-12-13-19-36-19.jpg,https://dropipro.com/app/products,9.7,dropi_stock_baixo
dropipro,432,Collar con colgante de corona,,1.99,84,0.15,,Dropi PRO ES,https://dropipro.com/storage/products/432/51GytrRqE5L_2023-12-15-12-06-11._AC_SL1100_.jpg,https://dropipro.com/app/products,9.68,dropi_stock_baixo
dropipro,1815,Mini barco de control remoto,,10.49,183,0.42,,Dropi PRO ES,https://dropipro.com/storage/products/1815/BARCO_1739355678.jpg,https://dropipro.com/app/products,9.66,preco_ideal_teste
dropipro,829,Cepillo vapor para mascota (rosa),,2.55,83,0.11,,Dropi PRO ES,https://dropipro.com/storage/products/829/CEPILLO_2024-05-21-19-07-22.jpg,https://dropipro.com/app/products,9.66,"dropi_stock_baixo,preco_ideal_teste"
dropipro,2302,Leggins Mujer Push Up marron talla unica,,3.99,81,0.4,,Dropi PRO ES,https://dropipro.com/storage/products/2302/WechatIMG2338_1761838074.jpg,https://dropipro.com/app/products,9.62,"dropi_stock_baixo,preco_ideal_teste"
dropipro,69,Afilador de cuchillos,,2.48,81,0.48,,Dropi PRO ES,https://dropipro.com/storage/products/69/afilador_cuchillos_09-11-2022.png,https://dropipro.com/app/products,9.62,"dropi_stock_baixo,preco_ideal_teste"
dropipro,185,"Manguera extensible 7,5 metros",,3.99,80,0.32,,Dropi PRO ES,https://dropipro.com/storage/products/185/0-04e28e_2023-04-19-12-24-31.jpeg,https://dropipro.com/app/products,9.6,"dropi_stock_baixo,preco_ideal_teste"
ecomhub,573b8383-9e8e-488b-97c4-9b1f04b81fbb,Creme Clareador Anti-manchas,cremablanqueadora_15566,2.13,80,0.001,1.5,ES / FR 2,https://api.ecomhub.app/public/products/featuredImage-1732882127168-6aaca915.jpg,https://app.ecomhub.app,9.6,preco_ideal_teste
ecomhub,72502bde-e5ad-4842-ba27-63cb2e18ad89,Corretor de sobrancelhas,cejamarronoscuro03,2.54,80,0.001,1.5,ES / FR 2,https://api.ecomhub.app/public/products/featuredImage-1733503104330-e795c932.jpeg,https://app.ecomhub.app,9.6,preco_ideal_teste
ecomhub,24403a8f-a2ec-4685-84d7-9a4f421058ca,oculos 03,ray03,3.15,80,0.2,1.5,ES / FR 2,https://api.ecomhub.app/public/products/featuredImage-1738933380693-678b8261.jpeg,https://app.ecomhub.app,9.6,preco_ideal_teste
dropipro,2685,Cepillo alisador portátil ( 2Colores ),,6.49,179,0.52,,Dropi PRO ES,https://dropipro.com/storage/products/2685/CEPILLO_1777044506.jpg,https://dropipro.com/app/products,9.58,preco_ideal_teste
dropipro,2430,Gel para aliviar el dolor de acción rápida con crioterapia refrescante,,2.49,79,0.32,,Dropi PRO ES,https://dropipro.com/storage/products/2430/GEL_1764873892.jpg,https://dropipro.com/app/products,9.58,"dropi_stock_baixo,preco_ideal_teste"
dropipro,2055,Soporte de teléfono con ventosa giratoria de 360°,,2.89,78,0.21,,Dropi PRO ES,https://dropipro.com/storage/products/2055/SOPORTETEL_1765560376.jpg,https://dropipro.com/app/products,9.56,"dropi_stock_baixo,preco_ideal_teste"
dropipro,417,Collar Hermanas Columpio en el Árbol de la vida Plata,,1.49,78,0.15,,Dropi PRO ES,https://dropipro.com/storage/products/417/61Cv6eVNW5L_2023-12-13-19-23-02._AC_SX679_.jpg,https://dropipro.com/app/products,9.56,dropi_stock_baixo
dropipro,2087,MagicBooty- Crema agranda gluteos,,0.99,77,0.25,,Dropi PRO ES,https://dropipro.com/storage/products/2087/IMG_20251110_133719_1762780150.jpg,https://dropipro.com/app/products,9.54,dropi_stock_baixo
dropipro,2477,Cinturón de masaje adelgazante,,5.99,175,0.54,,Dropi PRO ES,https://dropipro.com/storage/products/2477/CINTU_1765909846.jpg,https://dropipro.com/app/products,9.5,preco_ideal_teste
dropipro,452,Pizarra mágica de dibujo,,2.99,75,0.32,,Dropi PRO ES,https://dropipro.com/storage/products/452/gsc_125421509_4303036_1_2023-12-22-17-25-52.jpg,https://dropipro.com/app/products,9.5,"dropi_stock_baixo,preco_ideal_teste"
dropipro,2393,Giroscopio de mano para fortalecer muñeca,,6.99,174,0.6,,Dropi PRO ES,https://dropipro.com/storage/products/2393/GIROSCOPIO_1763816427.jpg,https://dropipro.com/app/products,9.48,preco_ideal_teste
dropipro,1477,Crema limpiadora de zapatos 120g,,1.69,74,0.3,,Dropi PRO ES,https://dropipro.com/storage/products/1477/ZAP_2024-11-13-12-58-03.jpg,https://dropipro.com/app/products,9.48,dropi_stock_baixo
dropipro,418,Collar con colgante de árbol de la vida,,1.49,73,0.15,,Dropi PRO ES,https://dropipro.com/storage/products/418/61QCMmMGBwL_2023-12-13-19-27-44._AC_SY535_.jpg,https://dropipro.com/app/products,9.46,dropi_stock_baixo
dropipro,1419,Estantería sobre Lavadora negro,,12.99,197,2.4,,Dropi PRO ES,https://dropipro.com/storage/products/1419/ESTANTERIA_2024-11-01-17-36-41.jpg,https://dropipro.com/app/products,9.44,
dropipro,1494,Cortadora multiusos de Acero inoxidable,,4.49,72,0.45,,Dropi PRO ES,https://dropipro.com/storage/products/1494/CORTADOR_2024-11-18-16-59-49.jpg,https://dropipro.com/app/products,9.44,"dropi_stock_baixo,preco_ideal_teste"
dropipro,2539,Sofá cama hinchable portátil,,16.49,296,2.79,,Dropi PRO ES,https://dropipro.com/storage/products/2539/SOFACAMA_1768220902.jpg,https://dropipro.com/app/products,9.42,
ecomhub,943075a2-8c84-4344-8716-7f50e6abf3a9,Base Espiral,baseespiral_0105,2.54,70,0.001,1.5,ES / FR 2,https://api.ecomhub.app/public/products/featuredImage-1733503241717-11ab43a6.jpeg,https://app.ecomhub.app,9.4,preco_ideal_teste
ecomhub,014c7692-cc08-478c-a07a-19de58eb6c3a,Capa Impermeável,fundanegro_v-7205,1.52,70,0.001,1.5,ES / FR 2,https://api.ecomhub.app/public/products/featuredImage-1733401693532-8542542f.jpeg,https://app.ecomhub.app,9.4,preco_ideal_teste
ecomhub,0372b879-70ec-4c5d-afe4-1c689aa454ea,Suporte para laptop e tablet em liga de alumínio,soportela_g-1193,2.8,70,0.9,1.5,ES / FR 2,https://api.ecomhub.app/public/products/featuredImage-1747060385467-dd27bdd3.jpg,https://app.ecomhub.app,9.4,preco_ideal_teste
dropipro,830,Rodillo de Jade para masaje Facial,,1.99,69,0.09,,Dropi PRO ES,https://dropipro.com/storage/products/830/RODILLO_2024-05-21-19-11-48.JPG,https://dropipro.com/app/products,9.38,dropi_stock_baixo
dropipro,2639,Restaurador de óxido color gris 100g,,2.69,68,0.24,,Dropi PRO ES,https://dropipro.com/storage/products/2639/OXIDO_1773675471.JPG,https://dropipro.com/app/products,9.36,"dropi_stock_baixo,preco_ideal_teste"
dropipro,2401,Adaptador Chromecast inalámbrico para TV,,4.99,68,0.26,,Dropi PRO ES,https://dropipro.com/storage/products/2401/CHROM_1764010683.jpg,https://dropipro.com/app/products,9.36,"dropi_stock_baixo,preco_ideal_teste"
dropipro,1170,Body mujer sin manga con escote cuadrado negro S/M,,3.89,68,0.35,,Dropi PRO ES,https://dropipro.com/storage/products/1170/bodyneg_2024-09-11-19-43-48.jpg,https://dropipro.com/app/products,9.36,"dropi_stock_baixo,preco_ideal_teste"
dropipro,1029,Bola de juguete interactivo para gatos azul,,2.59,68,0.25,,Dropi PRO ES,https://dropipro.com/storage/products/1029/BOLAAZUL_2024-08-01-20-06-58.jpg,https://dropipro.com/app/products,9.36,"dropi_stock_baixo,preco_ideal_teste"
dropipro,438,Collar Hermanas Columpio en el Árbol de la vida Oro Rosa,,1.49,68,0.15,,Dropi PRO ES,https://dropipro.com/storage/products/438/25008-1_2023-12-15-17-28-07.jpg,https://dropipro.com/app/products,9.36,dropi_stock_baixo
dropipro,174,Calzador de calcetines y medias,,3.47,67,0.56,,Dropi PRO ES,https://dropipro.com/storage/products/174/Sock_helper_slider_-_Simple_use_2023-04-05-12-52-21.jpg,https://dropipro.com/app/products,9.34,"dropi_stock_baixo,preco_ideal_teste"
dropipro,234,Licuadora portátil rosa,,4.75,67,0.39,,Dropi PRO ES,https://dropipro.com/storage/products/234/LICUAROSA_2024-05-21-19-22-38.JPG,https://dropipro.com/app/products,9.34,"dropi_stock_baixo,preco_ideal_teste"
dropipro,2644,Gafas de sol polarizadas con lentes fotocromáticas,,1.99,65,0.23,,Dropi PRO ES,https://dropipro.com/storage/products/2644/gafa_1773742967.jpg,https://dropipro.com/app/products,9.3,dropi_stock_baixo
dropipro,1897,Sierra de sable con dos bateria,,24.99,289,2.95,,Dropi PRO ES,https://dropipro.com/storage/products/1897/SIERRA_1741971421.jpg,https://dropipro.com/app/products,9.28,
dropipro,2563,Suplemento dietético para apoyar el metabolismo y controlar el apetito,,3.89,60,0.37,,Dropi PRO ES,https://dropipro.com/storage/products/2563/WechatIMG2516_1768501556.jpg,https://dropipro.com/app/products,9.2,"dropi_stock_baixo,preco_ideal_teste"
dropipro,509,"Cámara para Niños con Correa 1080P 2,0 Pulgadas Azul Gato",,8.5,160,0.41,,Dropi PRO ES,https://dropipro.com/storage/products/509/2_2024-03-25-20-30-40.jpeg,https://dropipro.com/app/products,9.2,preco_ideal_teste
ecomhub,91200c78-6031-4c0b-900b-2aeb731ed883,Óleo Bee Wax para ilustrar madeiras,embeewax,3.05,60,0.3,1.5,Espanha 1,https://api.ecomhub.app/public/products/featuredImage-1746955198805-f28122d3.jpeg,https://app.ecomhub.app,9.2,preco_ideal_teste
ecomhub,93c829f8-a623-4f0e-a1f9-165bda51745d,Amplificador de Ecrã,pantallag-1472,3.05,60,0.001,1.5,ES / FR 2,https://api.ecomhub.app/public/products/featuredImage-1746216602705-e1f836b1.jpeg,https://app.ecomhub.app,9.2,preco_ideal_teste
ecomhub,b34a57bf-b9f8-4c61-820e-fa5bd9399313,Oculos 01,ray01,3.15,60,0.2,1.5,ES / FR 2,https://api.ecomhub.app/public/products/featuredImage-1753724042321-49873234.jpeg,https://app.ecomhub.app,9.2,preco_ideal_teste
dropipro,661,Funda Protectora de Sofá Reversible 2 Piezas,,5.49,159,0.58,,Dropi PRO ES,https://dropipro.com/storage/products/661/FUNDA_2024-03-19-17-45-57.jpg,https://dropipro.com/app/products,9.18,preco_ideal_teste
dropipro,2395,Reloj deportivo 3D en forma de llanta,,12.49,158,0.35,,Dropi PRO ES,https://dropipro.com/storage/products/2395/LLANTA_1763819797.jpg,https://dropipro.com/app/products,9.16,
dropipro,2564,FLYER BYE BYE CELULITIS,,1.0,57,0.05,,Dropi PRO ES,https://dropipro.com/storage/products/2564/Screenshot2026-01-21at11.48.49AM_1769014150.png,https://dropipro.com/app/products,9.14,dropi_stock_baixo
dropipro,1814,Masajeador de cabeza eléctrica,,14.99,157,0.72,,Dropi PRO ES,https://dropipro.com/storage/products/1814/masajeadorq_1739355469.jpg,https://dropipro.com/app/products,9.14,
dropipro,238,Sujetador Deportivo talla S/M,,2.09,55,0.11,,Dropi PRO ES,https://dropipro.com/storage/products/238/61EZ8n43tL_2024-01-18-12-59-54._AC_SX569_.jpg,https://dropipro.com/app/products,9.1,"dropi_stock_baixo,preco_ideal_teste"
dropipro,491,Correas para entrenamiento de piernas,,4.99,54,0.39,,Dropi PRO ES,https://dropipro.com/storage/products/491/24047_2024-01-27-18-51-04.jpg,https://dropipro.com/app/products,9.08,"dropi_stock_baixo,preco_ideal_teste"
dropipro,747,Leggings Corto Elástico Push Up verde khaki S/M,,2.89,54,0.11,,Dropi PRO ES,https://dropipro.com/storage/products/747/2024-04-0418_2024-04-04-18-39-43.16.png,https://dropipro.com/app/products,9.08,"dropi_stock_baixo,preco_ideal_teste"
dropipro,806,Rodillera Deportiva Ajustable 1pcs (Talla unica),,2.35,52,0.11,,Dropi PRO ES,https://dropipro.com/storage/products/806/RODI_2024-04-23-13-17-34.jpg,https://dropipro.com/app/products,9.04,"dropi_stock_baixo,preco_ideal_teste"
dropipro,1872,Almohada de brazo Anti-presión para parejas,,12.99,152,1.7,,Dropi PRO ES,https://dropipro.com/storage/products/1872/ALMOHADA_1741108827.jpg,https://dropipro.com/app/products,9.04,
ecomhub,8b24802f-a62d-4d33-8e26-0b998508d999,Suplemento Natural 8 em 1 - Sea Moss - Ashwagandha - Black Seed Oil - Gengibre Extra Strength 19445 mg,seamoss_16057,4.2,152,0.4,1.5,ES / FR 2,https://api.ecomhub.app/public/products/featuredImage-1760728586876-2cffe365.png,https://app.ecomhub.app,9.04,preco_ideal_teste
dropipro,741,Faja Reductora Mujer Adelgazante Beige M/L,,3.89,50,0.47,,Dropi PRO ES,https://dropipro.com/storage/products/741/719pNSSys5L._AC_SX679__1777824948.jpg,https://dropipro.com/app/products,9.0,"dropi_stock_baixo,preco_ideal_teste"
ecomhub,8764ed0f-d017-471b-b0b7-048f64297e68,Areador de Torneira Giratório,extengrifo_8054255655210,2.99,50,0.001,1.5,ES / FR 2,https://api.ecomhub.app/public/products/featuredImage-1746240452158-351853ba.jpeg,https://app.ecomhub.app,9.0,preco_ideal_teste
ecomhub,39c2c48c-5d3d-43cb-a8df-6c6f0046a6a8,Colar Cachorro Balão,collar_perro_plata,3.05,50,0.001,1.5,ES / FR 2,https://api.ecomhub.app/public/products/featuredImage-1733926928262-be742cb6.JPG,https://app.ecomhub.app,9.0,preco_ideal_teste
ecomhub,172b41ee-dfd0-492c-9ee2-562cd2331051,Esfoliante de silicone para Banho,siliconaespalda_13564,2.64,50,0.001,1.5,ES / FR 2,https://api.ecomhub.app/public/products/featuredImage-1733324168278-b0e771c5.jpeg,https://app.ecomhub.app,9.0,preco_ideal_teste
ecomhub,bd806647-cb89-469c-825c-3d26bff5fbd3,Porta joias portátil,portablejoyas_15356beige,2.54,50,0.001,1.5,ES / FR 2,https://api.ecomhub.app/public/products/featuredImage-1733754420992-d2e893d8.jpeg,https://app.ecomhub.app,9.0,preco_ideal_teste
dropipro,859,Linternas LED alta potencia 5 modos,,3.49,49,0.37,,Dropi PRO ES,https://dropipro.com/storage/products/859/WechatIMG1325_2024-05-31-16-32-05.jpg,https://dropipro.com/app/products,8.98,"dropi_critico,preco_ideal_teste"
dropipro,2710,Escritorio portátil con cojín para ordenador,,10.99,148,1.47,,Dropi PRO ES,https://dropipro.com/storage/products/2710/MESA_1777485184.jpg,https://dropipro.com/app/products,8.96,"dropi_stock_baixo,preco_ideal_teste"
dropipro,481,Organizador de Maquillajes 4 planta,,4.99,48,0.87,,Dropi PRO ES,https://dropipro.com/storage/products/481/24074_2024-01-24-16-36-06.jpg,https://dropipro.com/app/products,8.96,"dropi_critico,preco_ideal_teste"
dropipro,1844,Lámpara de mesa flotante giratoria,,13.99,147,0.6,,Dropi PRO ES,https://dropipro.com/storage/products/1844/WechatIMG2032_1740077290.jpg,https://dropipro.com/app/products,8.94,dropi_stock_baixo
dropipro,1890,Aspiradora de ventana 5 en 1,,14.99,147,1.13,,Dropi PRO ES,https://dropipro.com/storage/products/1890/WechatIMG2050_1741864197.jpg,https://dropipro.com/app/products,8.94,dropi_stock_baixo
dropipro,304,Mochila para pañales con cuna,,9.99,146,1.13,,Dropi PRO ES,https://dropipro.com/storage/products/304/81KKrfW4WnL_2023-07-30-15-13-51._AC_UX679_.jpg,https://dropipro.com/app/products,8.92,"dropi_stock_baixo,preco_ideal_teste"
dropipro,507,Mini cámara 1280 × 720  con Pantalla 2 Pulgadas Celeste,,4.99,46,0.32,,Dropi PRO ES,https://dropipro.com/storage/products/507/61GcBMq4QML_2024-01-29-17-29-38._AC_SL1500_.jpg,https://dropipro.com/app/products,8.92,"dropi_critico,preco_ideal_teste"
dropipro,1840,Masajeador de pantorrilla para circulación y alivio del dolor 1 unidad,,14.99,145,0.55,,Dropi PRO ES,https://dropipro.com/storage/products/1840/MASAJEA_1740074457.jpg,https://dropipro.com/app/products,8.9,dropi_stock_baixo
dropipro,1913,Máquina automática para hacer Dumpling,,6.49,144,0.58,,Dropi PRO ES,https://dropipro.com/storage/products/1913/DUMPLING_1742409629.jpg,https://dropipro.com/app/products,8.88,"dropi_stock_baixo,preco_ideal_teste"
dropipro,1823,Microscopio Digital para niños,,10.49,144,0.7,,Dropi PRO ES,https://dropipro.com/storage/products/1823/WechatIMG2020_1739553635.jpg,https://dropipro.com/app/products,8.88,"dropi_stock_baixo,preco_ideal_teste"
dropipro,1589,"Consola de Juegos Portátil con pantalla de 4,3 Pulgadas",,19.99,242,0.33,,Dropi PRO ES,https://dropipro.com/storage/products/1589/X7_1733332154.jpg,https://dropipro.com/app/products,8.84,
dropipro,2321,Suplemento CANDIDA apoyo intestinal y colon 60 cápsulas,,3.99,41,0.26,,Dropi PRO ES,https://dropipro.com/storage/products/2321/CANDIDA_1762528959.jpg,https://dropipro.com/app/products,8.82,"dropi_critico,preco_ideal_teste"
dropipro,527,Mini Plancha De Pelo Recargable 2en1 Cepillo y Rizador Morada,,3.49,41,0.36,,Dropi PRO ES,https://dropipro.com/storage/products/527/617suCHhCUL_2024-02-01-15-44-30._AC_SL1001_.jpg,https://dropipro.com/app/products,8.82,"dropi_critico,preco_ideal_teste"
dropipro,560,Tinte para el cabello para cubrir la raíz al instante negro,,3.49,41,0.28,,Dropi PRO ES,https://dropipro.com/storage/products/560/71-0RJTC0QL_2024-03-11-19-40-39._SX425_.jpg,https://dropipro.com/app/products,8.82,"dropi_critico,preco_ideal_teste"
dropipro,564,Mini Impresora pegatinas térmica para móvil,,9.99,141,0.4,,Dropi PRO ES,https://dropipro.com/storage/products/564/81sPTzDAbYL_2024-02-09-12-15-28._AC_SX679_.jpg,https://dropipro.com/app/products,8.82,"dropi_stock_baixo,preco_ideal_teste"
dropipro,1867,Faja lumbar con terapia magnetica,,7.49,140,0.3,,Dropi PRO ES,https://dropipro.com/storage/products/1867/FAJA_1741104289.JPG,https://dropipro.com/app/products,8.8,"dropi_stock_baixo,preco_ideal_teste"
ecomhub,0963bb52-d668-4775-90c5-bb1f9b60c158,Suporte Lombar,fajamolde_15372,2.54,40,0.001,1.5,ES / FR 2,https://api.ecomhub.app/public/products/featuredImage-1733753938495-ef962926.jpeg,https://app.ecomhub.app,8.8,preco_ideal_teste
ecomhub,fb599578-9f0e-4359-b91d-1ec9093bc512,Parche verde para olheiras,EMGreenmask,2.3,40,0.001,1.5,Espanha 1,https://api.ecomhub.app/public/products/featuredImage-1718814629441-9c8c1a75.jpg,https://app.ecomhub.app,8.8,preco_ideal_teste
ecomhub,5018ec4d-eae0-470c-8de5-3a0dc40f7eaf,Escova a Vapor para Animais de Estimação,cepillovap_15528,2.02,40,0.001,1.5,ES / FR 2,https://api.ecomhub.app/public/products/featuredImage-1733405132532-35a7d352.jpg,https://app.ecomhub.app,8.8,preco_ideal_teste
dropipro,2447,Estanteria de almacenamiento de zapatos de 4 niveles,,7.99,139,1.14,,Dropi PRO ES,https://dropipro.com/storage/products/2447/ESTAN_1765883434.jpg,https://dropipro.com/app/products,8.78,"dropi_stock_baixo,preco_ideal_teste"
dropipro,2643,Probióticos vaginales para el cuidado íntimo femenino,,2.89,38,0.27,,Dropi PRO ES,https://dropipro.com/storage/products/2643/probioti_1773741453.jpg,https://dropipro.com/app/products,8.76,"dropi_critico,preco_ideal_teste"
dropipro,1000,Calentador de agua eléctrico instantáneo de 3500W,,16.99,238,1.05,,Dropi PRO ES,https://dropipro.com/storage/products/1000/CALENTADOR_2024-07-26-19-43-16.jpg,https://dropipro.com/app/products,8.76,
dropipro,333,Parches Eliminación de Lunares,,1.49,38,0.21,,Dropi PRO ES,https://dropipro.com/storage/products/333/904125534_max_2023-09-08-16-31-29.jpg,https://dropipro.com/app/products,8.76,dropi_critico
dropipro,2561,Suplemento dietético para perder peso y mantener el azúcar en equilibrio,,3.49,37,0.26,,Dropi PRO ES,https://dropipro.com/storage/products/2561/WechatIMG2513_1768499909.jpg,https://dropipro.com/app/products,8.74,"dropi_critico,preco_ideal_teste"
dropipro,2571,Protector colchon impermeable 135x190 CM,,6.99,136,0.8,,Dropi PRO ES,https://dropipro.com/storage/products/2571/FUNDA_1769271668.jpg,https://dropipro.com/app/products,8.72,"dropi_stock_baixo,preco_ideal_teste"
dropipro,2533,Spray eliminador de óxido,,1.69,35,0.24,,Dropi PRO ES,https://dropipro.com/storage/products/2533/OXIDO_1768219289.jpg,https://dropipro.com/app/products,8.7,dropi_critico
dropipro,60,Correa smartwatch PRO silicona,,0.83,35,0.01,,Dropi PRO ES,https://dropipro.com/storage/products/60/prod_1159_1632711455_2023-04-10-15-56-53.jpeg,https://dropipro.com/app/products,8.7,dropi_critico
dropipro,565,Dispensador de Agua Eléctrico de Sobremesa (azul oscuro),,7.99,134,0.41,,Dropi PRO ES,https://dropipro.com/storage/products/565/71fFTTPsa-L_2024-02-09-12-51-30._AC_SL1500_.jpg,https://dropipro.com/app/products,8.68,"dropi_stock_baixo,preco_ideal_teste"
dropipro,984,Cepillo electrico para biberon ( dos colores ),,6.95,133,0.35,,Dropi PRO ES,https://dropipro.com/storage/products/984/WechatIMG1548_2024-07-25-16-26-56.jpg,https://dropipro.com/app/products,8.66,"dropi_stock_baixo,preco_ideal_teste"
dropipro,122,Esterilla masajeadora de acupresión,,7.99,132,0.76,,Dropi PRO ES,https://dropipro.com/storage/products/122/1_2024-03-20-18-58-24.jpeg,https://dropipro.com/app/products,8.64,"dropi_stock_baixo,preco_ideal_teste"
dropipro,42,Hucha electrónica digital,,4.3,30,0.45,,Dropi PRO ES,https://dropipro.com/storage/products/42/hucha_digital_02-11-2022.jpg,https://dropipro.com/app/products,8.6,"dropi_critico,preco_ideal_teste"
ecomhub,6078365e-caaf-48df-8423-477e9e7e4a75,Corretor de Joanete,telajuanete_15278,2.2,30,0.001,1.5,ES / FR 2,https://api.ecomhub.app/public/products/featuredImage-1733485488065-d5f41454.jpeg,https://app.ecomhub.app,8.6,preco_ideal_teste
ecomhub,d99212dd-73ca-4670-8536-244b0c252d3b,Meias Térmicas,calcetines15267,2.03,30,0.001,1.5,ES / FR 2,https://api.ecomhub.app/public/products/featuredImage-1733935267631-11689815.jpeg,https://app.ecomhub.app,8.6,preco_ideal_teste
ecomhub,297f0573-6864-4fc5-835d-36072fc21cca,Palmilhas de Gel,plantigel_15636,2.2,30,0.001,1.5,ES / FR 2,https://api.ecomhub.app/public/products/featuredImage-1736946170703-77811983.jpeg,https://app.ecomhub.app,8.6,preco_ideal_teste
ecomhub,7c11bba6-9b26-410e-9a5e-1871cc97736f,Oculos 02,ray02,3.15,30,0.2,1.5,ES / FR 2,https://api.ecomhub.app/public/products/featuredImage-1738933422819-5c89ebff.jpeg,https://app.ecomhub.app,8.6,preco_ideal_teste
ecomhub,d04029ad-540f-4b0a-83ca-30260dcbd4cb,Óleo Anti fungos revitalizador de unhas,emantih,2.9,30,0.3,1.5,Espanha 1,https://api.ecomhub.app/public/products/featuredImage-1746955080693-93d8c605.jpeg,https://app.ecomhub.app,8.6,preco_ideal_teste
ecomhub,4d84c4fe-7e86-4816-8155-50a5a6ed712d,Adesivo SlimPatch no umbigo 30 unidades,em30slimpatchdetox,2.7,30,0.3,1.5,Espanha 1,https://api.ecomhub.app/public/products/featuredImage-1719062035382-9c5cae6f.jpg,https://app.ecomhub.app,8.6,preco_ideal_teste
dropipro,2029,Sujetador deportiva sin costuras negro S/M,,1.99,29,0.24,,Dropi PRO ES,https://dropipro.com/storage/products/2029/TOPNG_1748528584.jpg,https://dropipro.com/app/products,8.58,dropi_critico
dropipro,1415,Masajeador de rodilla infrarrojo con terapia de calor y luz roja,,29.99,229,0.88,,Dropi PRO ES,https://dropipro.com/storage/products/1415/RODILLA_2024-11-01-17-12-36.jpg,https://dropipro.com/app/products,8.58,
dropipro,2323,Suplemento TURKESTERONE 60 Cápsulas - aumento de masa muscular y recuperacion,,3.99,28,0.26,,Dropi PRO ES,https://dropipro.com/storage/products/2323/TURKESTERONE_1766407719.jpeg,https://dropipro.com/app/products,8.56,"dropi_critico,preco_ideal_teste"
dropipro,2572,Protector colchon impermeable 150x200 CM,,7.49,127,0.8,,Dropi PRO ES,https://dropipro.com/storage/products/2572/FUNDA_1769271668.jpg,https://dropipro.com/app/products,8.54,"dropi_stock_baixo,preco_ideal_teste"
dropipro,2540,Colchón inflable portátil para coche,,14.99,150,2.1,,Dropi PRO ES,https://dropipro.com/storage/products/2540/COLCHON_1768221453.jpg,https://dropipro.com/app/products,8.5,
dropipro,2338,Suplemento gummies de vinagre de manzana 60 unidad,,4.69,25,0.38,,Dropi PRO ES,https://dropipro.com/storage/products/2338/WechatIMG2363_1762959140.jpg,https://dropipro.com/app/products,8.5,"dropi_critico,preco_ideal_teste"
dropipro,2562,Suplemento dietético para controlar el apetito y favorecer hábitos saludables,,3.29,21,0.36,,Dropi PRO ES,https://dropipro.com/storage/products/2562/WechatIMG2514_1768501175.jpg,https://dropipro.com/app/products,8.42,"dropi_critico,preco_ideal_teste"
dropipro,2388,Sofá Cama Inflable Portátil con Reposapiés,,14.99,146,2.1,,Dropi PRO ES,https://dropipro.com/storage/products/2388/sofa_1763812192.jpg,https://dropipro.com/app/products,8.42,dropi_stock_baixo
dropipro,570,Mini Batidora Portatil,,4.8,21,0.64,,Dropi PRO ES,https://dropipro.com/storage/products/570/_2024-02-10-12-39-01.jpg,https://dropipro.com/app/products,8.42,"dropi_critico,preco_ideal_teste"
dropipro,2547,Manguera de conexión para sistema de enfriamiento,,6.99,120,0.69,,Dropi PRO ES,https://dropipro.com/storage/products/2547/IMAGEN_1766140135_1768232005.jpeg,https://dropipro.com/app/products,8.4,"dropi_stock_baixo,preco_ideal_teste"
dropipro,2474,Pulidor de coche inalámbrico de mano,,9.49,120,0.78,,Dropi PRO ES,https://dropipro.com/storage/products/2474/WechatIMG2457_1765909265.jpg,https://dropipro.com/app/products,8.4,"dropi_stock_baixo,preco_ideal_teste"
dropipro,2360,Ventilador De Aire Acondicionado Portátil Silencioso,,9.49,120,0.71,,Dropi PRO ES,https://dropipro.com/storage/products/2360/VENTILADOR_1763399354.jpg,https://dropipro.com/app/products,8.4,"dropi_stock_baixo,preco_ideal_teste"
dropipro,1009,Conjunto deportivo mujer 2pcs gris - talla unica,,4.45,20,0.21,,Dropi PRO ES,https://dropipro.com/storage/products/1009/gris_2024-07-29-14-11-05.jpg,https://dropipro.com/app/products,8.4,"dropi_critico,preco_ideal_teste"
ecomhub,f4363ec5-b953-4eac-9b9c-3fd6de998341,Cinta Slim Control,fajaslim_13710,3.04,20,0.001,1.5,ES / FR 2,https://api.ecomhub.app/public/products/featuredImage-1746953680234-b80ce14a.png,https://app.ecomhub.app,8.4,preco_ideal_teste
ecomhub,933effba-70c6-40ee-8182-a2e562cc8b63,Cinta Suporte Lombar,ycsoportelumbar_14484,3.38,20,0.001,1.5,ES / FR 2,https://api.ecomhub.app/public/products/featuredImage-1732883533531-58a8f227.png,https://app.ecomhub.app,8.4,preco_ideal_teste
ecomhub,8066fbfe-006d-4806-bda4-3172498b8136,Cinta Corset Redutor,fajareduc_15237,2.73,20,0.001,1.5,ES / FR 2,https://api.ecomhub.app/public/products/featuredImage-1732882497832-5ed430b6.jpg,https://app.ecomhub.app,8.4,preco_ideal_teste
ecomhub,ae241199-61e8-4ae5-aedb-45bdc7bf5f3f,Carro Teledirigido Raios Infravermelhos,cochelaser_14882,1.0,20,0.001,1.5,ES / FR 2,https://api.ecomhub.app/public/products/featuredImage-1730991082360-477561b6.jpeg,https://app.ecomhub.app,8.4,preco_ideal_teste
dropipro,2570,Protector colchon impermeable 90x190 CM,,6.29,119,0.8,,Dropi PRO ES,https://dropipro.com/storage/products/2570/FUNDA_1769271668.jpg,https://dropipro.com/app/products,8.38,"dropi_stock_baixo,preco_ideal_teste"
dropipro,301,Depilación facial para mujer,,2.49,19,0.28,,Dropi PRO ES,https://dropipro.com/storage/products/301/71SiKn7DO9L_2023-07-30-13-22-32._AC_SX679_.jpg,https://dropipro.com/app/products,8.38,"dropi_critico,preco_ideal_teste"
dropipro,1632,Organizador de maquillaje con espejo LED,,7.49,118,0.57,,Dropi PRO ES,https://dropipro.com/storage/products/1632/24472_1734978916.jpg,https://dropipro.com/app/products,8.36,"dropi_stock_baixo,preco_ideal_teste"
dropipro,2337,Kit de Barra de pilates portátil con banda de resistencia,,3.99,16,0.6,,Dropi PRO ES,https://dropipro.com/storage/products/2337/KITPILATES_1765634332.jpg,https://dropipro.com/app/products,8.32,"dropi_critico,preco_ideal_teste"
dropipro,2336,Cortapelos recargable resistente al agua,,11.99,116,0.7,,Dropi PRO ES,https://dropipro.com/storage/products/2336/WechatIMG2358_1762872006.jpg,https://dropipro.com/app/products,8.32,"dropi_stock_baixo,preco_ideal_teste"
dropipro,2356,Juguete para gatos pajaro volador,,5.49,116,0.34,,Dropi PRO ES,https://dropipro.com/storage/products/2356/gatos1_1763398168.jpg,https://dropipro.com/app/products,8.32,"dropi_stock_baixo,preco_ideal_teste"
dropipro,1812,Tira de luz ambiente multifuncional 7 colores RGB para coches,,3.89,16,0.13,,Dropi PRO ES,https://dropipro.com/storage/products/1812/TIRA_1739299163.jpg,https://dropipro.com/app/products,8.32,"dropi_critico,preco_ideal_teste"
dropipro,1417,Robot limpieza electrico para vidrio,,15.99,214,0.81,,Dropi PRO ES,https://dropipro.com/storage/products/1417/VIDRIO_2024-11-01-17-21-52.jpg,https://dropipro.com/app/products,8.28,
dropipro,2501,Aceite calmante after shave con fragancia de fresa y vainilla,,2.89,11,0.34,,Dropi PRO ES,https://dropipro.com/storage/products/2501/WechatIMG2485_1767008831.jpg,https://dropipro.com/app/products,8.22,"dropi_critico,preco_ideal_teste"
dropipro,2452,Bandas elásticas de resistencia multifunción,,1.99,11,0.37,,Dropi PRO ES,https://dropipro.com/storage/products/2452/alasti_1765887371.jpg,https://dropipro.com/app/products,8.22,dropi_critico
dropipro,1651,Smartwatch Ultra Pro con 2 correas ( negro + blanco ),,4.99,10,0.35,,Dropi PRO ES,https://dropipro.com/storage/products/1651/SMA_1736423499.JPG,https://dropipro.com/app/products,8.2,"dropi_critico,preco_ideal_teste"
ecomhub,78b97d8b-802d-45b1-8b40-1a7e88de3bf8,Cinta Corset Abdominal Unissexo,fajuni_15291,3.03,10,0.001,1.5,ES / FR 2,https://api.ecomhub.app/public/products/featuredImage-1732882424491-82b20bb2.jpg,https://app.ecomhub.app,8.2,preco_ideal_teste
ecomhub,db47545b-47cb-4b63-8116-5afaf8273fa4,COLAR 1 VC  CAIXA DO COLAR,trebolcajablanco,2.9,10,0.001,1.5,ES / FR 2,https://api.ecomhub.app/public/products/featuredImage-1733928304844-5d5f1cea.jpg,https://app.ecomhub.app,8.2,preco_ideal_teste
dropipro,767,Leggins Mujer Push Up rosa S/M,,4.15,9,0.18,,Dropi PRO ES,https://dropipro.com/storage/products/767/2024-04-0518_2024-04-05-19-49-07.44.png,https://dropipro.com/app/products,8.18,"dropi_critico,preco_ideal_teste"
dropipro,2216,6 Piezas bandeja de silicona para freidora de aire ( colores variado ),,2.99,8,0.25,,Dropi PRO ES,https://dropipro.com/storage/products/2216/bandeja_1756561912.jpg,https://dropipro.com/app/products,8.16,"dropi_critico,preco_ideal_teste"
dropipro,1169,Controlador de juegos movil inalambrico,,11.99,107,0.02,,Dropi PRO ES,https://dropipro.com/storage/products/1169/Controlador_2024-09-11-15-19-04.jpg,https://dropipro.com/app/products,8.14,"dropi_stock_baixo,preco_ideal_teste"
dropipro,307,Masajeador 4 en 1 anticelulítico,,6.95,107,1.08,,Dropi PRO ES,https://dropipro.com/storage/products/307/81yfL652bL_2023-07-30-15-29-59._AC_SX679_.jpg,https://dropipro.com/app/products,8.14,"dropi_stock_baixo,preco_ideal_teste"
dropipro,480,"Entrenador de Cadera, para Piernas y Glúteos",,3.89,7,0.66,,Dropi PRO ES,https://dropipro.com/storage/products/480/24100_2024-01-24-16-23-59.jpg,https://dropipro.com/app/products,8.14,"dropi_critico,preco_ideal_teste"
dropipro,116,Crema de jengibre - crece cabello,,0.99,7,0.24,,Dropi PRO ES,https://dropipro.com/storage/products/116/crema_potenciador_cabello_2023-01-25-18-14-16.jpg,https://dropipro.com/app/products,8.14,dropi_critico
dropipro,781,Estimulador muscular masajeador con electrodos adhesivos,,4.99,5,0.49,,Dropi PRO ES,https://dropipro.com/storage/products/781/61rJzfkINdL_2024-04-11-16-14-02._AC_SL1500_.jpg,https://dropipro.com/app/products,8.1,"dropi_critico,preco_ideal_teste"
dropipro,2718,Alfombrilla de tierra (grounding) 60 x 40 cm,,7.99,104,0.82,,Dropi PRO ES,https://dropipro.com/storage/products/2718/almohadilla_1777980740.jpg,https://dropipro.com/app/products,8.08,"dropi_stock_baixo,preco_ideal_teste"
dropipro,569,Juego de 6 cuchillos de cocina profesionales,,3.49,4,0.63,,Dropi PRO ES,https://dropipro.com/storage/products/569/71ZMyXskOVL_2024-02-09-18-15-21._AC_SL1500_.jpg,https://dropipro.com/app/products,8.08,"dropi_critico,preco_ideal_teste"
dropipro,838,Anillo inteligente tipo Oura talla 9,,11.99,104,0.27,,Dropi PRO ES,https://dropipro.com/storage/products/838/anillon_2024-05-27-13-22-30.jpg,https://dropipro.com/app/products,8.08,"dropi_stock_baixo,preco_ideal_teste"
dropipro,426,Anillo doble barra plata,,0.99,4,0.15,,Dropi PRO ES,https://dropipro.com/storage/products/426/25002-2_2023-12-14-18-47-27.jpg,https://dropipro.com/app/products,8.08,dropi_critico
dropipro,1586,Conjuntos de 2 fragancias para hombre tipo PR (no réplica),,4.99,4,0.44,,Dropi PRO ES,https://dropipro.com/storage/products/1586/COLOHOMB_1733149915.jpg,https://dropipro.com/app/products,8.08,"dropi_critico,preco_ideal_teste"
dropipro,2673,Farola solar exterior con sensor de movimiento 400 W,,11.99,103,1.32,,Dropi PRO ES,https://dropipro.com/storage/products/2673/61ZPy4JBehL._AC_SL1300__1775126613.jpg,https://dropipro.com/app/products,8.06,"dropi_stock_baixo,preco_ideal_teste"
dropipro,225,Cabezal de ducha giratorio alta presión 360º,,4.02,3,0.4,,Dropi PRO ES,https://dropipro.com/storage/products/225/51kSMLTRcpL_2023-06-01-13-27-39._AC_.jpg,https://dropipro.com/app/products,8.06,"dropi_critico,preco_ideal_teste"
dropipro,461,Lámpara de cristal recargable,,4.95,3,0.38,,Dropi PRO ES,https://dropipro.com/storage/products/461/61KFzhPJGvL_2023-12-29-13-34-56._AC_SL1000_.jpg,https://dropipro.com/app/products,8.06,"dropi_critico,preco_ideal_teste"
dropipro,2516,Aceite anti-hongos uñas nueva fórmula,,1.69,2,0.25,,Dropi PRO ES,https://dropipro.com/storage/products/2516/WechatIMG2497_1767808248.jpg,https://dropipro.com/app/products,8.04,dropi_critico
dropipro,427,Anillo doble barra oro,,0.99,2,0.15,,Dropi PRO ES,https://dropipro.com/storage/products/427/25002-1_2023-12-14-18-48-07.jpg,https://dropipro.com/app/products,8.04,dropi_critico
dropipro,2271,Fragancias para mujer 50ml tipo CH N5 (no réplica),,2.89,1,0.35,,Dropi PRO ES,https://dropipro.com/storage/products/2271/COCOORO_1766400888.jpg,https://dropipro.com/app/products,8.02,"dropi_critico,preco_ideal_teste"
dropipro,1398,Altavoz Bluetooth de audio de inducción inalámbrico 5 en 1,,6.99,101,0.3,,Dropi PRO ES,https://dropipro.com/storage/products/1398/61sAFehgqHL_2024-10-30-16-55-22._AC_SL1500_.jpg,https://dropipro.com/app/products,8.02,"dropi_stock_baixo,preco_ideal_teste"
dropipro,160,Manguera de ducha extraible portátil,,1.99,1,0.44,,Dropi PRO ES,https://dropipro.com/storage/products/160/BN4712-4_2023-02-28-16-36-49.jpg,https://dropipro.com/app/products,8.02,dropi_critico
dropipro,1348,Antifaz para dormir,,1.09,1,0.01,,Dropi PRO ES,https://dropipro.com/storage/products/1348/ANTI_2024-09-27-17-14-35.jpg,https://dropipro.com/app/products,8.02,dropi_critico
dropipro,428,Anillo de pluma ajustable unisex,,0.99,1,0.15,,Dropi PRO ES,https://dropipro.com/storage/products/428/61luW2m8ehL_2023-12-14-18-52-50._AC_.jpg,https://dropipro.com/app/products,8.02,dropi_critico
dropipro,769,Leggins Mujer Push Up turquesa S/M,,4.15,1,0.18,,Dropi PRO ES,https://dropipro.com/storage/products/769/2024-04-0518_2024-04-05-19-53-39.43.png,https://dropipro.com/app/products,8.02,"dropi_critico,preco_ideal_teste"
dropipro,6,"Amplificador de pantalla 12"" - Negro",,2.11,0,0.41,,Dropi PRO ES,https://dropipro.com/storage/products/6/amplificador_negro_02-11-2022.jpg,https://dropipro.com/app/products,8.0,"dropi_critico,preco_ideal_teste"
dropipro,2250,Collar creativo de corazon hueco plata,,1.49,0,0.15,,Dropi PRO ES,https://dropipro.com/storage/products/2250/WechatIMG2282_1757175446.jpg,https://dropipro.com/app/products,8.0,dropi_critico
dropipro,2253,Collar de doble anillo de corazón oro rosado,,1.69,0,0.15,,Dropi PRO ES,https://dropipro.com/storage/products/2253/https-media-prod-eu-1.mirakl.net-SOURCE-bef8c9dce60a437692b8c2a3daa7620a_1757176798.jpg,https://dropipro.com/app/products,8.0,dropi_critico
dropipro,840,Mosquito Killer blanco,,3.99,0,0.64,,Dropi PRO ES,https://dropipro.com/storage/products/840/MOS_2024-05-27-14-45-55.JPG,https://dropipro.com/app/products,8.0,"dropi_critico,preco_ideal_teste"
dropipro,166,Correa smartwatch PRO Nylon,,1.49,0,0.01,,Dropi PRO ES,https://dropipro.com/storage/products/166/Correa-de-Nylon-para-Apple-Watch-5-4-bandas-44mm-40mm-iWatch-Series-42mm-38mm-pulsera_2023-03-27-13-30-33.jpg,https://dropipro.com/app/products,8.0,dropi_critico
dropipro,614,Body Reductor Mujer Beige M/L,,4.05,0,0.29,,Dropi PRO ES,https://dropipro.com/storage/products/614/bodybeig_2024-03-07-19-16-28.jpg,https://dropipro.com/app/products,8.0,"dropi_critico,preco_ideal_teste"
dropipro,826,Gafas de lectura antirayos azules multifocales graduacion +1.50,,1.49,0,0.21,,Dropi PRO ES,https://dropipro.com/storage/products/826/714NVmUTEKL_2024-05-15-17-13-07._AC_SX679_.jpg,https://dropipro.com/app/products,8.0,dropi_critico
dropipro,578,Bateria Externa  Inalámbrico tipo Magsafe 5000mAh,,4.99,0,0.35,,Dropi PRO ES,https://dropipro.com/storage/products/578/51i9ZiTTVaL_2024-02-10-19-54-03._AC_SL1411_.jpg,https://dropipro.com/app/products,8.0,"dropi_critico,preco_ideal_teste"
dropipro,1045,Cinta antideslizante negro 50MMx5M,,2.45,0,0.21,,Dropi PRO ES,https://dropipro.com/storage/products/1045/CINTADES_2024-08-05-17-05-58.jpg,https://dropipro.com/app/products,8.0,"dropi_critico,preco_ideal_teste"
dropipro,910,Cinta adhesiva impermeable PVC 75mmx1.5m,,1.95,0,0.11,,Dropi PRO ES,https://dropipro.com/storage/products/910/CINTAPVC_2024-06-25-17-33-31.jpg,https://dropipro.com/app/products,8.0,dropi_critico
dropipro,229,Cargador portátil con llavero IP,,3.48,0,0.08,,Dropi PRO ES,https://dropipro.com/storage/products/229/61pDK-i0Z0L_2023-06-01-13-49-13.jpg,https://dropipro.com/app/products,8.0,"dropi_critico,preco_ideal_teste"
dropipro,228,Cargador portátil con llavero type-c,,3.48,0,0.9,,Dropi PRO ES,https://dropipro.com/storage/products/228/61QET1iUUUL_2023-06-01-13-47-32._AC_SX679_.jpg,https://dropipro.com/app/products,8.0,"dropi_critico,preco_ideal_teste"
dropipro,465,Lámpara de mesa de cristal,,4.85,0,0.5,,Dropi PRO ES,https://dropipro.com/storage/products/465/71L2oVLf1eL_2023-12-29-13-57-10._AC_SL1500_%20(1).jpg,https://dropipro.com/app/products,8.0,"dropi_critico,preco_ideal_teste"
dropipro,50,Lampara proyector ambiente,,3.3,0,0.28,,Dropi PRO ES,https://dropipro.com/storage/products/50/lampara_proyector_02-11-2022.jpg,https://dropipro.com/app/products,8.0,"dropi_critico,preco_ideal_teste"
dropipro,1047,Plantillas magnéticas de terapia hombre 40/45,,1.75,0,0.09,,Dropi PRO ES,https://dropipro.com/storage/products/1047/plantilla_2024-08-07-16-45-01.jpg,https://dropipro.com/app/products,8.0,dropi_critico
dropipro,236,Mini afeitadora eléctrica portátil (colores variado),,3.95,0,0.29,,Dropi PRO ES,https://dropipro.com/storage/products/236/03a73acf6fea404904f9b37efabbf5562f0650fb_original_2023-11-02-13-55-20.jpeg,https://dropipro.com/app/products,8.0,"dropi_critico,preco_ideal_teste"
dropipro,613,Masajeador cervical mariposa 2.0,,1.99,0,0.25,,Dropi PRO ES,https://dropipro.com/storage/products/613/MASAJ_2024-03-07-17-57-26.jpg,https://dropipro.com/app/products,8.0,dropi_critico
dropipro,1610,Gafa de lectura antiluz azul,,2.89,0,0.2,,Dropi PRO ES,https://dropipro.com/storage/products/1610/61fpBImbaRL._AC_SX522__1775933229.jpg,https://dropipro.com/app/products,8.0,"dropi_critico,preco_ideal_teste"
dropipro,336,Spray Aceite Castor,,0.99,0,0.07,,Dropi PRO ES,https://dropipro.com/storage/products/336/932479071_max_2023-09-08-18-44-33.jpg,https://dropipro.com/app/products,8.0,dropi_critico
dropipro,948,Lima electrica para pies,,3.75,0,0.35,,Dropi PRO ES,https://dropipro.com/storage/products/948/gallo_2024-07-16-22-50-38.jpg,https://dropipro.com/app/products,8.0,"dropi_critico,preco_ideal_teste"
dropipro,488,Depilación facial para mujer (modelo pila),,1.99,0,0.14,,Dropi PRO ES,https://dropipro.com/storage/products/488/170141388211d265370304dea8123f44298d94a963_2024-01-26-13-07-48.jpg,https://dropipro.com/app/products,8.0,dropi_critico
dropipro,56,Maquinilla cortapelo - Negro,,4.99,0,0.43,,Dropi PRO ES,https://dropipro.com/storage/products/56/cortapelo_negro_02-11-2022.png,https://dropipro.com/app/products,8.0,"dropi_critico,preco_ideal_teste"
dropipro,404,Lips Maximizer 5ml,,1.99,0,0.03,,Dropi PRO ES,https://dropipro.com/storage/products/404/729284875_max_2023-11-10-18-17-22.jpg,https://dropipro.com/app/products,8.0,dropi_critico
dropipro,1103,Cepillo vapor de masaje para mascota 3 en 1,,2.29,0,0.14,,Dropi PRO ES,https://dropipro.com/storage/products/1103/CEPILLOMASC_2024-08-20-13-17-29.jpg,https://dropipro.com/app/products,8.0,"dropi_critico,preco_ideal_teste"
dropipro,439,Anillo de corazón para mujer,,0.99,0,0.15,,Dropi PRO ES,https://dropipro.com/storage/products/439/51WkhtMTB7L_2023-12-15-18-09-02._AC_SY535_.jpg,https://dropipro.com/app/products,8.0,dropi_critico
dropipro,430,Anillo de dedo con forma de corazon oro,,0.99,0,0.15,,Dropi PRO ES,https://dropipro.com/storage/products/430/25004-1_2023-12-14-19-06-42.jpg,https://dropipro.com/app/products,8.0,dropi_critico
dropipro,429,Anillo de dedo con forma de corazon plata,,0.99,0,0.15,,Dropi PRO ES,https://dropipro.com/storage/products/429/25004-2_2023-12-14-19-06-03.jpg,https://dropipro.com/app/products,8.0,dropi_critico
dropipro,765,Leggins Mujer Push Up morada S/M,,4.15,0,0.46,,Dropi PRO ES,https://dropipro.com/storage/products/765/2024-04-0518_2024-04-05-19-22-17.45.png,https://dropipro.com/app/products,8.0,"dropi_critico,preco_ideal_teste"
dropipro,763,Leggins Mujer Push Up azul S/M,,4.15,0,0.18,,Dropi PRO ES,https://dropipro.com/storage/products/763/2024-04-0518_2024-04-05-19-08-14.43.png,https://dropipro.com/app/products,8.0,"dropi_critico,preco_ideal_teste"
dropipro,761,Leggins Mujer Push Up verde S/M,,4.15,0,0.45,,Dropi PRO ES,https://dropipro.com/storage/products/761/2024-04-0518_2024-04-05-19-05-15.45.png,https://dropipro.com/app/products,8.0,"dropi_critico,preco_ideal_teste"
dropipro,759,Leggins Mujer Push Up gris S/M,,4.15,0,0.18,,Dropi PRO ES,https://dropipro.com/storage/products/759/2024-04-0518_2024-04-05-19-02-44.42.png,https://dropipro.com/app/products,8.0,"dropi_critico,preco_ideal_teste"
dropipro,757,Leggins Mujer Push Up negro S/M,,4.15,0,0.45,,Dropi PRO ES,https://dropipro.com/storage/products/757/2024-04-0518_2024-04-05-18-59-45.43.png,https://dropipro.com/app/products,8.0,"dropi_critico,preco_ideal_teste"
dropipro,751,Leggings Corto Elástico Push Up rojo S/M,,2.99,0,0.11,,Dropi PRO ES,https://dropipro.com/storage/products/751/2024-04-0418_2024-04-04-18-42-42.22.png,https://dropipro.com/app/products,8.0,"dropi_critico,preco_ideal_teste"
dropipro,749,Leggings Corto Elástico Push Up turquesa S/M,,2.89,0,0.11,,Dropi PRO ES,https://dropipro.com/storage/products/749/2024-04-0418_2024-04-04-18-41-30.16.png,https://dropipro.com/app/products,8.0,"dropi_critico,preco_ideal_teste"
dropipro,1578,Fragancias para mujer 30ml tipo YSL Eau de Parfum Mon Paris (no réplica),,3.49,0,0.17,,Dropi PRO ES,https://dropipro.com/storage/products/1578/MOM_1732805783.jpg,https://dropipro.com/app/products,8.0,"dropi_critico,preco_ideal_teste"
ecomhub,876868c8-66a1-4a2d-abf6-18883f02cff4,Caixa de som Bluetooth com luzes de discoteca,altavozluz_15240,9.9,100,0.9,1.5,ES / FR 2,https://api.ecomhub.app/public/products/featuredImage-1771872471297-35585ed1.png,https://app.ecomhub.app,8.0,preco_ideal_teste
ecomhub,ea1ba3c2-0fba-49d3-b06d-898ba1d91112,Caixa para Bijuterias,cajajoyero_15358,4.07,100,0.001,1.5,ES / FR 2,https://api.ecomhub.app/public/products/featuredImage-1746887238478-6ae5ba9b.jpeg,https://app.ecomhub.app,8.0,preco_ideal_teste
ecomhub,a27079a5-e1b7-416b-8bc3-15318d06c5a8,Suporte para smartphone de carro com carregamento NFC e rotação de 360 graus,soportec_gl69712,7.15,100,0.9,1.5,ES / FR 2,https://api.ecomhub.app/public/products/featuredImage-1750079331626-c3901ab3.png,https://app.ecomhub.app,8.0,preco_ideal_teste
ecomhub,7d074439-a8cd-4d84-bee3-247d9c307620,Luz Solar Exterior,luzexterior_ab-ta146,8.66,100,0.001,1.5,ES / FR 2,https://api.ecomhub.app/public/products/featuredImage-1733404804390-9a25f80b.jpg,https://app.ecomhub.app,8.0,preco_ideal_teste
ecomhub,57c715b3-9db1-4012-89cf-dc3fafb9bfe6,Jarra dispensador de massa,jarradispensador_14169,5.14,100,0.001,1.5,ES / FR 2,https://api.ecomhub.app/public/products/featuredImage-1733762387961-29acb8b6.jpeg,https://app.ecomhub.app,8.0,preco_ideal_teste
ecomhub,d10c8465-c39e-4b04-9c63-410a6eb9af10,Combo Com 2 Unidades do Creme de Massagem Quente KÖRMESIC,hotmassage,9.4,100,0.9,1.5,ES / FR 2,https://api.ecomhub.app/public/products/featuredImage-1749752003432-32c4ebc2.jpeg,https://app.ecomhub.app,8.0,preco_ideal_teste
ecomhub,698ee8c2-f52a-40f1-9709-58ff12004b9c,Surker 3em1,surker_14446,7.13,100,0.001,1.5,ES / FR 2,https://api.ecomhub.app/public/products/featuredImage-1733405898812-e1d60c27.jpg,https://app.ecomhub.app,8.0,preco_ideal_teste
ecomhub,abfab034-484f-4753-bc93-b1d6d0b69ef8,Corretor de Postura,postura_13903,4.65,100,0.9,1.5,ES / FR 2,https://api.ecomhub.app/public/products/featuredImage-1776254923948-0266f26b.png,https://app.ecomhub.app,8.0,preco_ideal_teste
ecomhub,3634cec1-744f-465d-ba5c-707b3017e9d4,Secador de Sapatos,secazapas,13.4,100,0.001,1.5,ES / FR 2,https://api.ecomhub.app/public/products/featuredImage-1731068728325-ef7dd63f.jpeg,https://app.ecomhub.app,8.0,
ecomhub,9ea5059d-efd4-463f-96fe-052c65c0b273,Luz Solar AB-TA131,luz_ab-ta131,7.13,100,0.001,1.5,ES / FR 2,https://api.ecomhub.app/public/products/featuredImage-1733404462552-153784e7.jpg,https://app.ecomhub.app,8.0,preco_ideal_teste
ecomhub,94e7c046-fb01-4e94-b129-e939e259e8db,Cacto Bailarino,cactus,6.8,100,0.001,1.5,ES / FR 2,https://api.ecomhub.app/public/products/featuredImage-1731418029550-020cf07c.jpeg,https://app.ecomhub.app,8.0,preco_ideal_teste
ecomhub,d9d7a244-394e-45af-8420-9c7d1df72c5d,Aparelhinho Elétrico para Remover Pelos,quitpelus_sk-683,7.2,100,0.001,1.5,ES / FR 2,https://api.ecomhub.app/public/products/featuredImage-1733236386521-c4efab79.jpeg,https://app.ecomhub.app,8.0,preco_ideal_teste
ecomhub,bd0bfeef-f1e4-42ec-a699-4d2af8c2fd40,Creme Preenchedor Antiarrugas com Cordyceps - 50g,antiarrugascordy,6.2,100,0.9,1.5,ES / FR 2,https://api.ecomhub.app/public/products/featuredImage-1747490143364-146c17b5.png,https://app.ecomhub.app,8.0,preco_ideal_teste
ecomhub,a481f545-0dbb-465d-9964-2747c93cf204,Combo da Mangueira Verde e Azul 15M,manguera-15m-azul,8.07,100,0.001,1.5,ES / FR 2,https://api.ecomhub.app/public/products/featuredImage-1744898145559-224094d7.jpeg,https://app.ecomhub.app,8.0,preco_ideal_teste
ecomhub,2c681c80-ce9f-4ee0-a864-b48d7de60597,Aspirador de mão portátil,aspijb-107_15109,7.64,100,0.001,1.5,ES / FR 2,https://api.ecomhub.app/public/products/featuredImage-1751465605261-50fc03f1.jpg,https://app.ecomhub.app,8.0,preco_ideal_teste
ecomhub,50d156ab-23db-4bc7-b27b-85de8f786a7b,Ferro a vapor elétrico Aorlis,plancha_ao,27.05,200,0.9,1.5,ES / FR 2,https://api.ecomhub.app/public/products/featuredImage-1775408253006-c1b01e6f.png,https://app.ecomhub.app,8.0,
ecomhub,ffabc586-933b-42d6-97ab-6524f85f2805,Contorno de Olhos Caviar Anti-Rugas,contornocolageno_6928119805979,5.09,100,0.001,1.5,ES / FR 2,https://api.ecomhub.app/public/products/featuredImage-1737125747095-975a46b3.jpeg,https://app.ecomhub.app,8.0,preco_ideal_teste
ecomhub,2134f0e3-3f24-439d-8694-47d383ba99ac,Modelador de Cabelo Automático Profissional,cepilloriz_14550,22.0,200,0.9,1.5,ES / FR 2,https://api.ecomhub.app/public/products/featuredImage-1769541905062-a9bc9da1.png,https://app.ecomhub.app,8.0,
ecomhub,6dc24af3-185b-4a7f-b7a0-c7347a67de32,YOLYN Sérum Facial Hidratante Peach Vibes,5901785008012,5.6,100,0.001,1.5,ES / FR 2,https://api.ecomhub.app/public/products/featuredImage-1737032377850-80d7c1a6.png,https://app.ecomhub.app,8.0,preco_ideal_teste
ecomhub,8636bdf3-a7e8-48e0-9f7a-d632228c63da,Combo de 3 unidades  Mini Camera de vigilância Wifi 1080HD,EMwebcam,15.9,200,0.001,1.5,Espanha 1,https://api.ecomhub.app/public/products/featuredImage-1751973640171-da95c618.jpg,https://app.ecomhub.app,8.0,
ecomhub,bfbd15be-a5e3-4cad-9119-f41416223257,Projetor de Luz LED para Palco,ledlaser_13777,8.2,100,0.001,1.5,ES / FR 2,https://api.ecomhub.app/public/products/featuredImage-1737031381069-1b8ac3ed.jpeg,https://app.ecomhub.app,8.0,preco_ideal_teste
ecomhub,4f92eb86-3e8f-47b9-a522-468ce0e35c56,HOYGI Sérum de Niacinamida,hoyginiacinamide,4.0,100,0.001,1.5,ES / FR 2,https://api.ecomhub.app/public/products/featuredImage-1737650844176-71d70327.jpeg,https://app.ecomhub.app,8.0,preco_ideal_teste
ecomhub,7288298d-f025-4351-85f5-e99a8cec8781,Organizador Rotativo de Maquiagem,rotamaqui,12.74,100,0.001,1.5,ES / FR 2,https://api.ecomhub.app/public/products/featuredImage-1734035778208-d11fc6b0.JPG,https://app.ecomhub.app,8.0,
ecomhub,49cbc355-1031-4c8d-aa77-e544be97e89c,Máscara Capilar com Óleo de Batana,aceitedebatana,4.2,100,0.001,1.5,ES / FR 2,https://api.ecomhub.app/public/products/featuredImage-1733313725187-583bacb1.jpeg,https://app.ecomhub.app,8.0,preco_ideal_teste
ecomhub,4d653278-7ac3-44ec-bd20-840b03424f3d,Monitor de pressão arterial eletrônico,bloodmonipreassu,7.7,100,0.9,1.5,ES / FR 2,https://api.ecomhub.app/public/products/featuredImage-1746020477712-412e4a9e.jpeg,https://app.ecomhub.app,8.0,preco_ideal_teste
ecomhub,c6b3a260-6ebe-44ab-9ad3-167903b4cad2,Spray Capilar com Biotina,serumbiotin,4.2,100,0.001,1.5,ES / FR 2,https://api.ecomhub.app/public/products/featuredImage-1733313588145-300905e5.jpeg,https://app.ecomhub.app,8.0,preco_ideal_teste
ecomhub,df571ee6-dbe1-4927-903b-af0fba12cb0e,Conjunto Circuito Urbano,seturbano_12330,12.74,100,0.001,1.5,ES / FR 2,https://api.ecomhub.app/public/products/featuredImage-1732799225182-5f071bb4.jpg,https://app.ecomhub.app,8.0,
ecomhub,88672117-dbbd-44df-bb29-efd6489cafe9,Faixas Elásticas para Gym,elastichome_13832,5.6,100,0.001,1.5,ES / FR 2,https://api.ecomhub.app/public/products/featuredImage-1734033882781-848d8391.JPG,https://app.ecomhub.app,8.0,preco_ideal_teste
ecomhub,db552e76-b5b4-41fa-9ab2-a60ed949dd5a,Combo com 4 Unidades Luz Solar 20W,luzsolar_v-7952,12.2,100,0.001,1.5,ES / FR 2,https://api.ecomhub.app/public/products/featuredImage-1749472335203-170038e5.JPG,https://app.ecomhub.app,8.0,
ecomhub,b148652e-1e47-4623-842a-052218170379,EELHOE Óleo Essencial de Alecrim para Cuidados com o Cabelo - Crescimento e Reparação,escenciaromerohe,4.2,100,0.9,1.5,ES / FR 2,https://api.ecomhub.app/public/products/featuredImage-1752761034455-b6b5b452.png,https://app.ecomhub.app,8.0,preco_ideal_teste
ecomhub,027f4263-7b9e-4932-9d2e-ad7848b0d342,Fogão Elétrico Simples 1000W Compacto Eficiente e Fácil de Vender,cocinaele_el0036,8.7,100,0.9,1.5,ES / FR 2,https://api.ecomhub.app/public/products/featuredImage-1746014474461-16c74462.jpeg,https://app.ecomhub.app,8.0,preco_ideal_teste
ecomhub,a213dbaf-f508-4263-b81b-3e304829dd22,Shampoo para animais de estimação com pelos médios 200 ml,champumasco200ml,5.65,100,0.9,1.5,ES / FR 2,https://api.ecomhub.app/public/products/featuredImage-1765974058097-df63fb3e.png,https://app.ecomhub.app,8.0,preco_ideal_teste
ecomhub,897a7399-b2d1-4dbc-9bb9-b438ec5e1cd4,Escova de Limpeza Elétrica,cepilloelectrico_14651,4.58,100,0.001,1.5,ES / FR 2,https://api.ecomhub.app/public/products/featuredImage-1734035031596-ca352565.JPG,https://app.ecomhub.app,8.0,preco_ideal_teste
ecomhub,65252f89-56a1-4c97-a3ce-fa3cc3602506,Tapete de acupressão,acupresion_8868578546823,15.8,200,0.001,1.5,ES / FR 2,https://api.ecomhub.app/public/products/featuredImage-1733494806627-afd92788.jpeg,https://app.ecomhub.app,8.0,
ecomhub,18d1f558-c595-45ae-ab2c-845b53c78a3a,Mini Liquidificador de Frutas 380ml Portátil e Prático,licuadoram_14743,7.5,100,0.9,1.5,ES / FR 2,https://api.ecomhub.app/public/products/featuredImage-1769608678241-28ce51ed.png,https://app.ecomhub.app,8.0,preco_ideal_teste
ecomhub,73427f92-a2bf-4b67-a247-6ac13f518937,Kit SmartWatch Lady relógio inteligente,setladywatch_7202418274254,17.6,200,0.9,1.5,ES / FR 2,https://api.ecomhub.app/public/products/featuredImage-1759511024582-15adeef9.png,https://app.ecomhub.app,8.0,
ecomhub,bd8e3422-1530-42f2-aacc-50a12766b87f,Paleta de Maquiagem ONEYIOO - Completa e Profissional,paletadeoneyioo,11.2,100,0.9,1.5,ES / FR 2,https://api.ecomhub.app/public/products/featuredImage-1765977819867-3d5b7740.png,https://app.ecomhub.app,8.0,
ecomhub,c3806e51-12ce-4ef1-863e-f59fe7b94fd2,Recortadora de Pelo de Nariz Multifuncional 4 em 1,recortad_gl69549,4.07,100,0.001,1.5,ES / FR 2,https://api.ecomhub.app/public/products/featuredImage-1733401944602-80b90bf7.jpeg,https://app.ecomhub.app,8.0,preco_ideal_teste
ecomhub,f1f2120f-1af0-4ad8-b4d9-48088358185a,Lâmpada Solar de Emergência,lampara_14437,7.13,100,0.001,1.5,ES / FR 2,https://api.ecomhub.app/public/products/featuredImage-1753723724109-0cacea6e.jpeg,https://app.ecomhub.app,8.0,preco_ideal_teste
ecomhub,5e8d8f26-f2da-4891-b6f4-53910ec32aa8,TV Stick com Tecnologia Mira Cast Avançada,display_gl69610,12.7,100,0.001,1.5,ES / FR 2,https://api.ecomhub.app/public/products/featuredImage-1737127717611-dec0c2b3.png,https://app.ecomhub.app,8.0,
ecomhub,31877493-49ae-40d9-9384-430a45ba8e4c,Joelheiras esportivas com compressão e suporte profissional,rodilleras_14594,5.25,100,0.9,1.5,ES / FR 2,https://api.ecomhub.app/public/products/featuredImage-1776257093269-d825a320.png,https://app.ecomhub.app,8.0,preco_ideal_teste
ecomhub,c1aedf59-590b-4635-95e6-ab302ee3ebdc,Ventilador de pescoço fresco e sem hélices,cuelloventila_14788,4.07,100,0.001,1.5,ES / FR 2,https://api.ecomhub.app/public/products/featuredImage-1733493624141-2eb1a1a3.jpeg,https://app.ecomhub.app,8.0,preco_ideal_teste
ecomhub,9d621cfe-7a8e-4fa7-8de3-c5e3b8011e8f,Banco de potência magnética,powerban_gl69784,7.1,100,0.9,1.5,ES / FR 2,https://api.ecomhub.app/public/products/featuredImage-1747053957082-5cc7e1ac.png,https://app.ecomhub.app,8.0,preco_ideal_teste
ecomhub,bea07265-ff90-48c6-b8c8-d00e7523cec9,Medidor digital de glicose no sangue com 50 tiras e 50 lancetas,gluco_15944,7.7,100,0.9,1.5,ES / FR 2,https://api.ecomhub.app/public/products/featuredImage-1765973296857-82be1bf0.png,https://app.ecomhub.app,8.0,preco_ideal_teste
ecomhub,4b482735-9ec3-4f2c-a729-03e5d445d4c7,Combo de 3 unidades do Polvos Bunee para Cabelos Marrom,polvocana_dbrown15606,10.68,100,0.001,1.5,ES / FR 2,https://api.ecomhub.app/public/products/featuredImage-1748283730340-348d1dbb.jpg,https://app.ecomhub.app,8.0,
ecomhub,9dcee7a1-fdae-46ea-a506-5d1191e3cb71,Escova alisadora para homem,alisabarba,5.7,100,0.001,1.5,ES / FR 2,https://api.ecomhub.app/public/products/featuredImage-1730990288483-7dbba7b3.jpg,https://app.ecomhub.app,8.0,preco_ideal_teste
ecomhub,ce37f550-5b52-4a54-a7cf-58f781a1fa8f,Combo de 2 unidades da Lanterna Frontal,luzfrontalfoyu_78915431087,11.16,100,0.001,1.5,ES / FR 2,https://api.ecomhub.app/public/products/featuredImage-1757942399370-6cb5f0a9.png,https://app.ecomhub.app,8.0,
ecomhub,b90d36ca-6b36-4462-884a-1d8a3e3a4f9b,Fogareiro Portátil Dobrável a Gás - Cozinha ao Ar Livre com Conforto e Segurança,camping_15876,6.1,100,0.9,1.5,ES / FR 2,https://api.ecomhub.app/public/products/featuredImage-1759511800926-0b72377a.png,https://app.ecomhub.app,8.0,preco_ideal_teste
ecomhub,b2c33627-492f-4631-b4d1-6d5a7cb7e1ba,Kit Penteado Magico,peinadosmagic_14844,5.09,100,0.001,1.5,ES / FR 2,https://api.ecomhub.app/public/products/featuredImage-1733495738272-5d3f689a.jpeg,https://app.ecomhub.app,8.0,preco_ideal_teste
ecomhub,e8ff2d23-2979-4807-bb83-b88620bf1f29,Creme Antiarrugas e Rejuvenecedora Anti-Envelhecimento de Glóbulos Brancos - 60g,cremaglobulosbla,6.65,100,0.9,1.5,ES / FR 2,https://api.ecomhub.app/public/products/featuredImage-1747489384770-95b14013.png,https://app.ecomhub.app,8.0,preco_ideal_teste
ecomhub,fe25b4fb-3d40-4d5e-a4be-185b7947bd79,Massageador de pescoço aquecido para uso manual,mano_16071,28.2,200,0.9,1.5,ES / FR 2,https://api.ecomhub.app/public/products/featuredImage-1765314052571-cb4cb2ac.png,https://app.ecomhub.app,8.0,
ecomhub,0c2ce983-87b4-4f2e-abc4-167fb7b2d780,Carro Gear,cochegear_14818,8.66,100,0.001,1.5,ES / FR 2,https://api.ecomhub.app/public/products/featuredImage-1733751553883-c211dc3c.jpg,https://app.ecomhub.app,8.0,preco_ideal_teste
ecomhub,ac9c4157-7369-4605-bffe-f6a10d9c3b49,Carro Teledirigido Acrobático com Giros e Capotagens,ministunt-verde_14687,7.2,100,0.001,1.5,ES / FR 2,https://api.ecomhub.app/public/products/featuredImage-1737029185851-574e4de6.jpeg,https://app.ecomhub.app,8.0,preco_ideal_teste
ecomhub,b525cb92-03a6-4b81-b057-9b6a655ed274,Sérum Ativador da Juventude Antirrugas com Caviar Dourado 40ml,serumactcavdora,4.6,100,0.001,1.5,ES / FR 2,https://api.ecomhub.app/public/products/featuredImage-1737115885843-481e7fe6.jpeg,https://app.ecomhub.app,8.0,preco_ideal_teste
ecomhub,1e57c633-0431-4445-8b17-23649c3fe517,Alisador de Barba,alisabarba_13752,5.09,100,0.001,1.5,ES / FR 2,https://api.ecomhub.app/public/products/featuredImage-1733417603003-caad0ce9.jpg,https://app.ecomhub.app,8.0,preco_ideal_teste
ecomhub,2b0dff56-67a2-4dff-90db-178be8183cf4,Liquidificador para Sucos,lila_bati13443,6.11,100,0.001,1.5,ES / FR 2,https://api.ecomhub.app/public/products/featuredImage-1733764262571-16f18156.jpeg,https://app.ecomhub.app,8.0,preco_ideal_teste
ecomhub,f010f251-12b6-4f57-8a48-e7f1f1cc7669,Creme Reafirmante Lifting com Células de Placenta de Ovelha - 50ML,liftingplacentao,4.7,100,0.9,1.5,ES / FR 2,https://api.ecomhub.app/public/products/featuredImage-1747487239725-15b0b384.png,https://app.ecomhub.app,8.0,preco_ideal_teste
ecomhub,e47350fc-9ff1-4dad-947c-3ced912e7f9c,Escova multifuncional para alisar e cachear cabelos,rizadorali_13984,9.3,100,0.9,1.5,ES / FR 2,https://api.ecomhub.app/public/products/featuredImage-1769541618348-750e0cf7.png,https://app.ecomhub.app,8.0,preco_ideal_teste
ecomhub,f280831e-7641-43b8-a976-a9313dfb77d3,Combo de 3 unidades do Polvos Bunee para Cabelos preto,polvocana_black15606,10.68,100,0.001,1.5,ES / FR 2,https://api.ecomhub.app/public/products/featuredImage-1748283649253-8389823f.jpg,https://app.ecomhub.app,8.0,
ecomhub,21fd53c0-57ce-4a7b-8b8b-0f52ce3262ee,Lâmpada com Ferramentas,lampara_14579,11.72,100,0.001,1.5,ES / FR 2,https://api.ecomhub.app/public/products/featuredImage-1733695551537-a30eb0dd.jpg,https://app.ecomhub.app,8.0,
ecomhub,324f75e3-6036-40a3-8d6a-b896fade0ef6,Lanterna Headlamp AB-Z1099,luz_ab-z1099,5.09,100,0.001,1.5,ES / FR 2,https://api.ecomhub.app/public/products/featuredImage-1733696229401-835b0028.JPG,https://app.ecomhub.app,8.0,preco_ideal_teste
ecomhub,10d15993-4f22-4399-92e3-389fcf466d3c,Mini Camera de vigilância Wifi 1080HD,EMwebcam,5.3,100,0.001,1.5,Espanha 1,https://api.ecomhub.app/public/products/featuredImage-1718556297424-89750e73.jpg,https://app.ecomhub.app,8.0,preco_ideal_teste
ecomhub,071122eb-7a90-412d-97c7-db97310bc3d4,Conjunto de Veículos de Construção com Inércia e Luzes,truckgear_14846,6.2,100,0.001,1.5,ES / FR 2,https://api.ecomhub.app/public/products/featuredImage-1737029768464-a9e33978.jpeg,https://app.ecomhub.app,8.0,preco_ideal_teste
ecomhub,9f2676e0-ded7-40a5-b90a-5173b67e1cf2,Combo de 3 Unidades SÉRUM CLAREADOR,blancodiente_15232,7.5,100,0.001,1.5,ES / FR 2,https://api.ecomhub.app/public/products/featuredImage-1751917435415-abf42221.jpeg,https://app.ecomhub.app,8.0,preco_ideal_teste
ecomhub,e6c2827c-76c4-41e7-ad7a-367afcb0d0f5,Colar Trevo,collar5trebolnegrovc,3.56,100,0.001,1.5,ES / FR 2,https://api.ecomhub.app/public/products/featuredImage-1737126548607-9ebc976c.jpeg,https://app.ecomhub.app,8.0,preco_ideal_teste
ecomhub,d65b9207-d97d-4559-ae64-01c3dbf127a2,Suporte para Escova de Dentes com Dispensador Automático de Creme Dental,dispensado_14666,4.5,100,0.1,1.5,ES / FR 2,https://api.ecomhub.app/public/products/featuredImage-1740763310030-e8b250bf.jpeg,https://app.ecomhub.app,8.0,preco_ideal_teste
ecomhub,b00e625e-8575-4f27-b82e-648877bc4e6b,Aspirador de Mão Sem Fio,aspirador_15527,13.0,100,0.001,1.5,ES / FR 2,https://api.ecomhub.app/public/products/featuredImage-1746240852568-81bdcef4.png,https://app.ecomhub.app,8.0,
ecomhub,9162bfc4-bd39-46b2-a359-3c0dcc33257d,Liquidificador Portátil,licua_freshw6-576,9.17,100,0.9,1.5,ES / FR 2,https://api.ecomhub.app/public/products/featuredImage-1753270222689-e10a6ddc.png,https://app.ecomhub.app,8.0,preco_ideal_teste
ecomhub,2a7f088a-d71b-4c4e-b328-4e4d07f5aa98,Lâmpada de Luz LED tipo stick,ledpalo_ab-z1188,6.62,100,0.001,1.5,ES / FR 2,https://api.ecomhub.app/public/products/featuredImage-1732802003926-eda11791.jpg,https://app.ecomhub.app,8.0,preco_ideal_teste
ecomhub,a7b5d9f6-02b0-41f4-8439-23a88f6c621d,Console GAMEBOY 500 games,gameboy_v-5627rojo,5.6,100,0.5,1.5,ES / FR 2,https://api.ecomhub.app/public/products/featuredImage-1762442561435-8ac9cd43.jpeg,https://app.ecomhub.app,8.0,preco_ideal_teste
ecomhub,21bdf17d-9542-4baa-b095-3c28461d766c,Foco LED Par 54 LED RGB - Iluminação Profissional Multicolor para Eventos e Palcos,foco_pm-54led,13.15,100,0.001,1.5,ES / FR 2,https://api.ecomhub.app/public/products/featuredImage-1736952076977-defe59f4.jpeg,https://app.ecomhub.app,8.0,
ecomhub,e3fe79c5-b825-4d2e-9298-935396c22a0f,Gel de Banho White Latte 520ml DDonna,bianco-ducha,4.2,100,0.9,1.5,ES / FR 2,https://api.ecomhub.app/public/products/featuredImage-1775769929629-cee44c7c.png,https://app.ecomhub.app,8.0,preco_ideal_teste
ecomhub,cedafb1e-d12f-470a-b4f0-8c93bb395487,Carregador universal de 120 W,cargadoru_g-1270,7.75,100,0.9,1.5,ES / FR 2,https://api.ecomhub.app/public/products/featuredImage-1747061799011-f71f8f51.png,https://app.ecomhub.app,8.0,preco_ideal_teste
ecomhub,1ace20d3-2509-48a4-8576-6b0e19de155c,Organizador de Pincéis,organizadorbrochas_15409,4.78,100,0.001,1.5,ES / FR 2,https://api.ecomhub.app/public/products/featuredImage-1733759972071-a99d5c43.jpeg,https://app.ecomhub.app,8.0,preco_ideal_teste
ecomhub,5183b396-0ce5-4b9d-8d65-083491bb1f83,Body Mist Premium Crystal Glow,mistpremcrysglow,4.6,100,0.001,1.5,ES / FR 2,https://api.ecomhub.app/public/products/featuredImage-1737132630549-c36426ab.jpeg,https://app.ecomhub.app,8.0,preco_ideal_teste
ecomhub,4f54eff9-82ad-4957-9c54-79680a17a313,Drone com controle inteligente por gestos,drongesto_m-6102,26.85,200,0.9,1.5,ES / FR 2,https://api.ecomhub.app/public/products/featuredImage-1770836261904-06ce5eb2.png,https://app.ecomhub.app,8.0,
ecomhub,9c7faa8c-f61e-4552-bc69-9690adcdb947,Divisor de Internet 2 em 1 com Cabo de Alimentação USB,splitter_gl69695,8.2,100,0.2,1.5,ES / FR 2,https://api.ecomhub.app/public/products/featuredImage-1738249625667-84459871.jpeg,https://app.ecomhub.app,8.0,preco_ideal_teste
ecomhub,8afbf33e-1b63-4021-af8a-7500fc561e11,Bomba de Ar Portátil 150 PSI Recarregável 2000mAh,bombaire_gl69861,18.4,200,0.9,1.5,ES / FR 2,https://api.ecomhub.app/public/products/featuredImage-1745937174470-37019916.jpeg,https://app.ecomhub.app,8.0,
ecomhub,6141ab5c-edf0-4647-9b2e-7bcc1ce5b0e4,Sérum Facial SOS para Acne 30 ml - Retinol Complex,serumsosacne30ml,5.65,100,0.9,1.5,ES / FR 2,https://api.ecomhub.app/public/products/featuredImage-1766342374698-616e88a6.png,https://app.ecomhub.app,8.0,preco_ideal_teste
ecomhub,b11b4d23-4fca-42a3-9e3b-cfe9e2b04e85,Creme de Massagem Quente KÖRMESIC,hotmassage,4.7,100,0.9,1.5,ES / FR 2,https://api.ecomhub.app/public/products/featuredImage-1749750889058-e85300ab.jpeg,https://app.ecomhub.app,8.0,preco_ideal_teste
ecomhub,3acca637-bed1-46c6-9542-62daaa3d241d,Alisador de Cabelo 2 em 1,alisadorcepillo_14041,8.15,100,0.001,1.5,ES / FR 2,https://api.ecomhub.app/public/products/featuredImage-1738246278422-f6e05cad.jpeg,https://app.ecomhub.app,8.0,preco_ideal_teste
ecomhub,520f2df9-d738-4612-a326-bd1596c90d19,Kit da Joelheira Completa com  Colete Esportivo de Neoprene com Efeito Sauna,rodilleracompleta_15197,7.54,100,0.001,1.5,ES / FR 2,https://api.ecomhub.app/public/products/featuredImage-1751976311293-dbbcaa44.jpeg,https://app.ecomhub.app,8.0,preco_ideal_teste
ecomhub,bab4bf43-ac31-4a56-ae0f-00bf6df27336,Mini Ventilador de Clipe Silencioso para Interiores e Exteriores,minivent_gl69293,5.4,100,0.9,1.5,ES / FR 2,https://api.ecomhub.app/public/products/featuredImage-1746018378268-ffa63335.jpeg,https://app.ecomhub.app,8.0,preco_ideal_teste
ecomhub,9bfc6e8c-42be-4a65-9810-043b7a672fc7,Lima de Unhas - Jogos de Ferramentas de Manicure,lima_14070,3.56,100,0.001,1.5,ES / FR 2,https://api.ecomhub.app/public/products/featuredImage-1733765584956-8b635c0f.jpg,https://app.ecomhub.app,8.0,preco_ideal_teste
ecomhub,df0677cf-93ed-4c13-a6c4-6e52300d01ea,Sérum Roll-On Duplo Revitalizante com Caviar e Colágeno 30 ml,eyecreamserum,4.5,100,0.001,1.5,ES / FR 2,https://api.ecomhub.app/public/products/featuredImage-1733312282343-ae1ef652.jpeg,https://app.ecomhub.app,8.0,preco_ideal_teste
ecomhub,f80ac9aa-634f-4a7c-8ce7-bc63327fe3f8,Surker Vermelho,surker_11739,5.7,100,0.001,1.5,ES / FR 2,https://api.ecomhub.app/public/products/featuredImage-1733405578256-af3e9288.jpg,https://app.ecomhub.app,8.0,preco_ideal_teste
ecomhub,db5a82b7-1b4c-4e93-ace5-8f1a213eab9b,CC Cream Espiral Bicolor 7 em 1,creamespibi7en1,5.6,100,0.001,1.5,ES / FR 2,https://api.ecomhub.app/public/products/featuredImage-1737117080496-0b696828.jpeg,https://app.ecomhub.app,8.0,preco_ideal_teste
ecomhub,044f11d4-e92a-4b51-9d5a-b3afffcf9552,Garrafa de água reutilizável de grande capacidade 900 ml,botella900_15341,5.65,100,0.9,1.5,ES / FR 2,https://api.ecomhub.app/public/products/featuredImage-1769605633192-43d9368f.png,https://app.ecomhub.app,8.0,preco_ideal_teste
ecomhub,9af5ddeb-8d9d-4f22-9eb8-f9e4748cf444,Creme Facial Regenerador,cremarejenerativ,5.6,100,0.001,1.5,ES / FR 2,https://api.ecomhub.app/public/products/featuredImage-1733244141319-2ed44027.jpeg,https://app.ecomhub.app,8.0,preco_ideal_teste
ecomhub,a66e7753-961e-4fad-9eb3-8ef3fc257ba1,Câmera Inteligente para Interiores 1080P Segurança e Monitoramento em Tempo Real,smartcamera1080p,20.9,200,0.9,1.5,ES / FR 2,https://api.ecomhub.app/public/products/featuredImage-1746024158241-039f1a3d.jpeg,https://app.ecomhub.app,8.0,
ecomhub,77545b78-896e-4724-a20e-14defaac15ff,Depilador de Sobrancelhas 4 em 1,ceja4en1_15110,6.11,100,0.001,1.5,ES / FR 2,https://api.ecomhub.app/public/products/featuredImage-1733944280290-c1d0e420.JPG,https://app.ecomhub.app,8.0,preco_ideal_teste
ecomhub,eb696d59-03b9-4479-983c-ae681e5d3749,Lanterna LED Portátil XH-P50,linternaxh-p50_7891543102008,7.13,100,0.001,1.5,ES / FR 2,https://api.ecomhub.app/public/products/featuredImage-1733695921348-c56bc8f7.jpg,https://app.ecomhub.app,8.0,preco_ideal_teste
ecomhub,a4c70087-31e3-4477-b011-50d57a70032f,Microfone de lapela 2 em 1 com gravador de voz - Sem fio,wlavalier_g-1281,8.4,100,0.9,1.5,ES / FR 2,https://api.ecomhub.app/public/products/featuredImage-1765392715292-d74a8d35.png,https://app.ecomhub.app,8.0,preco_ideal_teste
ecomhub,c2458225-c4be-4d53-a119-da60e7a34589,Escova e secador de cabelo de 1000 W - Alisa - seca e dá volume em um só passo,cepillosec_13986,13.75,200,0.9,1.5,ES / FR 2,https://api.ecomhub.app/public/products/featuredImage-1774451688005-e5f00bd5.png,https://app.ecomhub.app,8.0,
ecomhub,49ca24b4-7af9-4eea-854f-87c2cc7b2257,Suporte carregador sem fio para carro,suppcar,8.2,100,0.001,1.5,ES / FR 2,https://api.ecomhub.app/public/products/featuredImage-1730981546626-ce1b697d.jpg,https://app.ecomhub.app,8.0,preco_ideal_teste
ecomhub,8fd875d4-3648-46ff-aa95-a6fe14ee7cf0,Rolinho de Gelo Facial,rodillohielo_13934,3.56,100,0.001,1.5,ES / FR 2,https://api.ecomhub.app/public/products/featuredImage-1747236907163-c63a026e.jpeg,https://app.ecomhub.app,8.0,preco_ideal_teste
ecomhub,9a95a881-70fc-4894-a326-f53a33b26762,Esterilizador de Escovas de Dentes,esteridentl_14147,5.09,100,0.001,1.5,ES / FR 2,https://api.ecomhub.app/public/products/featuredImage-1733927580738-7d3373d3.jpeg,https://app.ecomhub.app,8.0,preco_ideal_teste
ecomhub,740a489e-de8e-485a-acec-822e505cb2a1,Óleo Líquido Concentrado para Cuidado da Pele,concenglobulblan,5.6,100,0.001,1.5,ES / FR 2,https://api.ecomhub.app/public/products/featuredImage-1737051962196-0e2db9f2.png,https://app.ecomhub.app,8.0,preco_ideal_teste
ecomhub,ea92e9b6-7447-4f80-8407-019e7639dcdc,Ampola Esfoliante de Arroz Preto 100ml - Renovação e Luminosidade Naturais,arroznegroexfoli,4.4,100,0.9,1.5,ES / FR 2,https://api.ecomhub.app/public/products/featuredImage-1774452692383-a4a0f717.png,https://app.ecomhub.app,8.0,preco_ideal_teste
ecomhub,5fed0698-f277-4318-9eae-3f5bb73065e3,Varal de roupas dobrável de 3 níveis com abas laterais - Aço inoxidável branco e azul,percheroro_16029,16.85,200,0.9,1.5,ES / FR 2,https://api.ecomhub.app/public/products/featuredImage-1765409457605-1fa2efe1.png,https://app.ecomhub.app,8.0,
ecomhub,7c7bd5e7-36d0-4c27-ab4a-ca0fb36abdda,WEST e MONTH Sérum Reforçador de Colágeno 30ml,westmonthserum30,3.65,100,0.9,1.5,ES / FR 2,https://api.ecomhub.app/public/products/featuredImage-1760447401855-056488e0.png,https://app.ecomhub.app,8.0,preco_ideal_teste
ecomhub,fbaa6ffe-1e3d-4ed8-9719-eba3f95a8a03,Sérum Revitalizante,serumreafirmrevi,4.6,100,0.001,1.5,ES / FR 2,https://api.ecomhub.app/public/products/featuredImage-1737116448887-35579c62.jpeg,https://app.ecomhub.app,8.0,preco_ideal_teste
ecomhub,64509c26-78ca-46cf-a990-665b16c5d242,Suporte magnético para aspirador de pó 360 - Ventosa forte e dobrável para celular,magnetic_gl70024,4.65,100,0.9,1.5,ES / FR 2,https://api.ecomhub.app/public/products/featuredImage-1748064961978-c46c0b45.png,https://app.ecomhub.app,8.0,preco_ideal_teste
ecomhub,e2aada58-6173-45f8-b894-724d72db099c,Carro RC com Luzes,rcluces,13.25,100,0.001,1.5,ES / FR 2,https://api.ecomhub.app/public/products/featuredImage-1732800139422-ab5791ae.jpg,https://app.ecomhub.app,8.0,
ecomhub,4d25ea95-0fda-4261-a016-618823c2a5d7,Rosa Preservada,rosapreser_15734,8.7,100,0.001,1.5,ES / FR 2,https://api.ecomhub.app/public/products/featuredImage-1736947812258-5abf0f72.jpeg,https://app.ecomhub.app,8.0,preco_ideal_teste
ecomhub,1c15fd71-de9c-4c7e-ae5d-eac4b81cd6f6,Balança de bagagem portátil 50kg,sd-4209,3.7,100,0.001,1.5,ES / FR 2,https://api.ecomhub.app/public/products/featuredImage-1736940391011-e516b0d0.jpeg,https://app.ecomhub.app,8.0,preco_ideal_teste
ecomhub,76593182-2663-489e-b45d-37786269d415,Frasco de spray de óleo de 200 ml,sprayaceit_13933,4.05,100,0.9,1.5,ES / FR 2,https://api.ecomhub.app/public/products/featuredImage-1776255649587-a1fa05a7.png,https://app.ecomhub.app,8.0,preco_ideal_teste
ecomhub,8c43d4fd-0aa0-44db-871b-9c4a41845f94,Lanterna Frontal com Sensor LED,luzbl-g28_15091,4.58,100,0.001,1.5,ES / FR 2,https://api.ecomhub.app/public/products/featuredImage-1733696158746-6684752d.jpg,https://app.ecomhub.app,8.0,preco_ideal_teste
ecomhub,24759897-6e91-4b59-b5e4-506b4f537418,Caixa de som portátil Bluetooth BS-11 com luzes RGB e som surround,altavozbs_v-8471,6.1,100,0.09,1.5,ES / FR 2,https://api.ecomhub.app/public/products/featuredImage-1760384456934-862c8a98.png,https://app.ecomhub.app,8.0,preco_ideal_teste
ecomhub,a7234fd7-10c3-4ce3-be6b-ed5831cb2114,Creme Facial Clareador de Cuidados de Luxo - 50ML,blanqueadoralujo,6.2,100,0.9,1.5,ES / FR 2,https://api.ecomhub.app/public/products/featuredImage-1747483899085-1ecef252.png,https://app.ecomhub.app,8.0,preco_ideal_teste
ecomhub,07eb9f3e-6f63-4fde-badd-9a8d48efba8c,Limpador de Olhos para Pets 100 ml - Retinol Complex,limpiadordeojos,5.65,100,0.9,1.5,ES / FR 2,https://api.ecomhub.app/public/products/featuredImage-1766340912659-e3cbcf71.png,https://app.ecomhub.app,8.0,preco_ideal_teste
ecomhub,7ab4eb9d-0969-4a38-8bbb-f3c4b697fe3d,Organizador de Maquiagem com 2 Gavetas,organizado_14492,6.62,100,0.001,1.5,ES / FR 2,https://api.ecomhub.app/public/products/featuredImage-1738589142959-1d81a958.png,https://app.ecomhub.app,8.0,preco_ideal_teste
ecomhub,5fb5fc3c-84fb-4d04-bff4-f3205c168b5b,Myo-Inositol - D-Chiro Inositol - Berberine - Vitaminas D3 - K2 - 16 em 1 Extra Strength,myo_16058,4.2,100,0.4,1.5,ES / FR 2,https://api.ecomhub.app/public/products/featuredImage-1760527876298-3671773a.jpeg,https://app.ecomhub.app,8.0,preco_ideal_teste
ecomhub,0f08a0ad-4c94-424c-b1e9-fd77f36dcd9d,modelador de cabelo automático v2,rizadorpro_15172,15.8,200,0.001,1.5,ES / FR 2,https://api.ecomhub.app/public/products/featuredImage-1733500833342-88d3cff9.jpeg,https://app.ecomhub.app,8.0,
ecomhub,c6e1dc4d-b0f8-44b4-81dd-4ead202e928d,Jogo de Mesa Batata Frita,papasfritas,9.2,100,0.001,1.5,ES / FR 2,https://api.ecomhub.app/public/products/featuredImage-1733235641395-c518e574.jpeg,https://app.ecomhub.app,8.0,preco_ideal_teste
ecomhub,36678ede-ca3e-45ca-ab1b-2c0631e6bda2,Corretor de postura infantil,correcnino_15365,5.09,100,0.001,1.5,ES / FR 2,https://api.ecomhub.app/public/products/featuredImage-1733486749682-88ddfa1f.png,https://app.ecomhub.app,8.0,preco_ideal_teste
ecomhub,e185e397-c97e-4491-8f74-4b79f3230792,Combo de 4 unidades do  Massageador de Pés,piesyartic_,35.36,200,0.001,1.5,ES / FR 2,https://api.ecomhub.app/public/products/featuredImage-1751973777213-7f10a900.jpg,https://app.ecomhub.app,8.0,
ecomhub,c892ad1b-4b19-4ab9-a6ca-35e59cb69c4c,Liquidificador portátil de 300ml,batidora30_13570,10.5,100,0.9,1.5,ES / FR 2,https://api.ecomhub.app/public/products/featuredImage-1769608425738-cda9fb51.png,https://app.ecomhub.app,8.0,preco_ideal_teste
ecomhub,338b6e0d-48d9-41b0-aca4-d4380f7ee167,Depiladora aparadora Daling,hojilla_13466,10.2,100,0.001,1.5,ES / FR 2,https://api.ecomhub.app/public/products/featuredImage-1733407524568-55643cfd.jpg,https://app.ecomhub.app,8.0,preco_ideal_teste
ecomhub,f4148a23-cf4f-46dd-aec9-58d59786e6c1,Combo de 2 Unidade Creme Anti-Idade com Colágeno e Peptídeo Ativo - 50ML,antiarrugasplapt,9.3,100,0.9,1.5,ES / FR 2,https://api.ecomhub.app/public/products/featuredImage-1750851237002-eb74ecd9.jpg,https://app.ecomhub.app,8.0,preco_ideal_teste
ecomhub,ea84226b-2bb4-43cc-94bc-48bcbaf1371e,Raquete Mata-Mosquitos,raquetmosq_14127,7.13,100,0.001,1.5,ES / FR 2,https://api.ecomhub.app/public/products/featuredImage-1733496093551-4ea1a5c9.jpeg,https://app.ecomhub.app,8.0,preco_ideal_teste
ecomhub,4a24a03d-df4d-410d-ba06-65502c910c3a,Auriculares anti-quedas,aurcaidav-8128,11.72,100,0.001,1.5,ES / FR 2,https://api.ecomhub.app/public/products/featuredImage-1733926326524-f73cf71a.jpeg,https://app.ecomhub.app,8.0,
ecomhub,2d5f49c3-7c86-4236-9f71-7c63231601cd,Organizador de cozinha multiuso,organizadorcocin_15351,7.64,100,0.001,1.5,ES / FR 2,https://api.ecomhub.app/public/products/featuredImage-1733762900196-8dd32ba0.jpeg,https://app.ecomhub.app,8.0,preco_ideal_teste
ecomhub,1a34a596-2aa7-49d7-8a9f-7c3410942d4e,Polvos Bunee para Cabelos,polvocana_black15606,3.56,100,0.001,1.5,ES / FR 2,https://api.ecomhub.app/public/products/featuredImage-1733939556036-3ce6aec3.jpg,https://app.ecomhub.app,8.0,preco_ideal_teste
ecomhub,72441a63-1f73-4889-9013-1698819d7edb,Luz Solar 20W,luzsolar_v-7952,3.5,100,0.001,1.5,ES / FR 2,https://api.ecomhub.app/public/products/featuredImage-1734036842252-24813ba9.JPG,https://app.ecomhub.app,8.0,preco_ideal_teste
ecomhub,ec2e6f5a-d19b-4535-8432-7da074665124,Cinta Sauna Slimmer,fajaslmer_13765,4.07,100,0.001,1.5,ES / FR 2,https://api.ecomhub.app/public/products/featuredImage-1732883789117-c197cf1f.png,https://app.ecomhub.app,8.0,preco_ideal_teste
ecomhub,e3dc6133-daff-4e4d-b416-485ebe1c64a5,Essência Rejuvenescedora Antirrugas com Extrato de Ginseng,esencextracginse,3.6,100,0.001,1.5,ES / FR 2,https://api.ecomhub.app/public/products/featuredImage-1737132392295-c770ced2.jpeg,https://app.ecomhub.app,8.0,preco_ideal_teste
ecomhub,a5b8ce72-d4a8-4fa7-96bf-45fd46b3ec27,Óculos Inteligentes Bluetooth com Controle Tátil e Proteção UV,gafaintel_v-7848,8.66,100,0.001,1.5,ES / FR 2,https://api.ecomhub.app/public/products/featuredImage-1737048581161-77f12218.png,https://app.ecomhub.app,8.0,preco_ideal_teste
ecomhub,4425a5e5-2a62-4d64-bb1a-558eb849adc0,SET Soo Juicy Vitamina C e Pantenol - The Fruit Company,setvitaminacsoo,11.65,100,0.9,1.5,ES / FR 2,https://api.ecomhub.app/public/products/featuredImage-1775770426282-503e7df9.png,https://app.ecomhub.app,8.0,
ecomhub,c8b74a09-6cc5-4058-917c-1ba7b5aa0874,Sérum Facial Calmante Centella Asiática,serumcentella,5.1,100,0.001,1.5,ES / FR 2,https://api.ecomhub.app/public/products/featuredImage-1733400231939-80eabf94.jpeg,https://app.ecomhub.app,8.0,preco_ideal_teste
ecomhub,fc0a6e1e-9326-4acb-bbd9-97b41f89d122,Pelúcia Dinossauro Azul,peluchedin_15021,7.7,100,0.001,1.5,ES / FR 2,https://api.ecomhub.app/public/products/featuredImage-1736943954716-2558e329.jpeg,https://app.ecomhub.app,8.0,preco_ideal_teste
ecomhub,ab94c385-44c1-4e5f-a1b8-9909e1680351,Surker 2em1,surker_6948187122129,6.11,100,0.001,1.5,ES / FR 2,https://api.ecomhub.app/public/products/featuredImage-1733405756310-341e8445.jpg,https://app.ecomhub.app,8.0,preco_ideal_teste
ecomhub,f0494487-4da9-4cb9-888d-8cbe12cdcc85,SKIN Therapy Rejuvenating Sonic Facial Cleanser,masajeadorrosa_14381,5.9,100,0.9,1.5,ES / FR 2,https://api.ecomhub.app/public/products/featuredImage-1776434719245-ee4effc4.png,https://app.ecomhub.app,8.0,preco_ideal_teste
ecomhub,4d22b260-1b11-4cc2-abdb-f0632b444369,Culote com almofadas modeladoras,culotte_14576,6.11,100,0.001,1.5,ES / FR 2,https://api.ecomhub.app/public/products/featuredImage-1733926990037-d1d40694.jpg,https://app.ecomhub.app,8.0,preco_ideal_teste
ecomhub,e161b343-3e52-46da-86b8-565421321c8a,Organizador de botas de tecido com 3 compartimentos de armazenamento,organizadorbota3,5.1,100,0.9,1.5,ES / FR 2,https://api.ecomhub.app/public/products/featuredImage-1747058727212-440506e5.png,https://app.ecomhub.app,8.0,preco_ideal_teste
ecomhub,aa545bae-848c-49e3-b8d6-92e9ab9fd613,Bomba de ar elétrica portátil,hinchador_jn-058_15671,12.0,100,0.001,1.5,ES / FR 2,https://api.ecomhub.app/public/products/featuredImage-1738250888948-028e81cd.jpeg,https://app.ecomhub.app,8.0,
ecomhub,cfef7c40-a289-4878-80e7-7a76626f7088,Faixa Culote,beigeculo_14576,4.57,100,0.001,1.5,ES / FR 2,https://api.ecomhub.app/public/products/featuredImage-1733323832482-72a4db63.jpeg,https://app.ecomhub.app,8.0,preco_ideal_teste
ecomhub,8bd16ef9-0494-4eaa-b59c-ab59a89958e6,Blocos de construção de dinossauro,dinosaurio_14817,3.7,100,0.001,1.5,ES / FR 2,https://api.ecomhub.app/public/products/featuredImage-1737029595767-41fd098e.jpeg,https://app.ecomhub.app,8.0,preco_ideal_teste
ecomhub,583a15b2-9fa1-4f38-9b89-a04f857b1916,Parafusadeira sem fio 4 ponto 8V com 47 peças ferramenta versátil para todo tipo de trabalho,destornill_15631,10.7,100,0.5,1.5,ES / FR 2,https://api.ecomhub.app/public/products/featuredImage-1746023591770-57bf43b8.jpeg,https://app.ecomhub.app,8.0,
ecomhub,eae1918c-c15c-4569-b18a-d26a477e602d,Aparador Glipper,glipper_14454,6.62,100,0.001,1.5,ES / FR 2,https://api.ecomhub.app/public/products/featuredImage-1733420280275-db161e88.jpg,https://app.ecomhub.app,8.0,preco_ideal_teste
ecomhub,6f44c683-d413-460d-a980-8ad38d8621a2,Aspirador de pó portátil e prático para carro,aspiradora_15109,11.7,100,0.9,1.5,ES / FR 2,https://api.ecomhub.app/public/products/featuredImage-1769187665217-1d316d5c.png,https://app.ecomhub.app,8.0,
ecomhub,e0aae639-23a6-4764-92a1-0c302f9dfd63,Body modelador costas Invisível,inbodylxl,5.0,100,0.9,1.5,Espanha 1,https://api.ecomhub.app/public/products/featuredImage-1753706365990-83fb1f90.jpg,https://app.ecomhub.app,8.0,preco_ideal_teste
ecomhub,9fc89161-439a-4cff-9a04-da862be5d32e,Creme Clareador e Hidratante,cremablanqwhite,10.2,100,0.001,1.5,ES / FR 2,https://api.ecomhub.app/public/products/featuredImage-1737120631569-ff891bc8.png,https://app.ecomhub.app,8.0,preco_ideal_teste
ecomhub,56c7a720-637b-47ce-a1a7-9059f131d786,Organizador de Escritorio,organizad_14645,5.5,100,0.001,1.5,ES / FR 2,https://api.ecomhub.app/public/products/featuredImage-1732735016766-28468e93.jpg,https://app.ecomhub.app,8.0,preco_ideal_teste
ecomhub,62cc84d0-e08f-4ed4-a1f5-aca1e0ef463c,Modelador de cachos profissional automático rotativo,riazadorpe_14066,26.85,200,0.9,1.5,ES / FR 2,https://api.ecomhub.app/public/products/featuredImage-1769192149235-8ecada4d.png,https://app.ecomhub.app,8.0,
ecomhub,51d967bd-599d-4257-b369-7f203c114ad0,Dispensador de água automático,dispens-h2o-14681,3.56,100,0.001,1.5,ES / FR 2,https://api.ecomhub.app/public/products/featuredImage-1733488605074-20b6de38.jpeg,https://app.ecomhub.app,8.0,preco_ideal_teste
ecomhub,ad6623d5-3602-4c79-bd7c-79f7a0d34b3b,Aspirador de pó portátil para carro - 12V - Compacto e potente,aspiradord_14234,22.6,200,0.9,1.5,ES / FR 2,https://api.ecomhub.app/public/products/featuredImage-1769188557103-b18ccd1f.png,https://app.ecomhub.app,8.0,
ecomhub,fdbd1f4c-5dc5-4165-a3ab-648b91c618cf,Máquina de cortar cabelo profissional,cortapel_gl69963,4.8,100,0.9,1.5,ES / FR 2,https://api.ecomhub.app/public/products/featuredImage-1747053317309-30de0527.jpg,https://app.ecomhub.app,8.0,preco_ideal_teste
ecomhub,8d2c0f02-58fe-4ca4-836a-ac3ab33a16a5,Sérum Facial de Ácido Kójico,serumkojic,4.2,100,0.001,1.5,ES / FR 2,https://api.ecomhub.app/public/products/featuredImage-1733326783432-84e9ab7a.jpeg,https://app.ecomhub.app,8.0,preco_ideal_teste
ecomhub,479ccc1e-89ae-453f-8b03-89e9dff1b270,Aparador de cabelo e barba profissional VGR V-905 - Aparador de precisão com lâmina em T e 3 velocidades,vgr905_15748,10.2,100,0.9,1.5,ES / FR 2,https://api.ecomhub.app/public/products/featuredImage-1765407779965-6e2a00f2.png,https://app.ecomhub.app,8.0,preco_ideal_teste
ecomhub,b2b133b6-1539-4186-a6b2-0d5b2c99934f,Caneta portátil para alívio da dor,electroacu_14424,7.5,100,0.9,1.5,ES / FR 2,https://api.ecomhub.app/public/products/featuredImage-1770836996165-74d24f0a.png,https://app.ecomhub.app,8.0,preco_ideal_teste
ecomhub,24d04b0d-6dba-4d86-900a-a6070b1fdf91,Purificador de ar doméstico com filtro de alta eficiência,purificado_13761,27.05,200,0.9,1.5,ES / FR 2,https://api.ecomhub.app/public/products/featuredImage-1776256068665-0140d328.png,https://app.ecomhub.app,8.0,
ecomhub,1e1d7eaa-dfe4-403f-b502-9c412e8d509f,Mesa de Cabeceira Criativa e Simples,mesitamini_15699,6.7,100,0.001,1.5,ES / FR 2,https://api.ecomhub.app/public/products/featuredImage-1736948407353-4d9dc2b8.jpeg,https://app.ecomhub.app,8.0,preco_ideal_teste
ecomhub,e693b2c1-53eb-4f84-8641-106c08ecab1a,Almofada Cachorro para Abraçar,perroalmoh_15026,6.7,100,0.001,1.5,ES / FR 2,https://api.ecomhub.app/public/products/featuredImage-1736943463488-b5872337.jpeg,https://app.ecomhub.app,8.0,preco_ideal_teste
ecomhub,55876bba-b245-4e22-b6cf-564c69e1070f,Balança de cozinha eletrônica de alta precisão,basculacoc_12753,3.85,100,0.9,1.5,ES / FR 2,https://api.ecomhub.app/public/products/featuredImage-1769185674326-0af42f00.png,https://app.ecomhub.app,8.0,preco_ideal_teste
ecomhub,afd96b4a-ff1c-4c22-bdbf-878e78abfec0,Lanterna de LED recarregável com zoom,m2-s18,4.7,100,0.9,1.5,ES / FR 2,https://api.ecomhub.app/public/products/featuredImage-1751542641649-35ca5340.jpeg,https://app.ecomhub.app,8.0,preco_ideal_teste
ecomhub,4327792f-cefb-4019-8782-8140ffe80ebf,Organizador de Canto para Suprimentos de Banho,organiba_15698,11.8,100,0.001,1.5,ES / FR 2,https://api.ecomhub.app/public/products/featuredImage-1736952040273-1af797f3.jpeg,https://app.ecomhub.app,8.0,
ecomhub,14e3648d-244f-4fce-9182-56fd546bbfae,Kit Massageador Abdominal Completo EMS,abdopack_13471,4.07,100,0.001,1.5,ES / FR 2,https://api.ecomhub.app/public/products/featuredImage-1733765261778-19594af8.jpeg,https://app.ecomhub.app,8.0,preco_ideal_teste
ecomhub,ce89e4ad-034b-492c-b941-ac774086281c,Drone RC com LED controlado por gestos e com luzes RGB,dronrcrgb_13353,22.1,200,0.9,1.5,ES / FR 2,https://api.ecomhub.app/public/products/featuredImage-1770842253782-8a267ebe.png,https://app.ecomhub.app,8.0,
ecomhub,9353f13f-6a3e-4306-9cde-bfa6cad69057,Barbeador recarregável com 6 lâminas,afeitadorh_15118,27.05,200,0.9,1.5,ES / FR 2,https://api.ecomhub.app/public/products/featuredImage-1776464801074-c4b30f49.png,https://app.ecomhub.app,8.0,
ecomhub,c83031ae-9f17-4006-8fdf-dbb2a58dd3f9,Aspirador de Ácaros 2 em 1 - Potência de 300W 2400mAh e Sucção de 10000 Pa,acaros_gl7010101,10.7,100,0.9,1.5,ES / FR 2,https://api.ecomhub.app/public/products/featuredImage-1759508686104-61802f11.png,https://app.ecomhub.app,8.0,
ecomhub,45499116-2382-4d2a-aa50-09dcf42dc2df,Condicionador Desembaraçante para Pets 200 ml - Retinol Complex,desenredmascotas,5.65,100,0.9,1.5,ES / FR 2,https://api.ecomhub.app/public/products/featuredImage-1766342051994-356359b7.png,https://app.ecomhub.app,8.0,preco_ideal_teste
ecomhub,5a71b18a-eff2-48bc-921a-c0eaaa264a1f,Creme Hidratante Diário de Ácido Kójico,cremakojic,4.2,100,0.001,1.5,ES / FR 2,https://api.ecomhub.app/public/products/featuredImage-1737124732700-12a123d1.jpeg,https://app.ecomhub.app,8.0,preco_ideal_teste
ecomhub,b1e2f3ef-2d83-4e33-88a5-4a2d2258f242,Cinta SlimComfy XL e XXL Preta,faja_13813,7.64,100,0.001,1.5,ES / FR 2,https://api.ecomhub.app/public/products/featuredImage-1733495117568-540c2ec0.jpeg,https://app.ecomhub.app,8.0,preco_ideal_teste
ecomhub,f912c477-bc8b-4d8a-9020-e8c5d7f200bc,Máquina de cortar cabelo profissional 1200mAh,maquinil_gl69968,5.8,100,0.9,1.5,ES / FR 2,https://api.ecomhub.app/public/products/featuredImage-1747060688400-f1c86a36.png,https://app.ecomhub.app,8.0,preco_ideal_teste
ecomhub,76a072ca-f54a-49b0-b8b9-32643acaa5f3,Lanterna Frontal para Exterior,linternafrontal_7891543100295,5.6,100,0.001,1.5,ES / FR 2,https://api.ecomhub.app/public/products/featuredImage-1733696100601-852b30d5.JPG,https://app.ecomhub.app,8.0,preco_ideal_teste
ecomhub,6f89824f-b502-4251-a020-e203929e0e16,Combo 3 Cremes Reparador e capilar,baseespiral_0105,9.34,100,0.001,1.5,ES / FR 2,https://api.ecomhub.app/,https://app.ecomhub.app,8.0,preco_ideal_teste
ecomhub,17c15e31-5aac-48b6-b3bc-b9c49c369509,Combo de 2 Unidades Luz Solar 20W,luzsolar_v-7952,6.1,100,0.001,1.5,ES / FR 2,https://api.ecomhub.app/public/products/featuredImage-1749057287016-b70eb0cd.jpg,https://app.ecomhub.app,8.0,preco_ideal_teste
ecomhub,c7e8cf1a-25d6-4881-8984-939d0de9f5b0,Sucção de Poros,porossucc_13458,5.09,100,0.001,1.5,ES / FR 2,https://api.ecomhub.app/public/products/featuredImage-1733944514659-94e9e694.JPG,https://app.ecomhub.app,8.0,preco_ideal_teste
ecomhub,4fa28a8b-0a6f-4f89-bee3-d8132d8ef52e,Lâmpada LED de Acrílico Branco com Marcador,pizaracorazonled,6.1,100,0.001,1.5,ES / FR 2,https://api.ecomhub.app/public/products/featuredImage-1733407810995-e2ceee3a.jpeg,https://app.ecomhub.app,8.0,preco_ideal_teste
ecomhub,67661347-d984-4299-ab08-1a4da666ab05,Barbeador masculino recarregável,cortapelo_15206,10.1,100,0.9,1.5,ES / FR 2,https://api.ecomhub.app/public/products/featuredImage-1776463668604-b5379620.png,https://app.ecomhub.app,8.0,preco_ideal_teste
ecomhub,561fc802-476b-4856-8bcc-18bc243c6af8,Conjunto de sérum antienvelhecimento com microagulhas 3x10ml HOYGI,microneedle,8.15,100,0.9,1.5,ES / FR 2,https://api.ecomhub.app/public/products/featuredImage-1776044462766-51d64e08.png,https://app.ecomhub.app,8.0,preco_ideal_teste
ecomhub,21c335bc-1f75-4a00-bad6-cd00a616a3fe,Amplificador de Tela de Telemóvel,amplifif12_14083,9.68,100,0.001,1.5,ES / FR 2,https://api.ecomhub.app/public/products/featuredImage-1746238095345-c988996c.jpeg,https://app.ecomhub.app,8.0,preco_ideal_teste
ecomhub,d06e0813-0c9d-4aa7-8bb2-9436c7f99de1,Molde para Fazer Empanadas e Dumplings,moldedumpl_15562,4.58,100,0.001,1.5,ES / FR 2,https://api.ecomhub.app/public/products/featuredImage-1733404405691-5272b55e.jpg,https://app.ecomhub.app,8.0,preco_ideal_teste
ecomhub,31ade784-f0a3-49fd-a445-7d2b9b39ea94,Combo de 3 Unidades do Suplemento Natural 8 em 1 - Sea Moss - Ashwagandha - Black Seed Oil - Gengibre Extra Strength 19445 mg,---,12.6,100,0.4,1.5,ES / FR 2,https://api.ecomhub.app/public/products/featuredImage-1760707564438-fb383a2d.png,https://app.ecomhub.app,8.0,
ecomhub,643e910f-487a-4c7a-b3f0-8dfabf061565,Escova de ar quente multifuncional 2 em 1 - Seca e modela com volume profissional,hotairbrus_13946,17.95,200,0.9,1.5,ES / FR 2,https://api.ecomhub.app/public/products/featuredImage-1774451909803-7214b4da.png,https://app.ecomhub.app,8.0,
ecomhub,142e8fd5-4c6b-4a52-9172-10a6d27a2534,Esence Gel de banho de colágeno árabe 500 ml,esencearab500ml,4.2,100,0.9,1.5,ES / FR 2,https://api.ecomhub.app/public/products/featuredImage-1765973664713-1ec8c539.png,https://app.ecomhub.app,8.0,preco_ideal_teste
ecomhub,ad20c285-a83b-446c-ba4d-8c5a16927255,Máscara de Cílios Sky-High Curves Waterproof - 10g,mascpestawaterpr,3.7,100,0.9,1.5,ES / FR 2,https://api.ecomhub.app/public/products/featuredImage-1747488217633-5b176bc8.png,https://app.ecomhub.app,8.0,preco_ideal_teste
ecomhub,962fb6a0-8648-4fb8-9894-9b7b1f9c87e6,Batedeira manual prática e funcional,batidorama_14380,5.1,100,0.9,1.5,ES / FR 2,https://api.ecomhub.app/public/products/featuredImage-1769608933113-25ea8cc2.png,https://app.ecomhub.app,8.0,preco_ideal_teste
ecomhub,7c9cbd7a-55d3-45f6-8a9a-d004fa346013,Picador Manual,picador_manual15105,8.15,100,0.001,1.5,ES / FR 2,https://api.ecomhub.app/public/products/featuredImage-1733494870955-0554a543.jpeg,https://app.ecomhub.app,8.0,preco_ideal_teste
ecomhub,7c1f07bf-0a88-4c86-af6c-b048680433dc,Redutor de Cintura Masculino,trimmer_14326,4.58,100,0.001,1.5,ES / FR 2,https://api.ecomhub.app/public/products/featuredImage-1732883675074-9833f4e5.jpg,https://app.ecomhub.app,8.0,preco_ideal_teste
ecomhub,b54da6a1-aac2-4067-892b-49fc119ac40e,Limpador de Cravos,succionador_13793,4.58,100,0.001,1.5,ES / FR 2,https://api.ecomhub.app/public/products/featuredImage-1733324076989-8a443529.jpeg,https://app.ecomhub.app,8.0,preco_ideal_teste
ecomhub,b43546db-f76a-494a-90fd-9f002e2eb5b7,Brookstone Fones de Ouvido Sem Fio com Luzes LED Multicoloridas,auricula_gl69824,11.8,100,0.9,1.5,ES / FR 2,https://api.ecomhub.app/public/products/featuredImage-1745931924006-68e01f4a.jpeg,https://app.ecomhub.app,8.0,
ecomhub,9d5d6946-bbbe-4374-b9d4-d14a3d07ba96,Creme Facial Antirrugas Preenchedora Essencial,cremrelleesencia,4.1,100,0.001,1.5,ES / FR 2,https://api.ecomhub.app/public/products/featuredImage-1737051496088-915013a3.jpeg,https://app.ecomhub.app,8.0,preco_ideal_teste
ecomhub,c6dd24c7-1819-4ce7-a8d1-a0b08d89c753,Máscara Facial de Colágeno,hoygicollagenoma_hoa05,4.0,100,0.2,1.5,ES / FR 2,https://api.ecomhub.app/public/products/featuredImage-1741608579869-80fbe790.jpg,https://app.ecomhub.app,8.0,preco_ideal_teste
ecomhub,935fa890-1b52-40a5-87df-1950fed8f412,Aspirador de pó portátil compacto e potente,aspirador_14233,15.95,200,0.9,1.5,ES / FR 2,https://api.ecomhub.app/public/products/featuredImage-1769188827981-afa33562.png,https://app.ecomhub.app,8.0,
ecomhub,ac49faf9-d737-4264-a8df-1ab5c06e2eea,Cortador de Verduras Elétrico,cortadorverdu_14955,5.09,100,0.001,1.5,ES / FR 2,https://api.ecomhub.app/public/products/featuredImage-1733761235215-308458f6.jpeg,https://app.ecomhub.app,8.0,preco_ideal_teste
ecomhub,5943b9ba-f071-4db3-8db9-a32aa6d2039b,Jogo de Tapete Mágico,alfombramagica,9.6,100,0.001,1.5,ES / FR 2,https://api.ecomhub.app/public/products/featuredImage-1733235484268-97c84271.jpeg,https://app.ecomhub.app,8.0,preco_ideal_teste
ecomhub,612dd155-ede0-4d2f-a93c-2e2994395cb7,Controle de Brinquedo para Bebês e Crianças,contro_qf366-035,7.2,100,0.001,1.5,ES / FR 2,https://api.ecomhub.app/public/products/featuredImage-1736957771681-e842be0b.jpeg,https://app.ecomhub.app,8.0,preco_ideal_teste
ecomhub,11d66546-0855-4462-a68f-1563678553ee,HOYGI Creme Hidratante Supremo 100g - Nutrição Profunda e Pele Radiante,cremahidratante,3.9,100,0.9,1.5,ES / FR 2,https://api.ecomhub.app/public/products/featuredImage-1774445577330-96f3cb09.png,https://app.ecomhub.app,8.0,preco_ideal_teste
ecomhub,9a3d9c1d-9427-404b-bbbc-fbe773c80f24,Magueira,manguera-15m-azul,4.07,100,0.001,1.5,ES / FR 2,https://api.ecomhub.app/public/products/featuredImage-1733402737884-b4e8c435.jpeg,https://app.ecomhub.app,8.0,preco_ideal_teste
ecomhub,1e8fbbef-39c8-4ee9-89d3-51a9fd4420a1,Barra de cera para cabelo,waxstick_6148268752355,4.58,100,0.001,1.5,ES / FR 2,https://api.ecomhub.app/public/products/featuredImage-1746720719743-2c91176b.png,https://app.ecomhub.app,8.0,preco_ideal_teste
ecomhub,cd6ac3fd-186f-45ef-9cd6-1bc538067157,Massageador para os pés,masajeadorpieslila_15423,5.6,100,0.001,1.5,ES / FR 2,https://api.ecomhub.app/public/products/featuredImage-1733417334097-b028d253.jpeg,https://app.ecomhub.app,8.0,preco_ideal_teste
ecomhub,f2227062-b6ed-4c41-8da0-b43d6f1b67ee,Mini localizador GPS magnético,gpsmagn_15204,4.73,100,0.001,1.5,ES / FR 2,https://api.ecomhub.app/public/products/featuredImage-1733410188972-834cecef.jpg,https://app.ecomhub.app,8.0,preco_ideal_teste
ecomhub,c2cf2833-9020-43bc-ab3a-ea87c67406aa,Walkie-talkie para crianças,talk_78948982002,12.7,100,0.9,1.5,ES / FR 2,https://api.ecomhub.app/public/products/featuredImage-1774448992586-8cbdee63.png,https://app.ecomhub.app,8.0,
ecomhub,fff1735a-04d1-464e-b13a-b1183bfae27b,Escova de cabelo elétrica multifuncional 3 em 1 REMGINTON - Alisa cacheia e dá volume em minutos,cepilloele_14542,14.95,200,0.9,1.5,ES / FR 2,https://api.ecomhub.app/public/products/featuredImage-1774450834163-a7507c4a.png,https://app.ecomhub.app,8.0,
ecomhub,9482d986-c6cf-408b-b7bb-9ef4b6821cc5,Suporte para celular com tripé e bastão de selfie,paloself_gl70220,5.5,100,0.9,1.5,ES / FR 2,https://api.ecomhub.app/public/products/featuredImage-1765312648791-1b560ccc.png,https://app.ecomhub.app,8.0,preco_ideal_teste
ecomhub,38c1c258-ed85-4671-983c-03f70137e5b9,Lâmpada LED para Unhas 22W Secagem Rápida e Profissional em Casa,lampa22w_gl69818,11.3,100,0.9,1.5,ES / FR 2,https://api.ecomhub.app/public/products/featuredImage-1745940139884-67ca7c0d.jpeg,https://app.ecomhub.app,8.0,
ecomhub,263388be-8d78-4cc6-8e5f-b2b8da96bc46,Bolas de água reutilizáveis,globo_reu14946,5.09,100,0.001,1.5,ES / FR 2,https://api.ecomhub.app/public/products/featuredImage-1733499847498-e7e02e9d.jpeg,https://app.ecomhub.app,8.0,preco_ideal_teste
ecomhub,ad1d091c-9198-4611-80e5-d54b2e246e3b,Ferramenta de modelagem 4 em 1 com secador de cabelo profissional,cepillo4en_13948,13.6,200,0.9,1.5,ES / FR 2,https://api.ecomhub.app/public/products/featuredImage-1769604422454-73522232.png,https://app.ecomhub.app,8.0,
ecomhub,5c4484e5-3376-4d70-96f4-bc3be8cfc58a,Lâmpada Antimosquitos,moskitolamp_14050,3.56,100,0.001,1.5,ES / FR 2,https://api.ecomhub.app/public/products/featuredImage-1734025444775-26051542.JPG,https://app.ecomhub.app,8.0,preco_ideal_teste
ecomhub,3696c908-f8b1-4724-86cc-68707abd7bc4,Corti-Soothe 13 em 1 - Foco - Relaxamento e Controle do Estresse - Extra Strength,corti_16058,4.2,100,0.4,1.5,ES / FR 2,https://api.ecomhub.app/public/products/featuredImage-1760527307946-0a99e4ae.jpeg,https://app.ecomhub.app,8.0,preco_ideal_teste
ecomhub,03fba1fb-0a83-4979-8d9a-501589674eb6,Luzes LED em Cascada para Decoração,luznavidad_15242,5.1,100,0.001,1.5,ES / FR 2,https://api.ecomhub.app/public/products/featuredImage-1733235326727-21929e27.jpeg,https://app.ecomhub.app,8.0,preco_ideal_teste
ecomhub,48b3811d-ad45-404d-8ada-bd33469e9b2e,Mini Microfone com Caixa de Som Bluetooth e Luzes RGB,minialtav_g-1276,12.7,100,0.001,1.5,ES / FR 2,https://api.ecomhub.app/public/products/featuredImage-1737653789143-62f3b2e4.jpeg,https://app.ecomhub.app,8.0,
ecomhub,e1c665d3-d5a9-4a03-9b3e-96cb16e2ac90,Surker 4 em 1,surker_13807,7.64,100,0.001,1.5,ES / FR 2,https://api.ecomhub.app/public/products/featuredImage-1733406962817-eb78a588.jpg,https://app.ecomhub.app,8.0,preco_ideal_teste
ecomhub,510b08fd-5cfd-4aa7-af63-88d818cdc0ae,Luz Solar com Sensor Multifuncional,ledmulti_ab-ta202,8.15,100,0.001,1.5,ES / FR 2,https://api.ecomhub.app/public/products/featuredImage-1732801848427-29674b93.jpg,https://app.ecomhub.app,8.0,preco_ideal_teste
ecomhub,80c74160-5fff-442f-b0da-7d9ebc34ef91,Colher Digital de Alta Precisão,cuc9435481302267,5.1,100,0.001,1.5,ES / FR 2,https://api.ecomhub.app/public/products/featuredImage-1736941002596-b84e848b.jpeg,https://app.ecomhub.app,8.0,preco_ideal_teste
ecomhub,f2d7c90f-ff2a-4494-a695-ec83c7b63ebe,Bolsa de Maquiagem Portátil com Espelho e Luz LED,maquillaje_15686,17.5,200,0.2,1.5,ES / FR 2,https://api.ecomhub.app/public/products/featuredImage-1746725009424-3a589c3a.jpeg,https://app.ecomhub.app,8.0,
ecomhub,1f2d146f-61fd-48a1-bded-e1320862e4b5,Fonte de alimentação com display digital mais cabo de 10000mAh Carregamento rápido e preciso,powerban_gl69782,5.75,100,0.9,1.5,ES / FR 2,https://api.ecomhub.app/public/products/featuredImage-1747062109693-60ea39c3.png,https://app.ecomhub.app,8.0,preco_ideal_teste
ecomhub,a359c456-8195-4f72-bbee-4d5fc0bd48f7,Conjunto de chaves de fenda de precisão - caixa organizadora cilíndrica,kitdesto_15959,25.4,200,0.9,1.5,ES / FR 2,https://api.ecomhub.app/public/products/featuredImage-1776462913261-56b72430.png,https://app.ecomhub.app,8.0,
ecomhub,b3aad661-78d0-44a8-b2bf-62247f6e3e3e,Suporte com Carregador Sem Fio C10,cochesop_v-7945,10.69,100,0.001,1.5,ES / FR 2,https://api.ecomhub.app/public/products/featuredImage-1733420950567-666a251b.jpg,https://app.ecomhub.app,8.0,
ecomhub,0ed2a0a9-9543-4228-b22e-fcae816ae0b9,Luz Solar AB-TA004,luzab-ta004,5.09,100,0.001,1.5,ES / FR 2,https://api.ecomhub.app/public/products/featuredImage-1733403892402-29552ca1.jpg,https://app.ecomhub.app,8.0,preco_ideal_teste
ecomhub,478be709-feed-434d-9b3f-030194e4aa27,Espelho de Maquiagem com LED,ledmirror_14515,10.7,100,0.001,1.5,ES / FR 2,https://api.ecomhub.app/public/products/featuredImage-1733926828738-ee2cd528.jpg,https://app.ecomhub.app,8.0,
ecomhub,aad84bd2-777c-462c-af36-516865c12372,Lanterna Headlamp TM G23,luztm-g23_14741,12.74,100,0.001,1.5,ES / FR 2,https://api.ecomhub.app/public/products/featuredImage-1733696287103-03841326.jpg,https://app.ecomhub.app,8.0,
ecomhub,7e315ddd-21aa-4f29-86ed-2c74197c3256,Aspirador de pó 2 em 1 - branco - multifuncional - compacto,aspirador_14219,14.75,200,0.9,1.5,ES / FR 2,https://api.ecomhub.app/public/products/featuredImage-1769189123837-202f6df4.png,https://app.ecomhub.app,8.0,
ecomhub,ed0dda6c-588b-4bb4-8ee6-75fb9ea7b2f0,Combo de 3 Unidades de Máscara Facial de Colágeno,hoygicollagenoma_hoa05,12.0,100,0.2,1.5,ES / FR 2,https://api.ecomhub.app/public/products/featuredImage-1747308429511-8f50ce62.jpg,https://app.ecomhub.app,8.0,
ecomhub,db053ec3-e1e5-4a81-9f12-6284798edb6a,Combo Com 3 Unidades do Creme de Massagem Quente KÖRMESIC,hotmassage,14.1,200,0.9,1.5,ES / FR 2,https://api.ecomhub.app/public/products/featuredImage-1749752119855-591304d9.jpeg,https://app.ecomhub.app,8.0,
ecomhub,22bf9c73-2c03-4bbe-959c-b148fca4379d,Lixeira dobrável com sensor inteligente,cubodebasu_14125,18.35,200,0.9,1.5,ES / FR 2,https://api.ecomhub.app/public/products/featuredImage-1770832385816-abb9aee6.png,https://app.ecomhub.app,8.0,
ecomhub,ca08747b-aec9-4e66-808c-a0014da581b2,Modelador de Cabelo,rizador_15419,6.62,100,0.001,1.5,ES / FR 2,https://api.ecomhub.app/public/products/featuredImage-1732881915761-f98f5d2e.jpg,https://app.ecomhub.app,8.0,preco_ideal_teste
ecomhub,5b797a04-c5be-446a-a3ee-396c23596207,Combo de 1 Unidade do Gel Roller para Olheiras e 1 Unidade da Máscara Facial de Colágeno,hoygicollagenoma_hoa05,8.7,100,0.2,1.5,ES / FR 2,https://api.ecomhub.app/public/products/featuredImage-1760551667636-df8b7b6e.jpeg,https://app.ecomhub.app,8.0,preco_ideal_teste
ecomhub,89371f39-00ff-46a9-9755-0349addf35ce,Astronauta Voador,astronaut_v-7562,5.6,100,0.001,1.5,ES / FR 2,https://api.ecomhub.app/public/products/featuredImage-1746241112435-616f0dab.png,https://app.ecomhub.app,8.0,preco_ideal_teste
ecomhub,82655a46-0e1f-4065-af84-fc484eeb9d5e,Combo de Difusor branco de oleos essenciais e Óleo essencial Lavanda,difusor_blanc-15374,14.26,200,0.001,1.5,ES / FR 2,https://api.ecomhub.app/public/products/featuredImage-1752160848454-2ac1320f.jpeg,https://app.ecomhub.app,8.0,
ecomhub,090d651f-26ea-4df6-9d0b-fa0013e67561,Lâmpada lua,lunalamp_13559,5.6,100,0.001,1.5,ES / FR 2,https://api.ecomhub.app/public/products/featuredImage-1734027099830-cc319491.JPG,https://app.ecomhub.app,8.0,preco_ideal_teste
ecomhub,caaf1ea5-0e85-4c64-9af5-c7f0d838a811,Difusor de oleos essenciais,difusor_blanc-15374,10.7,100,0.001,1.5,ES / FR 2,https://api.ecomhub.app/public/products/featuredImage-1733753173395-28a1901a.jpeg,https://app.ecomhub.app,8.0,
ecomhub,f3d5fa50-6264-4c91-b731-af246bc13c27,Combo de 2 unidades Mini Camera de vigilância Wifi 1080HD,EMwebcam,6.6,100,0.001,1.5,Espanha 1,https://api.ecomhub.app/public/products/featuredImage-1751649677827-f26c9027.jpg,https://app.ecomhub.app,8.0,preco_ideal_teste
ecomhub,20180c54-077b-442c-9ece-6fb97c4c9dff,Creme Facial Iluminador e Refrescante de Romã - 50ml,cremafacialgrana,4.2,100,0.9,1.5,ES / FR 2,https://api.ecomhub.app/public/products/featuredImage-1749430936184-3159b644.jpg,https://app.ecomhub.app,8.0,preco_ideal_teste
ecomhub,f2445e1b-ad2c-489d-9b04-20cdcc5ce581,Creme para os Olhos com Ácido Kójico,cremaojoskojac,4.2,100,0.001,1.5,ES / FR 2,https://api.ecomhub.app/public/products/featuredImage-1733326633370-6491e23c.jpeg,https://app.ecomhub.app,8.0,preco_ideal_teste
ecomhub,ac1a88b1-6c2f-4914-a3c3-6c0a790b453a,Aparelho de Boxe Tecnológico Interativo,boxeo,29.4,200,0.5,1.5,ES / FR 2,https://api.ecomhub.app/public/products/featuredImage-1777396494799-1af1641c.png,https://app.ecomhub.app,8.0,
ecomhub,0fdc18be-e36b-4933-80d2-77b6fbdc9faf,Microfone de lapela duplo,microfonedeclip_gl69665,14.0,200,0.001,1.5,ES / FR 2,https://api.ecomhub.app/public/products/featuredImage-1737990060229-3357ac27.jpeg,https://app.ecomhub.app,8.0,
ecomhub,3d77e38d-3f8d-4460-a31f-8dc9c50f202c,Filtro de água da torneira,filtrogrifo_13456,5.24,100,0.001,1.5,ES / FR 2,https://api.ecomhub.app/public/products/featuredImage-1732886464112-f80c747f.png,https://app.ecomhub.app,8.0,preco_ideal_teste
ecomhub,8dc2334f-e4f3-4bf7-b34d-e7a20282c2d6,removedor de arranhões de carro,reparacoche_14913,3.56,100,0.001,1.5,ES / FR 2,https://api.ecomhub.app/public/products/featuredImage-1733138726547-953ea04c.jpeg,https://app.ecomhub.app,8.0,preco_ideal_teste
ecomhub,6f28b5ec-0c2d-44b0-a2b5-5164eb637db1,Massageador multifuncional 360,masajeador_14184,8.3,100,0.9,1.5,ES / FR 2,https://api.ecomhub.app/public/products/featuredImage-1776438476390-60936079.png,https://app.ecomhub.app,8.0,preco_ideal_teste
ecomhub,94834814-cb7b-47bb-b93f-e9c667f87b08,Combo 1 Unidade Estimulador Muscular de Glúteos EMS e 1 Unidade do Kit Massageador Abdominal Completo EMS,estimulaculo_14082,7.8,100,0.001,1.5,ES / FR 2,https://api.ecomhub.app/public/products/featuredImage-1764694676988-29f6d475.png,https://app.ecomhub.app,8.0,preco_ideal_teste
ecomhub,a55f5a85-adc9-4a4b-8853-94b23ed7867d,Jogo de Espátulas,juegoespatulas_15079,3.56,100,0.001,1.5,ES / FR 2,https://api.ecomhub.app/public/products/featuredImage-1733504294051-4c4ff383.jpeg,https://app.ecomhub.app,8.0,preco_ideal_teste
ecomhub,a02fab65-6978-4293-8035-a705793db479,Farol de Camping Preto,farol_15139,7.13,100,0.001,1.5,ES / FR 2,https://api.ecomhub.app/public/products/featuredImage-1733695737765-81ac9f37.jpg,https://app.ecomhub.app,8.0,preco_ideal_teste
ecomhub,d06b8ff1-4d75-4459-9595-3315edbd34f2,Lâmina Daling 2 em 1,daling_13467,10.19,100,0.001,1.5,ES / FR 2,https://api.ecomhub.app/public/products/featuredImage-1733406671524-3da1ad6f.jpg,https://app.ecomhub.app,8.0,preco_ideal_teste
ecomhub,f547613b-6437-4625-b822-82f605415c56,Chaveiro carregador tipo C 2220mAh,llaverocargatipoc_v-7790,4.58,100,0.001,1.5,ES / FR 2,https://api.ecomhub.app/public/products/featuredImage-1733764775469-dbb42b93.jpeg,https://app.ecomhub.app,8.0,preco_ideal_teste
ecomhub,14fb9509-ac78-4f89-965b-9d956aa8d255,Solução facial antienvelhecimento com glóbulos brancos e colágeno - 120ml,globulosbchafful,4.2,100,0.9,1.5,ES / FR 2,https://api.ecomhub.app/public/products/featuredImage-1765390420240-4c49d17b.png,https://app.ecomhub.app,8.0,preco_ideal_teste
ecomhub,b5951a1d-8b1f-4be9-9b25-27c2d81cb306,Manteigueira,aceitera_15355,3.56,100,0.001,1.5,ES / FR 2,https://api.ecomhub.app/public/products/featuredImage-1732882267724-14c3912b.jpg,https://app.ecomhub.app,8.0,preco_ideal_teste
ecomhub,97d5f050-624a-459f-9b98-bbd240129892,Limpador de pincéis automático,brush_15308,4.58,100,0.001,1.5,ES / FR 2,https://api.ecomhub.app/public/products/featuredImage-1733402200673-e17401bd.jpeg,https://app.ecomhub.app,8.0,preco_ideal_teste
ecomhub,22e32693-b8ff-4ed1-9b84-6911fe480d01,Caixa de Som Teknofun Dragon Ball Z Vegeta,teknofun_811352,10.2,100,0.001,1.5,ES / FR 2,https://api.ecomhub.app/public/products/featuredImage-1737653144455-5e034622.jpeg,https://app.ecomhub.app,8.0,preco_ideal_teste
ecomhub,badcb29b-096e-451b-9894-28fdaefa069f,Máquina de cortar cabelo profissional sem fio - potência e precisão para todos os estilos,vgr078_14394,16.1,200,0.9,1.5,ES / FR 2,https://api.ecomhub.app/public/products/featuredImage-1760448825366-96953d1e.png,https://app.ecomhub.app,8.0,
ecomhub,c8980b8e-eeb2-4bec-95c4-9093c80f5cf5,Jogo de Mesa Camelos Selvagens,juegocamello,11.2,100,0.001,1.5,ES / FR 2,https://api.ecomhub.app/public/products/featuredImage-1733235783586-100fe820.jpeg,https://app.ecomhub.app,8.0,
ecomhub,e49d72fd-a246-4ea5-a14c-d0f29852743f,Sabonete Facial Essência Árabe 100 ml,limpiafacia100ml,3.65,100,0.9,1.5,ES / FR 2,https://api.ecomhub.app/public/products/featuredImage-1765974965218-00aa802d.png,https://app.ecomhub.app,8.0,preco_ideal_teste
ecomhub,676a2fac-6eeb-425b-894a-d8e17fd9b16c,EXPANSOR,expansor_13910,4.07,100,0.001,1.5,ES / FR 2,https://api.ecomhub.app/public/products/featuredImage-1733402030488-bd07e1a1.jpeg,https://app.ecomhub.app,8.0,preco_ideal_teste
ecomhub,e4197151-0324-41f1-b882-38a01f0ea5a6,Bolsa encasadora  26x28  com 10 unid,bolsaenvasado10,3.56,100,0.001,1.5,ES / FR 2,https://api.ecomhub.app/public/products/featuredImage-1733487064021-da57923b.jpeg,https://app.ecomhub.app,8.0,preco_ideal_teste
ecomhub,d89b3d03-c7ef-4d49-b866-f84cfbebc1ff,Corretor de postura,postura_13438,3.51,100,0.001,1.5,ES / FR 2,https://api.ecomhub.app/public/products/featuredImage-1733323979413-27ef75b0.jpeg,https://app.ecomhub.app,8.0,preco_ideal_teste
ecomhub,9f3f19f3-bc89-4883-8fae-71ff1aee384a,Processador de Alimentos Multifuncional 2L 250W,procesador_14165,18.55,200,0.9,1.5,ES / FR 2,https://api.ecomhub.app/public/products/featuredImage-1776435502384-32790a1d.png,https://app.ecomhub.app,8.0,
ecomhub,15447ee4-3ae2-4ded-a9dd-54499833f561,Creme Facial Clareador 5 em 1 com Vitamina C Ativa - Niacinamida - Pele Radiante a Cada Aplicação,iluminadorvitamc,4.2,100,0.9,1.5,ES / FR 2,https://api.ecomhub.app/public/products/featuredImage-1749429678982-1b564e5a.jpg,https://app.ecomhub.app,8.0,preco_ideal_teste
ecomhub,06bf079c-771a-437b-b40a-c43a05128c71,Combo de 2 unidades do  Massageador de Pés,piesyartic_,17.68,200,0.001,1.5,ES / FR 2,https://api.ecomhub.app/public/products/featuredImage-1751649596421-3b02d6d0.jpg,https://app.ecomhub.app,8.0,
ecomhub,4955cae9-9996-4114-8f40-d80606442f47,Chapinha RD-216,plancha_7888818029023,9.68,100,0.001,1.5,ES / FR 2,https://api.ecomhub.app/public/products/featuredImage-1733417394289-7e7f8726.jpg,https://app.ecomhub.app,8.0,preco_ideal_teste
ecomhub,be305a9d-c8a0-4f3c-affc-e99f753eb498,Luz de vídeo LED Iluminação profissional para fotografia e vídeo,ledvideolight,3.6,100,0.9,1.5,ES / FR 2,https://api.ecomhub.app/public/products/featuredImage-1746798270548-aaff60cc.jpeg,https://app.ecomhub.app,8.0,preco_ideal_teste
ecomhub,024cd259-973e-4170-98ab-6c5593dcc3c7,Ducha Turbo,cabezaturb_15430,3.56,100,0.001,1.5,ES / FR 2,https://api.ecomhub.app/public/products/featuredImage-1733418500394-179c8c76.jpeg,https://app.ecomhub.app,8.0,preco_ideal_teste
ecomhub,7ea9984f-fdde-4989-860a-ada967f2396a,Escova de ar quente multifuncional,cepilloali_14365,11.1,100,0.9,1.5,ES / FR 2,https://api.ecomhub.app/public/products/featuredImage-1769542100338-a3ab92e8.png,https://app.ecomhub.app,8.0,
ecomhub,d1da3c9d-11f6-49c4-baf3-75bc48d5526a,Monitor de Pressão Arterial Eletrônico Controle Preciso e Fácil em Casa,electronicblood,12.8,100,0.9,1.5,ES / FR 2,https://api.ecomhub.app/public/products/featuredImage-1746022817705-77774c4d.jpeg,https://app.ecomhub.app,8.0,
ecomhub,c120eba4-fee9-40d9-988c-e2e4bdc5c847,Garrafa Térmica 1200 ml,termoceleste_15521,8.15,100,0.001,1.5,ES / FR 2,https://api.ecomhub.app/public/products/featuredImage-1733406662452-c5ec2e4c.jpeg,https://app.ecomhub.app,8.0,preco_ideal_teste
ecomhub,6484fc34-21af-4edc-b902-db2c96ed9543,Cabeçote Turbo para Chuveiro,duchaespiral_7438644334336,4.07,100,0.001,1.5,ES / FR 2,https://api.ecomhub.app/public/products/featuredImage-1734024399844-48f2eb12.JPG,https://app.ecomhub.app,8.0,preco_ideal_teste
ecomhub,14884659-8d8a-4498-bb54-4f6b54a9cd51,Limpador Facial Elétrico,limpaut_13397,3.51,100,0.001,1.5,ES / FR 2,https://api.ecomhub.app/public/products/featuredImage-1733937940665-2474c107.png,https://app.ecomhub.app,8.0,preco_ideal_teste
ecomhub,98a6524f-2aee-4a75-80e9-992796119912,Mini Power Bank Ultracompacto de 5000mAh Preto com Cabo Integrado,powerbank_g-1438,6.85,100,0.9,1.5,ES / FR 2,https://api.ecomhub.app/public/products/featuredImage-1765975297489-0ce7adcc.png,https://app.ecomhub.app,8.0,preco_ideal_teste
ecomhub,489763f7-2495-4f43-a8d4-e0898333ee17,Carregador de telefone,cochecargador_v-7875,11.72,100,0.001,1.5,ES / FR 2,https://api.ecomhub.app/public/products/featuredImage-1733495659180-afef2efa.jpeg,https://app.ecomhub.app,8.0,
ecomhub,16e9e18b-f0cd-49be-a887-3ad61775cd8b,Creme Facial SOS para Acne 50 ml - Retinol Complex,acne50mlretinolc,5.65,100,0.9,1.5,ES / FR 2,https://api.ecomhub.app/public/products/featuredImage-1766419891167-96e8f30e.png,https://app.ecomhub.app,8.0,preco_ideal_teste
ecomhub,aeec00bb-f0d5-49f5-804f-9d80282158e4,Suporte para iPad com base giratória de 360,soportei_gl70084,4.55,100,0.9,1.5,ES / FR 2,https://api.ecomhub.app/public/products/featuredImage-1760446773790-61fcd2e2.png,https://app.ecomhub.app,8.0,preco_ideal_teste
ecomhub,f2e41662-5bae-41ec-b831-8d79764b5177,AIR COOLER,aircooler_14088,6.37,100,0.001,1.5,ES / FR 2,https://api.ecomhub.app/public/products/featuredImage-1746209929580-abd44928.jpeg,https://app.ecomhub.app,8.0,preco_ideal_teste
ecomhub,3d7739cd-790f-47d5-a482-4a15aa28f19a,Cacto Dançante Interativo e Divertido,cactusbail_14749,6.3,100,0.9,1.5,ES / FR 2,https://api.ecomhub.app/public/products/featuredImage-1769544231625-4c0b979b.png,https://app.ecomhub.app,8.0,preco_ideal_teste
ecomhub,81b4dcd4-eef6-4856-ab07-35554db25f33,Carro Teledirigido Acrobático,cocheturn_14850,6.2,100,0.001,1.5,ES / FR 2,https://api.ecomhub.app/public/products/featuredImage-1737030014369-3d08cc89.jpeg,https://app.ecomhub.app,8.0,preco_ideal_teste
ecomhub,2ad1c227-ecb5-4fc7-ba76-edaa67566fef,HOYGI Máscara Facial de Colágeno,hoygicollagenoma,4.6,100,0.001,1.5,ES / FR 2,https://api.ecomhub.app/public/products/featuredImage-1737651980510-59ae929d.jpeg,https://app.ecomhub.app,8.0,preco_ideal_teste
ecomhub,348ed976-5c8b-4017-a5fd-5ecb2d801ff7,Adaptador Dongle de Tela Sem Fio para TV - Transmita tudo do seu celular,wireless_gl69610,12.45,100,0.9,1.5,ES / FR 2,https://api.ecomhub.app/public/products/featuredImage-1765390628799-80354def.png,https://app.ecomhub.app,8.0,
ecomhub,7369e0be-1b3d-4234-8ed4-37fcbf82c97f,Pistola de Brinquedo com Luz e Som,pistola_8435533123070,5.95,100,0.001,1.5,ES / FR 2,https://api.ecomhub.app/public/products/featuredImage-1737031002051-77257b63.jpeg,https://app.ecomhub.app,8.0,preco_ideal_teste
ecomhub,517709db-ab48-423c-94fb-8dc8df502e30,Solução Facial Multiefeito com Centella Asiática 100ml SADOER,solcentella100ml,4.2,100,0.9,1.5,ES / FR 2,https://api.ecomhub.app/public/products/featuredImage-1760444277042-133264e5.png,https://app.ecomhub.app,8.0,preco_ideal_teste
ecomhub,6f85e88d-1aef-4760-acbe-0cbd2094f58a,3Q Beauty Esfoliante Corporal 350ml - Cuidado Intenso e Renovador,exfoliante3qbeau,5.2,100,0.9,1.5,ES / FR 2,https://api.ecomhub.app/public/products/featuredImage-1753214149933-d8bf9365.png,https://app.ecomhub.app,8.0,preco_ideal_teste
ecomhub,52d213cc-cdde-4e9d-bb15-2d5c73f970f5,Prancha vapor,planchavapor_14351,7.64,100,0.001,1.5,ES / FR 2,https://api.ecomhub.app/public/products/featuredImage-1733490318855-e80954ef.jpeg,https://app.ecomhub.app,8.0,preco_ideal_teste
ecomhub,0796eccb-f1fe-4486-a225-070c237a0f6e,Sérum Hidratante Facial com Sangue de Dragão,suerosangredrago,4.6,100,0.2,1.5,ES / FR 2,https://api.ecomhub.app/public/products/featuredImage-1740072350332-0ed99d49.jpg,https://app.ecomhub.app,8.0,preco_ideal_teste
ecomhub,3706dcca-7362-4fdb-8f93-e7bbefc322ab,Pistola de lavagem,pistoladelavado_15434,7.64,100,0.001,1.5,ES / FR 2,https://api.ecomhub.app/public/products/featuredImage-1733760128788-74453f96.png,https://app.ecomhub.app,8.0,preco_ideal_teste
ecomhub,098686bd-4570-462f-b594-ae9400f657fa,Escova Alisadora XRUI,alisador_13946,15.29,200,0.001,1.5,ES / FR 2,https://api.ecomhub.app/public/products/featuredImage-1733406461317-fe7bd36c.jpg,https://app.ecomhub.app,8.0,
ecomhub,b9c56597-f4f3-4dd8-9581-4ea044eac20b,Lanterna HD-515,linternahd-515_9423201501205,5.52,100,0.001,1.5,ES / FR 2,https://api.ecomhub.app/public/products/featuredImage-1733696032109-227939fa.jpg,https://app.ecomhub.app,8.0,preco_ideal_teste
ecomhub,5adad5c5-55a8-432d-bade-1c1f09f7ff73,Smartwatch X10MAX,watchx10max-dorado_v-8263,9.7,100,0.001,1.5,ES / FR 2,https://api.ecomhub.app/public/products/featuredImage-1733403308595-f3177ab8.jpeg,https://app.ecomhub.app,8.0,preco_ideal_teste
ecomhub,11e63be4-ce6b-411f-8548-5c67507e46eb,Combo de 2 unidades do Air Cooler,aircooler_14088,13.4,100,0.001,1.5,ES / FR 2,https://api.ecomhub.app/public/products/featuredImage-1751649226002-74ceeaa2.jpeg,https://app.ecomhub.app,8.0,
ecomhub,0e9b9569-c03e-4aa8-887a-b93d0f561864,Jogo de Mesa A Tapete Voador,alfombramagica_8435426966951,9.6,100,0.001,1.5,ES / FR 2,https://api.ecomhub.app/public/products/featuredImage-1737122956900-081a18c2.jpeg,https://app.ecomhub.app,8.0,preco_ideal_teste
ecomhub,693e6011-a85f-4e48-99f8-5eda27948f9e,Combo de 2 Unidades do Suplemento Natural 8 em 1 - Sea Moss - Ashwagandha - Black Seed Oil - Gengibre Extra Strength 19445 mg,---,8.4,100,0.4,1.5,ES / FR 2,https://api.ecomhub.app/public/products/featuredImage-1760707426993-6a4a9b21.png,https://app.ecomhub.app,8.0,preco_ideal_teste
ecomhub,c1c77b47-3a35-496b-9887-7d3d3614445f,Creme dental clareador com niacinamida 120g - Sorriso mais brilhante e cuidado diário,pastadentalniaci,3.9,100,0.9,1.5,ES / FR 2,https://api.ecomhub.app/public/products/featuredImage-1774446086830-098266e4.png,https://app.ecomhub.app,8.0,preco_ideal_teste
ecomhub,5e11fb3a-52dd-4d0f-a6d1-b86dfc3b709b,Máscara Facial Nutritiva e Regeneradora de Caviar,mascariregcaviar,4.65,100,0.9,1.5,ES / FR 2,https://api.ecomhub.app/public/products/featuredImage-1747918868548-56bd31dd.jpeg,https://app.ecomhub.app,8.0,preco_ideal_teste
ecomhub,74d2792d-806f-4eac-ad8f-81f8e44f5e13,Combo de 3 unidades do Spray Capilar com Biotina,serumbiotin,12.6,100,0.001,1.5,ES / FR 2,https://api.ecomhub.app/public/products/featuredImage-1749583761343-5a79a73b.jpeg,https://app.ecomhub.app,8.0,
ecomhub,a5cbd067-71f6-49d1-8665-6ac2f4261b16,Caixa de Armazenamento de Maquiagem,cajaorgani_15701,6.7,100,0.001,1.5,ES / FR 2,https://api.ecomhub.app/public/products/featuredImage-1736957127399-311aa48c.jpeg,https://app.ecomhub.app,8.0,preco_ideal_teste
ecomhub,f32a1b5e-8ef2-4d00-8897-470b4a0c03b0,Creme Facial Antirrugas Preenchedor Aloe Vera 50ml,cremaloerellenar,5.6,100,0.001,1.5,ES / FR 2,https://api.ecomhub.app/public/products/featuredImage-1737723008624-a0f2d738.jpeg,https://app.ecomhub.app,8.0,preco_ideal_teste
ecomhub,12987662-7364-4f24-b910-969d81edb2cf,Suporte pasta de dentes,soportepasta_14666,4.58,100,0.001,1.5,ES / FR 2,https://api.ecomhub.app/public/products/featuredImage-1733496245676-1488515f.jpeg,https://app.ecomhub.app,8.0,preco_ideal_teste
ecomhub,0374de08-123c-4961-a2f8-9e342d1c4448,Modelador de cabelo de efeito triplo,rizadorx3_14522,7.62,100,0.001,1.5,ES / FR 2,https://api.ecomhub.app/public/products/featuredImage-1733138220845-3a73bdc9.jpeg,https://app.ecomhub.app,8.0,preco_ideal_teste
ecomhub,291b60d8-d679-4c10-8a61-b16b5cefe548,EELHOE Máscara de Queratina,eelhoemascaraker,4.0,100,0.001,1.5,ES / FR 2,https://api.ecomhub.app/public/products/featuredImage-1737650660949-3a93881f.png,https://app.ecomhub.app,8.0,preco_ideal_teste
ecomhub,6def5b18-7893-49b0-9cde-1ec6e8335149,Body Mist Pheromones Tropical Night,mistpherotropica,5.6,100,0.001,1.5,ES / FR 2,https://api.ecomhub.app/public/products/featuredImage-1737132511867-9e6b3e6c.png,https://app.ecomhub.app,8.0,preco_ideal_teste
ecomhub,c9c483b5-b433-43b6-9289-18a93f9b2f8f,Medidor de Glicose Digital - Kit Completo para Monitoramento em Casa,blood_15962,6.2,100,0.9,1.5,ES / FR 2,https://api.ecomhub.app/public/products/featuredImage-1759507471298-292a69be.png,https://app.ecomhub.app,8.0,preco_ideal_teste
ecomhub,662c4be0-766e-42ee-9546-a99b477f6001,Lâmpada Solar,wallsol-14657,9.17,100,0.001,1.5,ES / FR 2,https://api.ecomhub.app/public/products/featuredImage-1747234793120-cd481f49.jpeg,https://app.ecomhub.app,8.0,preco_ideal_teste
ecomhub,69cf4215-7718-4c5c-84ad-fca60f837c7e,Chuveiro iônico com 32 modos,cbzalio,3.51,100,0.001,1.5,ES / FR 2,https://api.ecomhub.app/public/products/featuredImage-1732813096478-d3275ccb.jpeg,https://app.ecomhub.app,8.0,preco_ideal_teste
ecomhub,12d1d6f7-2288-4ec3-94b0-ba16e69f9523,Helicóptero,helirc2can_15401,11.7,100,0.001,1.5,ES / FR 2,https://api.ecomhub.app/public/products/featuredImage-1737028317983-37fcc162.jpeg,https://app.ecomhub.app,8.0,
ecomhub,98559b07-5568-4c3e-9850-63b93a7cf103,Fita de luzes LED 3M,tirasled,10.2,100,0.001,1.5,ES / FR 2,https://api.ecomhub.app/public/products/featuredImage-1730989871385-6418bfbb.jpg,https://app.ecomhub.app,8.0,preco_ideal_teste
ecomhub,369ef231-3e3e-472d-bba6-2094b4ae9f63,Aquecedor de alimentos portátil 4 em 1,fiambrera_15080,7.13,100,0.001,1.5,ES / FR 2,https://api.ecomhub.app/public/products/featuredImage-1733487476028-fea298b6.jpeg,https://app.ecomhub.app,8.0,preco_ideal_teste
ecomhub,79919cbd-5e09-41d2-b31f-53528c30fd7f,Base em Creme com Vitamina C,basevitaminac,5.09,100,0.001,1.5,ES / FR 2,https://api.ecomhub.app/public/products/featuredImage-1746721726909-0c2f28fc.jpeg,https://app.ecomhub.app,8.0,preco_ideal_teste
ecomhub,42beb781-a822-4bc5-a645-378351c0c04a,Creme Hidratante com Colágeno,cremacolageno,5.55,100,0.001,1.5,ES / FR 2,https://api.ecomhub.app/public/products/featuredImage-1733407504476-d0867cd7.png,https://app.ecomhub.app,8.0,preco_ideal_teste
ecomhub,baef3b13-d2ef-4c6b-80cc-87766a8f5a2f,Base Corretora Liquido Focallure,embasecamilleanti,4.1,100,0.3,1.5,Espanha 1,https://api.ecomhub.app/public/products/featuredImage-1718639854821-4b9a3288.png,https://app.ecomhub.app,8.0,preco_ideal_teste
ecomhub,20435dc9-cbed-49db-bcac-60097946bcab,Óleo Capilar Adivasi 100ml OUHOE,adivasi100ml,4.4,100,0.9,1.5,ES / FR 2,https://api.ecomhub.app/public/products/featuredImage-1775406876729-8a666673.png,https://app.ecomhub.app,8.0,preco_ideal_teste
ecomhub,80b27dd3-4407-4919-8eef-914051839509,Liquidificador elétrico de 35 W com copo de 410 ml - Potência compacta para resultados profissionais,batidora35_13571,9.3,100,0.9,1.5,ES / FR 2,https://api.ecomhub.app/public/products/featuredImage-1769608147549-5fe9563e.png,https://app.ecomhub.app,8.0,preco_ideal_teste
ecomhub,7040dfc9-32ff-4652-bdcd-dcc2df2f327a,Dispensador de água automático inteligente,dispensado_13820,4.5,100,0.9,1.5,ES / FR 2,https://api.ecomhub.app/public/products/featuredImage-1770833332530-2a4d4c57.png,https://app.ecomhub.app,8.0,preco_ideal_teste
ecomhub,0f11312d-5f0a-4182-89f9-8e8164a0136c,Organizador Maquiagem,organizadorespej_14513,9.17,100,0.001,1.5,ES / FR 2,https://api.ecomhub.app/public/products/featuredImage-1736780355692-dfd1bc1d.jpeg,https://app.ecomhub.app,8.0,preco_ideal_teste
ecomhub,24b4abec-d106-43a7-a2a1-f6e0dc936fef,Prancha de cabelo elétrica profissional,planchadep_14311,9.5,100,0.9,1.5,ES / FR 2,https://api.ecomhub.app/public/products/featuredImage-1776258795734-1f5edefb.png,https://app.ecomhub.app,8.0,preco_ideal_teste
ecomhub,6b350e87-a20b-46f6-8b7d-659fbfa2d083,Relógio Tomi,relojtomi-azul_14868,8.7,100,0.001,1.5,ES / FR 2,https://api.ecomhub.app/public/products/featuredImage-1736895330768-db9d5b6d.jpeg,https://app.ecomhub.app,8.0,preco_ideal_teste
ecomhub,bfb3f54a-d966-4ec1-87be-aa1f47b4ca8a,Etiqueta localizadora compatível com iOS rastreador inteligente Bluetooth,locatori_gl69895,4.6,100,0.9,1.5,ES / FR 2,https://api.ecomhub.app/public/products/featuredImage-1745944721164-ae35c8be.jpeg,https://app.ecomhub.app,8.0,preco_ideal_teste
ecomhub,588342bd-4893-40cf-b85b-7bbc60530a00,Coador giratorio duplo,coladorgiratorio_13700,4.12,100,0.001,1.5,ES / FR 2,https://api.ecomhub.app/public/products/featuredImage-1746926367937-6bee0da2.jpeg,https://app.ecomhub.app,8.0,preco_ideal_teste
ecomhub,97f5120e-66cd-4a4b-a33d-f53fecf87bb4,Sérum em Mini Cápsulas Essência de Grãos de Café,6903072413041,5.0,100,0.001,1.5,ES / FR 2,https://api.ecomhub.app/public/products/featuredImage-1737034067071-67f81a7a.png,https://app.ecomhub.app,8.0,preco_ideal_teste
ecomhub,2a28262f-ecec-4f98-ba9a-3fab3052d703,Máscara Facial Hidratante Concentrada de Mel,concentradademie,4.65,100,0.9,1.5,ES / FR 2,https://api.ecomhub.app/public/products/featuredImage-1747936944508-d03da0b1.jpg,https://app.ecomhub.app,8.0,preco_ideal_teste
ecomhub,a182d2b5-c101-464d-b88b-c174efd6296f,Esmalte de unhas 12000RPM - Potência compacta para manicures rápidas,esmaltad_gl69835,16.7,200,0.9,1.5,ES / FR 2,https://api.ecomhub.app/public/products/featuredImage-1760445906431-0fca2ac5.png,https://app.ecomhub.app,8.0,
ecomhub,1a4664aa-54fd-4feb-b513-06feffccc632,Máquina de vapor facial profissional,vaporfaci_123855,14.95,200,0.9,1.5,ES / FR 2,https://api.ecomhub.app/public/products/featuredImage-1776464395588-b9ff2259.png,https://app.ecomhub.app,8.0,
ecomhub,1c6daa8e-773f-4510-b876-89063afe414a,Consola Retro 500 em 1 Portátil,consola50_v-7811,10.5,100,0.9,1.5,ES / FR 2,https://api.ecomhub.app/public/products/featuredImage-1771852044489-0705bdea.jpeg,https://app.ecomhub.app,8.0,preco_ideal_teste
ecomhub,0cf24f3f-6b0c-4eef-ba84-4189c32eb8e9,Sérum Premium 5 em 1 para Rugas Persistentes com Extrato de Levedura e Caviar,serumpremarrugas,4.6,100,0.001,1.5,ES / FR 2,https://api.ecomhub.app/public/products/featuredImage-1737116249650-d47325f4.jpeg,https://app.ecomhub.app,8.0,preco_ideal_teste
ecomhub,44c34392-9160-4a82-93ae-2daf02c4beda,Picador de Alho Automático,picadorautomatico_8421235212112,4.58,100,0.001,1.5,ES / FR 2,https://api.ecomhub.app/public/products/featuredImage-1733499489373-9f773454.jpeg,https://app.ecomhub.app,8.0,preco_ideal_teste
ecomhub,1ed1c8ec-9bc7-4910-b8f4-aa57049973ed,Pelúcia Bubble Tea,peluche_15259,4.8,100,0.001,1.5,ES / FR 2,https://api.ecomhub.app/public/products/featuredImage-1737120506648-893e4966.jpeg,https://app.ecomhub.app,8.0,preco_ideal_teste
ecomhub,105f7352-a150-43e1-84e1-8245b58f062c,Máquina de Costura Portátil,portacoser_14891,4.7,100,0.001,1.5,ES / FR 2,https://api.ecomhub.app/public/products/featuredImage-1733494230316-a9cd3143.jpeg,https://app.ecomhub.app,8.0,preco_ideal_teste
ecomhub,ba0888cb-2bea-48d3-b5d9-55445529c62e,Cortador de pelos recarregável para animais de estimação - Modelo Q-T180,pistola_8435533123070,12.7,100,0.001,1.5,ES / FR 2,https://api.ecomhub.app/public/products/featuredImage-1737031187337-acdbb4ce.jpeg,https://app.ecomhub.app,8.0,
ecomhub,0724b190-b638-48d2-98de-791df414cfe7,Caixa Musical para Crianças Space Odyssey,cajamusica_2063a,6.1,100,0.001,1.5,ES / FR 2,https://api.ecomhub.app/public/products/featuredImage-1736957630530-cbf4c0cb.jpeg,https://app.ecomhub.app,8.0,preco_ideal_teste
ecomhub,0becf508-be4d-4d24-a4bb-3bd5b0a32c3a,Massageador Elétrico de Pulso para Pescoço,masajeador_15560,8.66,100,0.001,1.5,ES / FR 2,https://api.ecomhub.app/public/products/featuredImage-1733402125414-84c0b0c8.jpeg,https://app.ecomhub.app,8.0,preco_ideal_teste
ecomhub,2c014c27-be69-4f95-b41a-4f2160e5fed6,Dispensador Automático de Espuma para Mãos com Sensor Infravermelho,dispejabon_13457,3.6,100,0.001,1.5,ES / FR 2,https://api.ecomhub.app/public/products/featuredImage-1733235205226-20d54ee1.jpeg,https://app.ecomhub.app,8.0,preco_ideal_teste
ecomhub,6be97743-6285-4926-844a-2c4bfaa3b093,Modelador Corporal Preto,bodyslimnegro1_m,5.09,100,0.9,1.5,ES / FR 2,https://api.ecomhub.app/public/products/featuredImage-1747071224089-869c6219.png,https://app.ecomhub.app,8.0,preco_ideal_teste
ecomhub,cabe728e-e6ad-4470-8ed6-a0c2fb6782e9,Câmera Wi-Fi em Formato de Lâmpada,3556,13.2,100,0.001,1.5,ES / FR 2,https://api.ecomhub.app/public/products/featuredImage-1746887791082-a89d323a.jpeg,https://app.ecomhub.app,8.0,
dropipro,2063,Barra de luz de monitor,,6.99,98,0.37,,Dropi PRO ES,https://dropipro.com/storage/products/2063/BARRALED_1765560930.jpg,https://dropipro.com/app/products,7.96,"dropi_stock_baixo,preco_ideal_teste"
dropipro,1843,Instrumento de diagnóstico OBD para automóvil,,15.99,198,0.22,,Dropi PRO ES,https://dropipro.com/storage/products/1843/OBD_1740076594.jpg,https://dropipro.com/app/products,7.96,
dropipro,1034,Ventilador de techo 2 en 1,,9.49,96,0.55,,Dropi PRO ES,https://dropipro.com/storage/products/1034/VENTILADOR_2024-08-01-20-40-36.jpg,https://dropipro.com/app/products,7.92,"dropi_stock_baixo,preco_ideal_teste"
dropipro,2064,Ventilador de refrigeración con lámpara de noche y humidificador,,8.99,96,0.84,,Dropi PRO ES,https://dropipro.com/storage/products/2064/ventila_1750853413.jpg,https://dropipro.com/app/products,7.92,"dropi_stock_baixo,preco_ideal_teste"
dropipro,960,Mini telefono DUAL SIM,,8.99,96,0.07,,Dropi PRO ES,https://dropipro.com/storage/products/960/movil_2024-07-19-12-00-23.jpg,https://dropipro.com/app/products,7.92,"dropi_stock_baixo,preco_ideal_teste"
dropipro,2569,Nebulizador portátil recargable para niños y adultos,,10.49,95,0.4,,Dropi PRO ES,https://dropipro.com/storage/products/2569/ATOMIZADOR_1769271037.jpg,https://dropipro.com/app/products,7.9,"dropi_stock_baixo,preco_ideal_teste"
dropipro,2361,Dispositivo antiladridos para Perros Ultrasonido,,7.99,95,0.4,,Dropi PRO ES,https://dropipro.com/storage/products/2361/WechatIMG2368_1763400239.jpg,https://dropipro.com/app/products,7.9,"dropi_stock_baixo,preco_ideal_teste"
dropipro,1396,Licuadora de frutas de 450ml 8 cuchillas,,7.99,94,0.56,,Dropi PRO ES,https://dropipro.com/storage/products/1396/WechatIMG1751_2024-10-30-16-20-18.jpg,https://dropipro.com/app/products,7.88,"dropi_stock_baixo,preco_ideal_teste"
dropipro,1636,Pantalla portátil de 7 Pulgadas para Coche,,31.99,192,0.93,,Dropi PRO ES,https://dropipro.com/storage/products/1636/715bP8WxmL._AC_SL1500__1740418330.jpg,https://dropipro.com/app/products,7.84,
ecomhub,2966d953-f4c4-4baa-a751-70c64336cfa5,Batedeira elétrica potente e funcional de 300 W na cor branca,batidora60_14168,11.1,90,0.9,1.5,ES / FR 2,https://api.ecomhub.app/public/products/featuredImage-1769609180461-3f41495c.png,https://app.ecomhub.app,7.8,
ecomhub,ee4b8264-1c82-4115-ba6a-14bead135e5a,Combo de Cinta com Efeito Sauna e Estimulador Muscular de Glúteos EMS,fajasauna_14028,7.25,90,0.001,1.5,ES / FR 2,https://api.ecomhub.app/public/products/featuredImage-1752176928850-e149d5a0.jpeg,https://app.ecomhub.app,7.8,preco_ideal_teste
ecomhub,b8545007-4fac-4e88-ab22-7117cb78a7ce,Batedeira de mão compacta e funcional de 100 W,batidorade_13591,9.3,90,0.9,1.5,ES / FR 2,https://api.ecomhub.app/public/products/featuredImage-1769189843322-18035745.png,https://app.ecomhub.app,7.8,preco_ideal_teste
ecomhub,6e823ebf-819a-4d21-98cd-26380bfdaf6e,Barra de Entrenamiento,barraentren_14137,12.74,90,0.001,1.5,ES / FR 2,https://api.ecomhub.app/public/products/featuredImage-1746720804684-85578a8a.png,https://app.ecomhub.app,7.8,
ecomhub,86ce8fb4-31c8-4229-a149-df0692dc2cd6,combo 5 unidades Sabonete Compacto para Cabelos  Elimina Cabelos Brancos,jabon_15620,11.7,90,0.001,1.5,ES / FR 2,https://api.ecomhub.app/public/products/featuredImage-1751368975901-5151c5db.jpg,https://app.ecomhub.app,7.8,
ecomhub,ead031e5-fa6a-4b0f-a569-826c4c21af14,Corretor de Postura Ergonômico,corse_s,4.57,90,0.2,1.5,ES / FR 2,https://api.ecomhub.app/public/products/featuredImage-1740572573553-46b71ced.jpeg,https://app.ecomhub.app,7.8,preco_ideal_teste
ecomhub,6036c942-d528-4708-a698-b79e1784875a,Máquina de Cortar Cabelo Profissional Original VGR para Homens - Kit Completo de Barbeiro Recarregável,vgr949_15608,12.2,90,0.9,1.5,ES / FR 2,https://api.ecomhub.app/public/products/featuredImage-1765407495183-1d6a82bd.png,https://app.ecomhub.app,7.8,
ecomhub,61241422-c1f0-40e7-b9ef-e21359038062,Combo de 2 Unidades do Suplemento Natural 8 em 1 - Sea Moss - Ashwagandha - Black Seed Oil - Gengibre Extra Strength 19445 mg -,seamoss_16057,8.4,90,0.4,1.5,ES / FR 2,https://api.ecomhub.app/public/products/featuredImage-1760732657846-d75ae670.png,https://app.ecomhub.app,7.8,preco_ideal_teste
ecomhub,f3f462e3-71a4-4955-9d38-31c77d442425,Meia Calça Anticelulite 70D,em-eletromedia,6.0,90,0.5,1.5,Espanha 1,https://api.ecomhub.app/public/products/featuredImage-1761918181510-88cc232a.jpeg,https://app.ecomhub.app,7.8,preco_ideal_teste
ecomhub,54d6f505-2ec9-4200-a150-fe77476525c5,Bomba de vácuo inteligente,vacuumpump_15352,6.7,90,0.9,1.5,ES / FR 2,https://api.ecomhub.app/public/products/featuredImage-1762952432737-9d3624c1.png,https://app.ecomhub.app,7.8,preco_ideal_teste
ecomhub,4fb210a6-8f89-44f0-9c92-e0200a02b5f2,Nebulizador de mala portátil NHE JSL-W302,nebulizador_jsl-w302,4.58,90,0.9,1.5,ES / FR 2,https://api.ecomhub.app/public/products/featuredImage-1748090260988-8f8652e0.png,https://app.ecomhub.app,7.8,preco_ideal_teste
ecomhub,224a24aa-decf-4c4b-ad2d-9e59444912e6,Combo 2 Sabonete Compacto para Cabelos  Elimina Cabelos Brancos,jabon_15620,4.68,90,0.001,1.5,ES / FR 2,https://api.ecomhub.app/public/products/featuredImage-1751368875536-481b18f3.jpg,https://app.ecomhub.app,7.8,preco_ideal_teste
ecomhub,669ffd6c-fecb-489a-9162-263a75836b28,Elevador de móveis,levantamuebles_14543,5.09,90,0.001,1.5,ES / FR 2,https://api.ecomhub.app/public/products/featuredImage-1734026914756-bdcb8c19.JPG,https://app.ecomhub.app,7.8,preco_ideal_teste
ecomhub,d2e29c7a-19bd-46f2-8ddf-a9dc7199396a,Combo de 3 Unidades de Luz Solar 20W,luzsolar_v-7952,9.15,90,0.001,1.5,ES / FR 2,https://api.ecomhub.app/public/products/featuredImage-1749057475112-8cd67efa.jpg,https://app.ecomhub.app,7.8,preco_ideal_teste
ecomhub,a3be5409-e5cb-45d3-bc06-a3cef1ad360d,Depiladora 3 em 1,depiladora_14907,5.6,90,0.001,1.5,ES / FR 2,https://api.ecomhub.app/public/products/featuredImage-1736801758538-7c87d699.jpeg,https://app.ecomhub.app,7.8,preco_ideal_teste
ecomhub,a750861b-5e5f-4ee7-94c0-f148a637dd4a,Espelho luminoso AO-77902,espejo_14493,6.62,90,0.001,1.5,ES / FR 2,https://api.ecomhub.app/public/products/featuredImage-1733936203327-c2bce5c0.png,https://app.ecomhub.app,7.8,preco_ideal_teste
ecomhub,ff74b827-b6de-43be-8815-7f64ed8e7cf9,Combo de 2 Unidades Body Emagrecedor Preto,bodyslimnegro1_m,10.18,90,0.9,1.5,ES / FR 2,https://api.ecomhub.app/public/products/featuredImage-1750451072651-22226af7.png,https://app.ecomhub.app,7.8,preco_ideal_teste
ecomhub,24cb6849-82e6-49a3-a8ba-7a201af6aba3,Envasadora a Vácuo 2 em 1,sellad_14241,6.62,90,0.001,1.5,ES / FR 2,https://api.ecomhub.app/public/products/featuredImage-1733485847952-ed2dec0b.jpeg,https://app.ecomhub.app,7.8,preco_ideal_teste
ecomhub,1a67792e-a424-49a2-ba47-b64f56335c07,Kit de Clareamento Dental Recarregável com LED,smilekit-negro_15736,12.95,90,0.001,1.5,ES / FR 2,https://api.ecomhub.app/public/products/featuredImage-1738934360687-48b5948c.jpeg,https://app.ecomhub.app,7.8,
ecomhub,4d200be9-9386-4041-b49c-fccb4b885ed6,Luz de preenchimento móvel - Iluminação portátil para fotos e vídeos,luzrelle_gl70201,4.5,90,0.9,1.5,ES / FR 2,https://api.ecomhub.app/public/products/featuredImage-1765391505123-e88191d1.png,https://app.ecomhub.app,7.8,preco_ideal_teste
ecomhub,4c7135c7-8e8e-4cb1-b8b2-2309ab122c8e,Massageador Facila Antirrugas,masajecara_14964,5.55,90,0.001,1.5,ES / FR 2,https://api.ecomhub.app/public/products/featuredImage-1733500342349-ffdd0142.jpeg,https://app.ecomhub.app,7.8,preco_ideal_teste
ecomhub,9336269c-b312-43bf-a227-a3c02764e914,Magic Pad,magicpad_14730,4.22,90,0.001,1.5,ES / FR 2,https://api.ecomhub.app/public/products/featuredImage-1734034532685-ea5669ed.JPG,https://app.ecomhub.app,7.8,preco_ideal_teste
dropipro,994,Almohadilla ortopédica vibratoria con calefacción,,15.99,188,0.62,,Dropi PRO ES,https://dropipro.com/storage/products/994/LUMBAR_2024-07-25-19-17-12.jpg,https://dropipro.com/app/products,7.76,
dropipro,192,Cepillo Alisador 3 en 1,,5.95,85,0.49,,Dropi PRO ES,https://dropipro.com/storage/products/192/FOTO-PEINE-FONDO-TRANSPARENTE_2023-04-26-19-08-39.png,https://dropipro.com/app/products,7.7,"dropi_stock_baixo,preco_ideal_teste"
dropipro,103,Calefactor Mini 800 Watts,,6.99,84,0.7,,Dropi PRO ES,https://dropipro.com/storage/products/103/61c4yj7BWVL_2024-01-17-16-07-39._AC_SL1000_.jpg,https://dropipro.com/app/products,7.68,"dropi_stock_baixo,preco_ideal_teste"
dropipro,858,Ventilador portatil GO FAN,,5.45,82,0.38,,Dropi PRO ES,https://dropipro.com/storage/products/858/GOFAN_2024-05-29-17-26-20.jpg,https://dropipro.com/app/products,7.64,"dropi_stock_baixo,preco_ideal_teste"
dropipro,771,Lámpara LED recargable con USB,,8.99,81,0.83,,Dropi PRO ES,https://dropipro.com/storage/products/771/WechatIMG1230_2024-04-05-20-04-13.jpg,https://dropipro.com/app/products,7.62,"dropi_stock_baixo,preco_ideal_teste"
ecomhub,c5bd1ba4-0293-4f7b-a9e7-3e33dd5818fa,Conjunto de teclado e mouse sem fio Bluetooth - Produtividade ilimitada,teclado_gl69997,7.2,80,0.9,1.5,ES / FR 2,https://api.ecomhub.app/public/products/featuredImage-1760451404356-481b8a3a.png,https://app.ecomhub.app,7.6,preco_ideal_teste
ecomhub,af27775c-abb3-40d3-9ed6-409dd2bd1cb5,Combo de Colar 7 VC  CAIXA e Body Emagrecedor Bege XL,bodyslimbeige15192_xl,9.67,80,0.001,1.5,ES / FR 2,https://api.ecomhub.app/public/products/featuredImage-1751646129701-cb45b0ae.jpg,https://app.ecomhub.app,7.6,preco_ideal_teste
ecomhub,c32c9006-0a6b-4cf0-b9a2-20ec028c60c2,A36 Fones de Ouvido para Jogos com Microfone,casco_g-1221,11.7,80,0.001,1.5,ES / FR 2,https://api.ecomhub.app/public/products/featuredImage-1746208277265-5fec2e4c.jpeg,https://app.ecomhub.app,7.6,
ecomhub,9704f36d-564d-4396-af4e-fd7dbccee1dd,Caixa de Som Bluetooth Portátil KIMISO KMS-246 - Som Potente e Design Compacto,ksm246alt_v-8486,12.25,80,0.9,1.5,ES / FR 2,https://api.ecomhub.app/public/products/featuredImage-1759508920496-abef6d1d.png,https://app.ecomhub.app,7.6,
ecomhub,ae7985f5-2ffb-4d39-bb02-e37b1e40cf7b,Pistola de Espuma,pistolaespum4in1_15082,6.57,80,0.001,1.5,ES / FR 2,https://api.ecomhub.app/public/products/featuredImage-1733762588301-c4771ce6.png,https://app.ecomhub.app,7.6,preco_ideal_teste
ecomhub,1b70755a-a0da-441f-aa7c-b66d92dc0a9a,Suporte Lombar e Modelador de Cintura,fajagrande_15762,5.0,80,0.9,1.5,ES / FR 2,https://api.ecomhub.app/public/products/featuredImage-1746461609327-36c79282.jpeg,https://app.ecomhub.app,7.6,preco_ideal_teste
ecomhub,1bbb816f-e683-4be6-9347-2d8e51986f2d,Aquecedor elétrico de cera quente para remoção de pelos,waxwarm_15867,10.0,80,0.9,1.5,ES / FR 2,https://api.ecomhub.app/public/products/featuredImage-1760383440736-7f033cf8.png,https://app.ecomhub.app,7.6,preco_ideal_teste
ecomhub,a982ea15-6a3e-491a-a33b-fa6f2edacb61,Lupa digital de pontinhos negros,lupapuntitos_14525,7.13,80,0.001,1.5,ES / FR 2,https://api.ecomhub.app/public/products/featuredImage-1733938142946-a49b6f86.jpg,https://app.ecomhub.app,7.6,preco_ideal_teste
ecomhub,801e16d8-9da2-458a-a9c1-91482e08a400,Liquidificador de frutas 380 ml,batidora38_15182,9.3,80,0.9,1.5,ES / FR 2,https://api.ecomhub.app/public/products/featuredImage-1769606788052-d744b8b1.png,https://app.ecomhub.app,7.6,preco_ideal_teste
ecomhub,bb53fa6e-5df3-4930-aab3-c5d0bc24ce3a,Mini Bomba de Vácuo Elétrica Inteligente Sem Fio,bombaele_gl70230,6.85,80,0.9,1.5,ES / FR 2,https://api.ecomhub.app/public/products/featuredImage-1765313088115-4f2edbc2.png,https://app.ecomhub.app,7.6,preco_ideal_teste
ecomhub,711a2c24-573e-4210-8db6-cd994a5d13c7,Inlfador Eletrico,infladorelectri_15264,5.09,80,0.001,1.5,ES / FR 2,https://api.ecomhub.app/public/products/featuredImage-1733753426985-054e878e.jpeg,https://app.ecomhub.app,7.6,preco_ideal_teste
ecomhub,8e5ce01a-d6e5-4e79-80e7-3fe8dc95c5d1,Combo de 2 unidades da Joelheira Completa,rodilleracompleta_15197,5.08,80,0.001,1.5,ES / FR 2,https://api.ecomhub.app/public/products/featuredImage-1750948657811-f249c337.jpg,https://app.ecomhub.app,7.6,preco_ideal_teste
ecomhub,e863b4ed-c4fe-429e-b0a2-5890fd586940,Massageador Elétrico de Ventosas,ventosa_14760,6.47,80,0.001,1.5,ES / FR 2,https://api.ecomhub.app/public/products/featuredImage-1734036254571-d39607e9.JPG,https://app.ecomhub.app,7.6,preco_ideal_teste
ecomhub,299f075f-3d9f-4b20-b782-bf45acb4ba92,Conjunto de 13 Peças de Utensílios de Cozinha,set13utens_15742,12.0,80,0.2,1.5,ES / FR 2,https://api.ecomhub.app/public/products/featuredImage-1738248399971-da99f81f.jpeg,https://app.ecomhub.app,7.6,
ecomhub,56ae046d-a242-46d6-b0cc-09db594bf794,Alto-falante Bluetooth,altavozs_gl69304,12.5,80,0.2,1.5,ES / FR 2,https://api.ecomhub.app/public/products/featuredImage-1738248638892-7052bd64.jpeg,https://app.ecomhub.app,7.6,
ecomhub,fc6ebb2f-2a99-429f-a6c3-5cce18822b5b,Ventilador mini Portatil,ventiladr_gl69291,5.09,80,0.001,1.5,ES / FR 2,https://api.ecomhub.app/public/products/featuredImage-1733487482075-d036e892.jpeg,https://app.ecomhub.app,7.6,preco_ideal_teste
ecomhub,43280da2-16b2-4490-abfb-a8dd307ba922,Combo de 2 unidades Spray Capilar com Biotina,serumbiotin,8.4,80,0.001,1.5,ES / FR 2,https://api.ecomhub.app/public/products/featuredImage-1749583550207-99b774f8.jpeg,https://app.ecomhub.app,7.6,preco_ideal_teste
ecomhub,0ab832f1-f0bf-440f-ad84-5029483817f0,Limpador de janela 2 em 1,limpiadorverde_14218,3.56,80,0.001,1.5,ES / FR 2,https://api.ecomhub.app/public/products/featuredImage-1733936500256-4403e048.png,https://app.ecomhub.app,7.6,preco_ideal_teste
ecomhub,fa0b259e-6899-47ba-8d0f-a0a8ebbe8d5c,Lanterna Potente,lintern_14060,7.13,80,0.001,1.5,ES / FR 2,https://api.ecomhub.app/public/products/featuredImage-1733500100227-ec6f826d.jpeg,https://app.ecomhub.app,7.6,preco_ideal_teste
ecomhub,55c7c3db-9595-4fae-b5c7-b26d3e631099,Moedor elétrico de grãos de 300 W em aço inoxidável,grindercaf_15428,6.82,80,0.9,1.5,ES / FR 2,https://api.ecomhub.app/public/products/featuredImage-1750081132537-5f2144e3.jpg,https://app.ecomhub.app,7.6,preco_ideal_teste
dropipro,361,Mopa Fregona 10L,,8.9,79,1.6,,Dropi PRO ES,https://dropipro.com/storage/products/361/714eLGXEFyL_2024-01-17-18-41-59._AC_SL1500_.jpg,https://dropipro.com/app/products,7.58,"dropi_stock_baixo,preco_ideal_teste"
dropipro,556,Masajeador de piernas eléctrico con calor,,12.99,79,0.59,,Dropi PRO ES,https://dropipro.com/storage/products/556/61oZv2YEEVL_2024-02-08-14-10-24._AC_SL1200_.jpg,https://dropipro.com/app/products,7.58,dropi_stock_baixo
dropipro,1311,Fiambrera Electrica 40w azul enchufe de coche,,6.49,72,0.86,,Dropi PRO ES,https://dropipro.com/storage/products/1311/WechatIMG1647_2024-09-17-11-40-15.jpg,https://dropipro.com/app/products,7.44,"dropi_stock_baixo,preco_ideal_teste"
dropipro,988,Masajeador cervical profesional modo frio y calor con mando distancia,,17.95,171,0.98,,Dropi PRO ES,https://dropipro.com/storage/products/988/MASAJEADOR_2024-07-25-17-21-07.jpg,https://dropipro.com/app/products,7.42,
ecomhub,cccba048-c846-4159-afc4-50a2298570cd,Máquina de cortar cabelo Buda,budamaquina_8434921039818,5.55,70,0.001,1.5,ES / FR 2,https://api.ecomhub.app/public/products/featuredImage-1733493416856-2e5357a0.jpeg,https://app.ecomhub.app,7.4,preco_ideal_teste
ecomhub,7473a7a0-5f52-45e7-ad13-755cb7970cb4,Conjunto esportivo feminino Azul,conjuntoazul_15289,5.59,70,0.001,1.5,ES / FR 2,https://api.ecomhub.app/public/products/featuredImage-1733417570896-b7d985aa.jpeg,https://app.ecomhub.app,7.4,preco_ideal_teste
ecomhub,906c56f6-a584-4c29-96ab-fd149889f98c,Mochila,mochila_v-9008,11.4,70,0.9,1.5,ES / FR 2,https://api.ecomhub.app/public/products/featuredImage-1774453031500-455bdabe.png,https://app.ecomhub.app,7.4,
ecomhub,4291b23b-850d-4696-8c68-77a91fd64e6f,Óleo de Alecrim para Cabelo com Biotina 30 ml,serumrosemary,4.2,70,0.001,1.5,ES / FR 2,https://api.ecomhub.app/public/products/featuredImage-1733313431276-1155d293.jpeg,https://app.ecomhub.app,7.4,preco_ideal_teste
ecomhub,49ddea27-2122-404d-86ae-4ee598c7d496,Carro Anticaída,cochantica-turquesa_14823,13.25,70,0.001,1.5,ES / FR 2,https://api.ecomhub.app/public/products/featuredImage-1737129747446-2aa0a962.jpeg,https://app.ecomhub.app,7.4,
ecomhub,7d474a63-d86c-43ed-b779-0e8e8f7ea318,Lâmpada Solar Dobrável,lampdes_ab-ta130,6.61,70,0.001,1.5,ES / FR 2,https://api.ecomhub.app/public/products/featuredImage-1732881359225-6eb30a6d.jpg,https://app.ecomhub.app,7.4,preco_ideal_teste
ecomhub,4dc65c71-1205-4d09-8a0c-c18a6d8b5a9e,Escova Alisadora LSM,alisador_14561,9.68,70,0.001,1.5,ES / FR 2,https://api.ecomhub.app/public/products/featuredImage-1732734547835-88f71247.jpg,https://app.ecomhub.app,7.4,preco_ideal_teste
ecomhub,100aa95a-149a-482b-9498-171c681da244,Massageador Cervical,masajecervical_14136,6.62,70,0.001,1.5,ES / FR 2,https://api.ecomhub.app/public/products/featuredImage-1733937552489-b52a8811.jpeg,https://app.ecomhub.app,7.4,preco_ideal_teste
ecomhub,0678a557-82bd-4207-a0f9-eea249a6bc1c,Limpador de dentes ultrassônico,dentalsonic-azul_14766,6.62,70,0.001,1.5,ES / FR 2,https://api.ecomhub.app/public/products/featuredImage-1733923319372-220b72d6.jpg,https://app.ecomhub.app,7.4,preco_ideal_teste
ecomhub,50b6d499-2075-4019-9a19-6038c1108a47,ÓLEOS ESSENCIAIS,esencia_azahar,3.54,70,0.001,1.5,ES / FR 2,https://api.ecomhub.app/public/products/featuredImage-1733926117403-266c4166.jpg,https://app.ecomhub.app,7.4,preco_ideal_teste
ecomhub,98e4007a-8410-4db8-9b0c-81e0b22316be,Fones de Ouvido Bluetooth Edifier W380NB,auricula_gl69706,9.2,70,0.2,1.5,ES / FR 2,https://api.ecomhub.app/public/products/featuredImage-1740072924469-8a5ef6de.jpg,https://app.ecomhub.app,7.4,preco_ideal_teste
ecomhub,f335ee8e-ad57-4485-9aee-015f0fffd80a,Relógio Esportivo Multifuncional TOMI,relojtomibig-azul_14867,12.7,70,0.001,1.5,ES / FR 2,https://api.ecomhub.app/public/products/featuredImage-1737038499352-0b0ed5fc.jpeg,https://app.ecomhub.app,7.4,
ecomhub,ec303096-ecf0-44f4-a76a-63dfa8f365fb,Combo de 2 unidades da Mini Lanterna Recargável com Zoom,m2-s18,9.4,70,0.9,1.5,ES / FR 2,https://api.ecomhub.app/public/products/featuredImage-1751649504766-e198e374.jpeg,https://app.ecomhub.app,7.4,preco_ideal_teste
ecomhub,8a51bf06-9bff-4815-9af3-a89cdc7c4f36,Ring light de 14 polegadas com 200 LEDs - 56 RGB - iluminação profissional,aroluzled_g-1498,11.4,70,0.9,1.5,ES / FR 2,https://api.ecomhub.app/public/products/featuredImage-1776438184242-4ae5a344.png,https://app.ecomhub.app,7.4,
ecomhub,21aea273-bcee-447a-8ee5-2d65ceaf52d7,Cápsulas vaginais,capsulas,4.7,70,0.9,1.5,ES / FR 2,https://api.ecomhub.app/public/products/featuredImage-1751122284028-d647ee08.png,https://app.ecomhub.app,7.4,preco_ideal_teste
ecomhub,d65d0386-ff20-431b-88c8-6ecbba24bac1,Depiladora YES,depiyes_14962,4.53,70,0.001,1.5,ES / FR 2,https://api.ecomhub.app/public/products/featuredImage-1733763696800-c4bcf7b8.jpeg,https://app.ecomhub.app,7.4,preco_ideal_teste
ecomhub,17a5d292-fd6d-4f87-b380-a3be4a599f58,Batedeira de mão compacta e portátil de 20 W e 5 V,batidorade_14238,10.5,70,0.9,1.5,ES / FR 2,https://api.ecomhub.app/public/products/featuredImage-1769609473022-1767ef42.png,https://app.ecomhub.app,7.4,preco_ideal_teste
ecomhub,9795c38d-8cba-4cbc-9fae-10233d33362e,Bálsamo multifuncional em barra com cálcio 9g - Hidratação e cuidado em um só produto,calciumbalsamo9g,3.9,70,0.9,1.5,ES / FR 2,https://api.ecomhub.app/public/products/featuredImage-1774445313527-cf16f32d.png,https://app.ecomhub.app,7.4,preco_ideal_teste
ecomhub,32147cda-92b5-4db9-ad05-fe9dd2a70e3b,Colar 7 VC  CAIXA,collar7vc_verdecaja,4.58,70,0.001,1.5,ES / FR 2,https://api.ecomhub.app/public/products/featuredImage-1733404623406-eee90427.png,https://app.ecomhub.app,7.4,preco_ideal_teste
ecomhub,8a44ee8c-af74-43bd-be3d-c2170b092873,Carregador Multifuncional,cargamulti_v-7200,10.7,70,0.001,1.5,ES / FR 2,https://api.ecomhub.app/public/products/featuredImage-1733495362337-861472b8.jpeg,https://app.ecomhub.app,7.4,
ecomhub,53f1dbeb-b764-4192-b621-3951c7368a71,Combo de Colar 7 VC  CAIXA e Modelador Corporal Preto,collar7vc_negrocaja,9.67,70,0.001,1.5,ES / FR 2,https://api.ecomhub.app/public/products/featuredImage-1751567269048-346589db.jpg,https://app.ecomhub.app,7.4,preco_ideal_teste
dropipro,1393,Masajeador Anticelulítico Recargable por Succión y Calor,,9.99,69,0.39,,Dropi PRO ES,https://dropipro.com/storage/products/1393/MASA_2024-10-30-16-02-31.JPG,https://dropipro.com/app/products,7.38,"dropi_stock_baixo,preco_ideal_teste"
dropipro,383,Difusor de Aceites Esenciales LED Humidificador,,5.99,66,0.45,,Dropi PRO ES,https://dropipro.com/storage/products/383/61ZoXQBmINL_2023-11-01-11-40-31._AC_SX522_.jpg,https://dropipro.com/app/products,7.32,"dropi_stock_baixo,preco_ideal_teste"
dropipro,2325,Levanta Cola NEGRO / L,,9.99,65,0.31,,Dropi PRO ES,https://dropipro.com/storage/products/2325/Disenosintitulo1_1762726394.jpg,https://dropipro.com/app/products,7.3,"dropi_stock_baixo,preco_ideal_teste"
dropipro,2015,Soplador de aire potente,,14.99,65,0.54,,Dropi PRO ES,https://dropipro.com/storage/products/2015/613ukb6tN9L._AC_SL1500__1775649454.jpg,https://dropipro.com/app/products,7.3,dropi_stock_baixo
dropipro,1889,Pistola de hidrogel,,8.99,65,0.74,,Dropi PRO ES,https://dropipro.com/storage/products/1889/PIST_1741863757.JPG,https://dropipro.com/app/products,7.3,"dropi_stock_baixo,preco_ideal_teste"
dropipro,2365,Masajeador de pecho,,12.49,63,0.47,,Dropi PRO ES,https://dropipro.com/storage/products/2365/WechatIMG2371_1763403298.jpg,https://dropipro.com/app/products,7.26,dropi_stock_baixo
dropipro,2364,Lámpara de medusa flotante recargable,,7.49,63,0.47,,Dropi PRO ES,https://dropipro.com/storage/products/2364/WechatIMG2370_1763402668.jpg,https://dropipro.com/app/products,7.26,"dropi_stock_baixo,preco_ideal_teste"
ecomhub,720df959-df0e-49f3-bcbe-c6cf3a2085f9,Mini Massageador Facial Portátil para Contorno Delicado,minimasaje-blanco_15526,4.2,60,0.001,1.5,ES / FR 2,https://api.ecomhub.app/public/products/featuredImage-1737049289276-db4b390e.png,https://app.ecomhub.app,7.2,preco_ideal_teste
ecomhub,fc2e9826-4004-4456-b90d-cf491a1dc253,Luminária de parede solar LED em alumínio - Iluminação externa à prova água - elegante e ecológica,solarlampa_14921,12.2,60,0.9,1.5,ES / FR 2,https://api.ecomhub.app/public/products/featuredImage-1765408771508-dc0a3250.png,https://app.ecomhub.app,7.2,
ecomhub,b90b0b35-bac6-4c7d-9b08-4530a8ea6d16,HOEGOA Óleo de Batana 100ml - Crescimento Capilar Natural e Reparação Profunda,batanarose,4.65,60,0.9,1.5,ES / FR 2,https://api.ecomhub.app/public/products/featuredImage-1762294061057-75e7255b.png,https://app.ecomhub.app,7.2,preco_ideal_teste
ecomhub,3dab3a74-820e-45e5-b6c7-249e8f362be0,Chapinha Geemy,plancha_13507,10.19,60,0.001,1.5,ES / FR 2,https://api.ecomhub.app/public/products/featuredImage-1733417990339-619ae17c.jpg,https://app.ecomhub.app,7.2,preco_ideal_teste
ecomhub,ea63241a-bd2c-4d92-b615-b2217fe24e32,Chaveiro Carregador Tipo Lightning 2220mAh,llaverocargaios_v-7790,4.58,60,0.001,1.5,ES / FR 2,https://api.ecomhub.app/public/products/featuredImage-1733764526124-45827ba2.jpeg,https://app.ecomhub.app,7.2,preco_ideal_teste
ecomhub,e2bc05dc-59e2-4fd3-a5e0-2cdb93150bd5,Cabideiro Triangular 55x742x160cm,trianglerack_15048,10.19,60,0.001,1.5,ES / FR 2,https://api.ecomhub.app/public/products/featuredImage-1746883087024-3489bb49.jpeg,https://app.ecomhub.app,7.2,preco_ideal_teste
ecomhub,13cf7f58-e4c1-477c-9aab-0938fe66f066,Cinta Sauna para Academia,fajasaunatallal_14578,4.58,60,0.001,1.5,ES / FR 2,https://api.ecomhub.app/public/products/featuredImage-1733495705751-65d6ac86.jpg,https://app.ecomhub.app,7.2,preco_ideal_teste
ecomhub,4a5c7c95-542d-418a-a624-1c1978f0909d,Lanterna Multifuncional Útil,linterna_14777,10.5,60,0.001,1.5,ES / FR 2,https://api.ecomhub.app/public/products/featuredImage-1756990818886-926d128f.jpeg,https://app.ecomhub.app,7.2,preco_ideal_teste
ecomhub,e370f0ad-89ba-4eaa-8c60-55ecbc8aa2f9,Combo Óleo Bee Wax para ilustrar madeiras 2 Unidades,embeewax,6.1,60,0.3,1.5,Espanha 1,https://api.ecomhub.app/public/products/featuredImage-1764179792675-2af1b881.png,https://app.ecomhub.app,7.2,preco_ideal_teste
ecomhub,31ad42ba-f032-4f90-b5fa-325131999fc3,Removedor de Pêlos para pet,groom_14906,5.6,60,0.001,1.5,ES / FR 2,https://api.ecomhub.app/public/products/featuredImage-1733402838697-340e7022.jpeg,https://app.ecomhub.app,7.2,preco_ideal_teste
ecomhub,083a9de0-7c52-4287-9725-9304430be353,Jogo de Talheres de Silicone para Bebê,cuberteria_15710,7.5,60,0.001,1.5,ES / FR 2,https://api.ecomhub.app/public/products/featuredImage-1737036586643-e5d267be.jpeg,https://app.ecomhub.app,7.2,preco_ideal_teste
ecomhub,c0b089c9-9925-414b-ad9b-f3af9fe733c3,Secador de cabelo profissional SURKER SK-3807 - Potência - estilo e secagem rápida,secadorsur_13979,10.1,60,0.9,1.5,ES / FR 2,https://api.ecomhub.app/public/products/featuredImage-1774451437314-4a1c01b5.png,https://app.ecomhub.app,7.2,preco_ideal_teste
ecomhub,1e1beb41-37da-4edd-8629-5095a7f75512,Mangueira para Mascotes,mangueramascotas_14142,4.58,60,0.001,1.5,ES / FR 2,https://api.ecomhub.app/public/products/featuredImage-1733490256455-7777435e.jpeg,https://app.ecomhub.app,7.2,preco_ideal_teste
ecomhub,c058e4e5-6051-4381-a415-146dbe41b358,Limpador Dental Ultrassônico para Tártaro,dentsarro_14766,7.13,60,0.001,1.5,ES / FR 2,https://api.ecomhub.app/public/products/featuredImage-1733937438860-43e80d0e.jpeg,https://app.ecomhub.app,7.2,preco_ideal_teste
ecomhub,676f5a30-3843-4d54-9d63-4041439952cb,Almofada antitombos para bebê azul elefante,elefante_15716,5.6,60,0.001,1.5,ES / FR 2,https://api.ecomhub.app/public/products/featuredImage-1746209082658-b0fca2c7.png,https://app.ecomhub.app,7.2,preco_ideal_teste
ecomhub,e4634fc8-b175-4aa8-829f-84dee30b73b7,Creme bronzeador Ouhoe Shine Brown,shinebrown,3.7,60,0.9,1.5,ES / FR 2,https://api.ecomhub.app/public/products/featuredImage-1749432977764-86694cd1.jpg,https://app.ecomhub.app,7.2,preco_ideal_teste
ecomhub,e7a21085-7334-4ca8-885f-eb200ec7f5e9,Controle de jogo 4K,gamestic_gl69794,9.8,60,0.9,1.5,ES / FR 2,https://api.ecomhub.app/public/products/featuredImage-1747056990147-a22b8f61.png,https://app.ecomhub.app,7.2,preco_ideal_teste
ecomhub,8183cc4c-bdb3-4e63-8a7a-7e2c5266b5d2,Conjunto esportivo feminino Preto,conjuntonegro_15289,6.11,60,0.001,1.5,ES / FR 2,https://api.ecomhub.app/public/products/featuredImage-1733417772010-d5aaba3d.jpeg,https://app.ecomhub.app,7.2,preco_ideal_teste
dropipro,224,Cortador verduras 8in1,,5.99,58,0.42,,Dropi PRO ES,https://dropipro.com/storage/products/224/a6675d56e32ccdc2851031a06213e32a_2023-06-01-13-24-09.jpg,https://dropipro.com/app/products,7.16,"dropi_stock_baixo,preco_ideal_teste"
dropipro,2092,Dispositivo de ayuda para dormir,,10.29,57,0.33,,Dropi PRO ES,https://dropipro.com/storage/products/2092/DORMIR_1752591374.jpg,https://dropipro.com/app/products,7.14,"dropi_stock_baixo,preco_ideal_teste"
ecomhub,ae044c28-81d9-4a19-be69-d01fcabe2905,Tripé de alumínio 120cm,tripode1_gl69809,3.9,50,0.9,1.5,ES / FR 2,https://api.ecomhub.app/public/products/featuredImage-1747145998441-b9c8e331.png,https://app.ecomhub.app,7.0,preco_ideal_teste
ecomhub,667a0096-e544-4569-92f2-1b679bc7edff,Tábua para exercícios,pushup_13661,7.64,50,0.001,1.5,ES / FR 2,https://api.ecomhub.app/public/products/featuredImage-1733403030668-24bc6f17.jpeg,https://app.ecomhub.app,7.0,preco_ideal_teste
ecomhub,86fd6a15-2a0c-45ef-87a0-5f49e6c3699d,Fralda Dodot Splashers,dodotsplashers,6.2,50,0.001,1.5,ES / FR 2,https://api.ecomhub.app/public/products/featuredImage-1733228470545-8ac4d4d4.jpeg,https://app.ecomhub.app,7.0,preco_ideal_teste
ecomhub,8a9f1f51-4556-4b2c-8bb5-6f2ea9062403,Combo das Mangueiras Verde e Azul 30M,manguera-30m-verde,13.4,50,0.1,1.5,ES / FR 2,https://api.ecomhub.app/public/products/featuredImage-1744901454346-72ef6555.jpeg,https://app.ecomhub.app,7.0,
ecomhub,50be4fc3-2999-458e-bea5-a0be7cdf3cce,Smartwatch D11 Watch 4,smartwatc_w6-702,13.1,50,0.001,1.5,ES / FR 2,https://api.ecomhub.app/public/products/featuredImage-1737028618765-c74d9927.jpeg,https://app.ecomhub.app,7.0,
ecomhub,138357b1-e222-47b2-8078-24f3da81401b,Cinta modeladora,faja_14570,4.58,50,0.001,1.5,ES / FR 2,https://api.ecomhub.app/public/products/featuredImage-1733485335191-099e3e55.jpeg,https://app.ecomhub.app,7.0,preco_ideal_teste
ecomhub,ec11166e-4447-438c-abeb-36f6251e1cef,Kit de Corte de Cabelo Profissional Sem Fio Recarregável com Motor de 7000 RPM GreenLyca,afeitabuda_g-1002,5.55,50,0.001,1.5,ES / FR 2,https://api.ecomhub.app/public/products/featuredImage-1733420524769-0b94ba27.jpg,https://app.ecomhub.app,7.0,preco_ideal_teste
ecomhub,57f2def9-ba31-4aa1-8516-c378987bb390,combo 3 unidades Sabonete Compacto para Cabelos  Elimina Cabelos Brancos,jabon_15620,7.02,50,0.001,1.5,ES / FR 2,https://api.ecomhub.app/public/products/featuredImage-1751369480507-acc3c39c.jpg,https://app.ecomhub.app,7.0,preco_ideal_teste
ecomhub,79c258f4-e869-444d-8ab5-5b004cb85440,Aparelho de massagem com ventosa,cupping_15939,12.2,50,0.9,1.5,ES / FR 2,https://api.ecomhub.app/public/products/featuredImage-1765972181942-451bf20f.png,https://app.ecomhub.app,7.0,
ecomhub,97a307cd-424f-41e5-b5bb-591aeb4cdb26,Creme de Sangue de Dragão,cremacaradragon,4.5,50,0.2,1.5,ES / FR 2,https://api.ecomhub.app/public/products/featuredImage-1740072495099-06e17450.jpg,https://app.ecomhub.app,7.0,preco_ideal_teste
ecomhub,d9013303-630c-4008-8cbe-8ab4e949ecf1,Massageador Cervical Elétrico AORLIS,masajea_ao-78113,9.9,50,0.9,1.5,ES / FR 2,https://api.ecomhub.app/public/products/featuredImage-1771816805897-23153ff6.jpeg,https://app.ecomhub.app,7.0,preco_ideal_teste
ecomhub,34959efe-5352-4b0f-9399-edc0f91b2ad2,Lip Injection Glass Glow - Óleo Labial Voluminizador 12 ml,lipglow,4.8,50,0.001,1.5,ES / FR 2,https://api.ecomhub.app/public/products/featuredImage-1733313195522-3e3eb752.jpeg,https://app.ecomhub.app,7.0,preco_ideal_teste
ecomhub,ee2a0b9a-e6ed-45e1-be5b-409ede3292a5,Cinta Body com Fecho,bodycremallera_14595,6.11,50,0.001,1.5,ES / FR 2,https://api.ecomhub.app/public/products/featuredImage-1732884423447-3fdc9fce.jpg,https://app.ecomhub.app,7.0,preco_ideal_teste
ecomhub,b658270b-c16a-45d2-87c8-6e910a2e050c,combo 4 unidades Sabonete Compacto para Cabelos  Elimina Cabelos Brancos,jabon_15620,9.36,50,0.001,1.5,ES / FR 2,https://api.ecomhub.app/public/products/featuredImage-1751369500014-18a66682.jpg,https://app.ecomhub.app,7.0,preco_ideal_teste
ecomhub,3200919f-b403-4c43-ae06-5f0462e49088,Cinta com Efeito Sauna,fajasauna_14028,3.54,50,0.001,1.5,ES / FR 2,https://api.ecomhub.app/public/products/featuredImage-1732884237061-8b98fcb1.jpg,https://app.ecomhub.app,7.0,preco_ideal_teste
ecomhub,680dab15-e057-43c7-b511-36826e6a0317,Conjunto de joias de ouro aleatórias com pérolas,joyasdoper_15918,6.3,50,0.9,1.5,ES / FR 2,https://api.ecomhub.app/public/products/featuredImage-1775407577957-ce48d759.png,https://app.ecomhub.app,7.0,preco_ideal_teste
ecomhub,05523a8f-6342-4323-975c-b13378a43ec5,Conjunto esportivo feminino Cinza,conjuntogris_15289,6.11,50,0.001,1.5,ES / FR 2,https://api.ecomhub.app/public/products/featuredImage-1733417701356-c5211fde.jpeg,https://app.ecomhub.app,7.0,preco_ideal_teste
ecomhub,abe95e0d-1af4-4b4d-8ea2-22bb0b1306ae,Rosa LED,florcupula-una_15672,7.7,50,0.001,1.5,ES / FR 2,https://api.ecomhub.app/public/products/featuredImage-1737036342874-4316134e.jpeg,https://app.ecomhub.app,7.0,preco_ideal_teste
ecomhub,1674c99a-b08e-471c-8cf1-431c5e11f4b1,Picador de Legumes 14 em 1,veggieslic_14228,10.7,50,0.001,1.5,ES / FR 2,https://api.ecomhub.app/public/products/featuredImage-1754585377697-4c385d64.png,https://app.ecomhub.app,7.0,
ecomhub,66aa5918-27e7-4221-896c-10e837226d9b,FT80 Smart Watch,ft80,7.7,50,0.2,1.5,ES / FR 2,https://api.ecomhub.app/public/products/featuredImage-1740071901167-e9e1aa24.jpg,https://app.ecomhub.app,7.0,preco_ideal_teste
ecomhub,96416769-e75c-413f-b35a-e1d78f3bf43e,Colar 7 Trevo,collar7trebol_rojo,4.07,50,0.001,1.5,ES / FR 2,https://api.ecomhub.app/public/products/featuredImage-1733929052751-6e2297be.png,https://app.ecomhub.app,7.0,preco_ideal_teste
ecomhub,7d68c36f-23a4-4c67-9f02-887bd69c7a9d,Gel Roller para Olheiras,gelrollerojos_6040,4.07,50,0.001,1.5,ES / FR 2,https://api.ecomhub.app/public/products/featuredImage-1733407366723-a12a6c2a.jpg,https://app.ecomhub.app,7.0,preco_ideal_teste
ecomhub,b9c8dea9-a427-4a5f-8c15-bfae354da217,Mini Consola de Jogos Retro para TV,miniretro_14800,9.7,50,0.001,1.5,ES / FR 2,https://api.ecomhub.app/public/products/featuredImage-1737125171650-f23e6732.jpeg,https://app.ecomhub.app,7.0,preco_ideal_teste
ecomhub,4b786f80-01a8-453b-9c6a-5522b024d99e,Mangueira de jardim expansível de 15 m - Flexibilidade e potência em cada rega,manguera15_13560,5.65,50,0.9,1.5,ES / FR 2,https://api.ecomhub.app/public/products/featuredImage-1771871808378-32f1fa8e.png,https://app.ecomhub.app,7.0,preco_ideal_teste
dropipro,1406,Cámara de videollamada bidireccional,,17.99,148,0.47,,Dropi PRO ES,https://dropipro.com/storage/products/1406/CAMARA_2024-10-30-18-12-35.jpg,https://dropipro.com/app/products,6.96,dropi_stock_baixo
dropipro,165,Rodillo Quitapelos mascotas con luz LED,,5.0,48,0.45,,Dropi PRO ES,https://dropipro.com/storage/products/165/BN4704-11_2023-02-28-16-54-39.jpg,https://dropipro.com/app/products,6.96,"dropi_critico,preco_ideal_teste"
dropipro,1351,Fiambrera Electrica 40w rosa con enchufe casa,,6.49,46,0.86,,Dropi PRO ES,https://dropipro.com/storage/products/1351/WechatIMG1647_2024-09-17-11-40-15.jpg,https://dropipro.com/app/products,6.92,"dropi_critico,preco_ideal_teste"
dropipro,1350,Fiambrera Electrica 40w azul con enchufe casa,,6.49,46,0.86,,Dropi PRO ES,https://dropipro.com/storage/products/1350/WechatIMG1647_2024-09-17-11-40-15.jpg,https://dropipro.com/app/products,6.92,"dropi_critico,preco_ideal_teste"
dropipro,1839,Lámpara telescópica 5M para acampada,,18.99,142,1.3,,Dropi PRO ES,https://dropipro.com/storage/products/1839/WechatIMG2028_1740073157.jpg,https://dropipro.com/app/products,6.84,dropi_stock_baixo
dropipro,1472,Dispositivo antiasfixia,,6.49,41,0.44,,Dropi PRO ES,https://dropipro.com/storage/products/1472/ASF_2024-11-13-12-24-45.jpg,https://dropipro.com/app/products,6.82,"dropi_critico,preco_ideal_teste"
dropipro,1847,Masajeador muscular con mango extencion,,17.99,141,1.2,,Dropi PRO ES,https://dropipro.com/storage/products/1847/MASAJEADOR_1740130360.jpg,https://dropipro.com/app/products,6.82,dropi_stock_baixo
ecomhub,d40c5b79-37bc-4465-bce7-61bb0161a4b1,Luzes Decorativas Hexagonais,luceshexag_15093,7.7,40,0.001,1.5,ES / FR 2,https://api.ecomhub.app/public/products/featuredImage-1737036767403-9bf26b11.jpeg,https://app.ecomhub.app,6.8,preco_ideal_teste
ecomhub,bdf1bd4d-3e46-42fe-9365-23b8f06db52a,Conjunto de chaves de fenda 31 em 1,desto31en1_g-1230,7.13,40,0.001,1.5,ES / FR 2,https://api.ecomhub.app/public/products/featuredImage-1733487310229-fa4c894d.jpeg,https://app.ecomhub.app,6.8,preco_ideal_teste
ecomhub,167c5a88-a916-465c-abff-16e33d2f33d8,Pelúcia com Respiração e Música Relaxante,otto-rosa_15661,7.7,40,0.001,1.5,ES / FR 2,https://api.ecomhub.app/public/products/featuredImage-1737051274796-76f6fa7c.jpeg,https://app.ecomhub.app,6.8,preco_ideal_teste
ecomhub,c6ca7292-4e12-466f-8b29-b91c1d762517,Masajeador 3 em 1 anticelulítico,celul4en1_14448,9.68,40,0.001,1.5,ES / FR 2,https://api.ecomhub.app/public/products/featuredImage-1732816020855-5806986c.jpeg,https://app.ecomhub.app,6.8,preco_ideal_teste
ecomhub,f246669a-692c-40ac-a0bc-85b80470031c,Pista Montável Espaço,pistrmabl_14830,8.15,40,0.001,1.5,ES / FR 2,https://api.ecomhub.app/public/products/featuredImage-1732799447223-925924f5.jpg,https://app.ecomhub.app,6.8,preco_ideal_teste
ecomhub,e24194a7-fb93-4cb6-b970-1867f656aa8b,Conjunto de cozinha profissional com acessório de silicone 22,setcocina_16035,8.9,40,0.9,1.5,ES / FR 2,https://api.ecomhub.app/public/products/featuredImage-1776462672168-592f9db1.png,https://app.ecomhub.app,6.8,preco_ideal_teste
ecomhub,4bd1cb68-e4af-44e7-8e58-0d6c0572c1e5,Escova de Lavagem para Carros,cepillo_15406,13.25,40,0.001,1.5,ES / FR 2,https://api.ecomhub.app/public/products/featuredImage-1733405214936-337a11fe.jpg,https://app.ecomhub.app,6.8,
ecomhub,edfcacf1-792a-468f-acba-338908bed5fc,Conjunto esportivo feminino Vermelho,conjuntorojo_15289,5.59,40,0.001,1.5,ES / FR 2,https://api.ecomhub.app/public/products/featuredImage-1733417890367-4e8ae23b.jpeg,https://app.ecomhub.app,6.8,preco_ideal_teste
ecomhub,896eda93-44d2-48e3-8020-6015454140f8,Luz Solar para Jardim,luzjard_ab-ta125,5.09,40,0.001,1.5,ES / FR 2,https://api.ecomhub.app/public/products/featuredImage-1732881576704-0ee8c3c0.jpg,https://app.ecomhub.app,6.8,preco_ideal_teste
ecomhub,e6a177ad-dd25-45a5-9236-568adc5067c4,Relógio Mecânico Tokdis,relojtokdis-negro_14866,12.7,40,0.001,1.5,ES / FR 2,https://api.ecomhub.app/public/products/featuredImage-1737038022682-7e986ec6.jpeg,https://app.ecomhub.app,6.8,
ecomhub,2e74c085-eef5-40bc-87f7-334c1d53f7ac,Inflador Automático de Pneus JN-058,hinchador_jn-058,10.19,40,0.001,1.5,ES / FR 2,https://api.ecomhub.app/public/products/featuredImage-1733747352127-f9244311.jpg,https://app.ecomhub.app,6.8,preco_ideal_teste
ecomhub,527365ea-e27d-44ff-8b35-cc1f137b906b,Mini Ar Condicionado Ventilador,miniventila_14944,7.13,40,0.001,1.5,ES / FR 2,https://api.ecomhub.app/public/products/featuredImage-1733500640109-8934f2e2.jpeg,https://app.ecomhub.app,6.8,preco_ideal_teste
ecomhub,48b05790-f2c8-468f-b410-ec207c36731f,Compressor Automático de Rodas,hinchador_jn-058,10.19,40,0.001,1.5,ES / FR 2,https://api.ecomhub.app/public/products/featuredImage-1732799118486-01f85706.jpg,https://app.ecomhub.app,6.8,preco_ideal_teste
ecomhub,e6fab41d-3c24-4a79-866d-60674f356670,Travesseiro de viagem multifuncional ergonômico 3 em 1,almohada3e_14902,12.3,40,0.9,1.5,ES / FR 2,https://api.ecomhub.app/public/products/featuredImage-1769190279940-a8fe9c77.png,https://app.ecomhub.app,6.8,
ecomhub,0c7e4947-1a13-42df-bb70-b55dd60da64f,Mini Embaladora mais 20 Bolsas,vaciocon_20bolsa,10.19,40,0.001,1.5,ES / FR 2,https://api.ecomhub.app/public/products/featuredImage-1733753075773-7e6b94d4.jpg,https://app.ecomhub.app,6.8,preco_ideal_teste
ecomhub,15d099be-4c3a-4eab-9bc9-b4f93d6fb279,Máquina de fazer cubos de gelo 2 em 1 com bandeja e tampa,hielomold_15817,7.15,40,0.9,1.5,ES / FR 2,https://api.ecomhub.app/public/products/featuredImage-1753213758687-4230af50.png,https://app.ecomhub.app,6.8,preco_ideal_teste
dropipro,499,Masajeador de hombros ajustables con calefacción y vibración,,5.99,36,0.19,,Dropi PRO ES,https://dropipro.com/storage/products/499/24086_2024-01-27-20-04-44.jpg,https://dropipro.com/app/products,6.72,"dropi_critico,preco_ideal_teste"
dropipro,159,Cortapelo para Mascota,,9.5,34,0.87,,Dropi PRO ES,https://dropipro.com/storage/products/159/BN4709-2_2023-02-28-16-35-02.jpg,https://dropipro.com/app/products,6.68,"dropi_critico,preco_ideal_teste"
dropipro,519,Chaleco autocalentable Unisex talla unico,,5.45,31,0.45,,Dropi PRO ES,https://dropipro.com/storage/products/519/41nUcURKp2L_2024-01-30-15-22-41._AC_.jpg,https://dropipro.com/app/products,6.62,"dropi_critico,preco_ideal_teste"
ecomhub,9d5d33b3-5dcb-4d87-9629-34a21f2164da,Espelho Organizador,espejoorganizado_14084,9.17,30,0.001,1.5,ES / FR 2,https://api.ecomhub.app/public/products/featuredImage-1733418209365-f461f048.jpeg,https://app.ecomhub.app,6.6,preco_ideal_teste
ecomhub,025a0888-bb9e-4c80-bf91-ae3863689f2a,Óculos Zoom com Graduação,gafas1.00,3.56,30,0.001,1.5,ES / FR 2,https://api.ecomhub.app/public/products/featuredImage-1733927518088-cdebadf8.jpg,https://app.ecomhub.app,6.6,preco_ideal_teste
ecomhub,a17eae4b-8315-46b1-9fa4-f2cd2d2cbea5,Audífono Amplificador,audifono_15516,9.6,30,0.001,1.5,ES / FR 2,https://api.ecomhub.app/public/products/featuredImage-1746241266205-24e83d7e.jpeg,https://app.ecomhub.app,6.6,preco_ideal_teste
ecomhub,0f27df8e-3647-4731-b1c3-253be39303fa,Bandanas  elásticas para ginástica,resistance_14230,4.58,30,0.001,1.5,ES / FR 2,https://api.ecomhub.app/public/products/featuredImage-1733401880531-ec2cbee7.jpeg,https://app.ecomhub.app,6.6,preco_ideal_teste
ecomhub,e782ff6b-c013-421b-b047-e6bcf1ed23b2,Dosador de massa profissional para pastelaria e padaria,dispensado_14169,9.9,30,0.9,1.5,ES / FR 2,https://api.ecomhub.app/public/products/featuredImage-1775770660279-77e6063f.png,https://app.ecomhub.app,6.6,preco_ideal_teste
ecomhub,16fa9c33-345c-42b5-bf15-379c98fc8528,Escova de Limpeza Elétrica,autolimpia_14951,4.58,30,0.001,1.5,ES / FR 2,https://api.ecomhub.app/public/products/featuredImage-1734036740452-f1472cb5.JPG,https://app.ecomhub.app,6.6,preco_ideal_teste
ecomhub,0718ee83-47de-4f7a-be20-15d2bca4ed21,Máquina de gelo 2 em 1 com bandeja e tampa - prática - moderna e eficiente,icebox_15816,7.5,30,0.9,1.5,ES / FR 2,https://api.ecomhub.app/public/products/featuredImage-1753212148319-9665123e.png,https://app.ecomhub.app,6.6,preco_ideal_teste
ecomhub,a5e17c5c-31e5-4624-bc83-7598d904127a,Rolo de pintura,setrodilpintura_14048,6.16,30,0.001,1.5,ES / FR 2,https://api.ecomhub.app/public/products/featuredImage-1733760305228-f1eb7961.jpeg,https://app.ecomhub.app,6.6,preco_ideal_teste
ecomhub,3c480eb4-5cda-4ac8-926d-374afd313c5b,Sapateira para 30 pares,zapatero_14654,9.17,30,0.001,1.5,ES / FR 2,https://api.ecomhub.app/public/products/featuredImage-1733935637740-c56d020d.jpeg,https://app.ecomhub.app,6.6,preco_ideal_teste
ecomhub,e60b301b-a58f-4ba4-8893-f551518f59ec,Luz LED Hexagonal - Conjunto de 3 Unidades,3udhexagonoluz_w7-99,8.15,30,0.001,1.5,ES / FR 2,https://api.ecomhub.app/public/products/featuredImage-1733484900462-53c8f181.jpeg,https://app.ecomhub.app,6.6,preco_ideal_teste
ecomhub,0683df05-459e-410c-a56f-7d7b452678f3,Aquecedor Elétrico Portátil 1000W 110-220V com Controle Remoto,heatcue_15266,12.7,30,0.9,1.5,ES / FR 2,https://api.ecomhub.app/public/products/featuredImage-1759509378745-139b1cb4.png,https://app.ecomhub.app,6.6,
ecomhub,9373f215-764b-44d2-95ef-4a6248ff7a2d,Luz de preenchimento LED de 25 W - 30 cm - 3 temperaturas de cor -controle central,luz30cm_gl70202,4.8,30,0.9,1.5,ES / FR 2,https://api.ecomhub.app/public/products/featuredImage-1765391168829-c8bec45c.png,https://app.ecomhub.app,6.6,preco_ideal_teste
ecomhub,4d600f40-a439-4354-846a-cc1bb792dd36,Cinta Modeladora Preta,fajamolblack_13490xl,4.53,30,0.001,1.5,ES / FR 2,https://api.ecomhub.app/public/products/featuredImage-1753384201260-59b33924.png,https://app.ecomhub.app,6.6,preco_ideal_teste
ecomhub,c4222f25-de34-426b-a731-dfd44f6f7b3a,Set 4 Recipientes de Armazenamento Fresco com Colador e Tampa Hermética,tuper_15572,11.6,30,0.001,1.5,ES / FR 2,https://api.ecomhub.app/public/products/featuredImage-1733313917629-167ecdb2.jpeg,https://app.ecomhub.app,6.6,
ecomhub,8ca89725-1b9d-419e-9e40-ec1340622832,Cortador de unhas para bebês,bebeunas_15412rosa,3.56,30,0.001,1.5,ES / FR 2,https://api.ecomhub.app/public/products/featuredImage-1732793577926-b1202155.jpg,https://app.ecomhub.app,6.6,preco_ideal_teste
dropipro,199,Rallador de verdura 3in1,,6.65,27,0.98,,Dropi PRO ES,https://dropipro.com/storage/products/199/712jOL51ShL_2024-01-18-13-10-16._AC_SL1500_.jpg,https://dropipro.com/app/products,6.54,"dropi_critico,preco_ideal_teste"
dropipro,504,Mini Plancha 2en1,,7.49,25,0.4,,Dropi PRO ES,https://dropipro.com/storage/products/504/_20240129165032_2024-01-29-17-02-42.jpg,https://dropipro.com/app/products,6.5,"dropi_critico,preco_ideal_teste"
dropipro,2358,Mini lavadora portatil recargables,,9.49,23,0.79,,Dropi PRO ES,https://dropipro.com/storage/products/2358/LAVADORA_1763398836.jpg,https://dropipro.com/app/products,6.46,"dropi_critico,preco_ideal_teste"
dropipro,610,Tablero Multifuncional Tipo De Cajón,,5.95,21,1.14,,Dropi PRO ES,https://dropipro.com/storage/products/610/TABLA_2024-03-07-17-18-34.jpg,https://dropipro.com/app/products,6.42,"dropi_critico,preco_ideal_teste"
dropipro,841,Mini aire acondicionado portátil,,5.25,20,0.41,,Dropi PRO ES,https://dropipro.com/storage/products/841/WechatIMG19_2024-05-27-14-57-19.jpg,https://dropipro.com/app/products,6.4,"dropi_critico,preco_ideal_teste"
ecomhub,d20f04be-a5ab-481f-a007-7b7f49a7ad99,Combo de Shorts de Yoga Rosa e Cinta Corset Redutor,fajareduc_15237,6.28,20,0.001,1.5,ES / FR 2,https://api.ecomhub.app/public/products/featuredImage-1753723602101-51f1878f.jpeg,https://app.ecomhub.app,6.4,preco_ideal_teste
ecomhub,4a5e6803-780b-4309-b0ab-2317e3ce89b8,Cinta Redutora,fajared_13710,3.76,20,0.011,1.5,ES / FR 2,https://api.ecomhub.app/public/products/featuredImage-1733924081272-16177a91.jpeg,https://app.ecomhub.app,6.4,preco_ideal_teste
ecomhub,adb1c573-4dbe-4aaf-b5a5-29d33da310cd,Fone Airpods Max pRETO,EMAirPodsMaxNegro,10.5,20,0.001,1.5,Espanha 1,https://api.ecomhub.app/public/products/featuredImage-1718626725734-5524c313.jpg,https://app.ecomhub.app,6.4,preco_ideal_teste
ecomhub,f332cbcd-17f0-4b4c-9381-8273745cfbc2,Kit de Tapetes de carro universais e Cinta Suporte Lombar,ycsoportelumbar_14484,8.48,20,0.001,1.5,ES / FR 2,https://api.ecomhub.app/public/products/featuredImage-1760619956197-11a0e51b.jpeg,https://app.ecomhub.app,6.4,preco_ideal_teste
ecomhub,aaff0bbe-4523-4be7-85ec-54274d1f04dd,Microfone de lapela sem fio universal 3 em 1,micro3n1_gl69666,8.9,20,0.9,1.5,ES / FR 2,https://api.ecomhub.app/public/products/featuredImage-1776437368867-5ebf3538.png,https://app.ecomhub.app,6.4,preco_ideal_teste
ecomhub,50347e3b-8917-4ade-8afc-82447bddee57,Combo de 2 unidades da Cinta Suporte Lombar,ycsoportelumbar_14484,6.76,20,0.001,1.5,ES / FR 2,https://api.ecomhub.app/public/products/featuredImage-1753874201559-3247b5fe.png,https://app.ecomhub.app,6.4,preco_ideal_teste
ecomhub,f8d74992-9456-4f75-8bac-d9009493fe35,Combo de Shorts de Yoga Amarelo e Cinta Corset Redutor,fajareduc_15237,6.28,20,0.001,1.5,ES / FR 2,https://api.ecomhub.app/public/products/featuredImage-1753723523020-5e768f29.jpeg,https://app.ecomhub.app,6.4,preco_ideal_teste
ecomhub,fe5ac72b-be12-4be0-82e7-eabdef6f941e,Luz RGB aquático,luzacuatico_13811,4.07,20,0.001,1.5,ES / FR 2,https://api.ecomhub.app/public/products/featuredImage-1733488383338-a8c7834b.jpeg,https://app.ecomhub.app,6.4,preco_ideal_teste
ecomhub,88e9fcd7-b126-4bfd-8e76-a407533a9693,Mini Caixa de som,minialtavoz,10.0,20,0.2,1.5,Espanha 1,https://api.ecomhub.app/public/products/featuredImage-1775816438442-517f597b.jpg,https://app.ecomhub.app,6.4,preco_ideal_teste
ecomhub,62489e2b-04f5-4871-bfd1-950c6e26b7dc,Ventilador de Pescoço,cuelloventi_gl69295,8.66,20,0.001,1.5,ES / FR 2,https://api.ecomhub.app/public/products/featuredImage-1733491058112-7c3d681f.jpeg,https://app.ecomhub.app,6.4,preco_ideal_teste
ecomhub,b132b04d-bd07-4e94-b809-e492d144210b,Console de Jogos Game Pad - 500 Jogos Clássicos,gamepad_15213,10.7,20,0.001,1.5,ES / FR 2,https://api.ecomhub.app/public/products/featuredImage-1733400969891-97a19139.jpeg,https://app.ecomhub.app,6.4,
ecomhub,b1efab7b-77ab-47ec-9c12-f70f4ddfd652,Combo de Shorts de Yoga Verde e Cinta Corset Redutor,fajareduc_15237,6.28,20,0.001,1.5,ES / FR 2,https://api.ecomhub.app/public/products/featuredImage-1753722656223-e8eb094c.jpeg,https://app.ecomhub.app,6.4,preco_ideal_teste
ecomhub,e9c8eaf3-0ca0-4c34-b4d5-d9d9a7065bba,Cortador de Pelo Recarregável para Animais,cortapelo_q-t180,12.7,20,0.001,1.5,ES / FR 2,https://api.ecomhub.app/public/products/featuredImage-1739973399228-a7570711.jpeg,https://app.ecomhub.app,6.4,
ecomhub,2b073383-73a3-441d-a552-1cb3ba9979a5,Massageador Antirrugas com Rolo 3D Integrado,cuello_16113,4.0,20,0.9,1.5,ES / FR 2,https://api.ecomhub.app/public/products/featuredImage-1776043995908-d691a89f.png,https://app.ecomhub.app,6.4,preco_ideal_teste
ecomhub,03f809d6-4ba6-4adc-a57c-93bc6f1b893f,Combo de 2 Cintas e 2 Shorts Yoga Preto,fajareduc_15237,12.56,20,0.001,1.5,ES / FR 2,https://api.ecomhub.app/public/products/featuredImage-1751369848740-075f27e2.jpeg,https://app.ecomhub.app,6.4,
ecomhub,bb1d01b2-6551-452e-81bd-b07dae4c9a08,Conjunto de cílios postiços profissionais iLady Beauty Brow Bar,pesta_16020,4.2,20,0.9,1.5,ES / FR 2,https://api.ecomhub.app/public/products/featuredImage-1765409203615-3e50eb87.png,https://app.ecomhub.app,6.4,preco_ideal_teste
ecomhub,c06a3ddc-4758-4613-a3b6-7d2fa29af53f,Tratamento Corporal Preenchedor com Ácido Hialurônico,retinolacido,6.0,20,0.001,1.5,ES / FR 2,https://api.ecomhub.app/public/products/featuredImage-1737117988806-f8b62f64.jpeg,https://app.ecomhub.app,6.4,preco_ideal_teste
ecomhub,3f68a411-c656-49a1-a098-8dfadfc7daac,Lâmpada de Lava,motionlamp-azul_15441,10.1,20,0.001,1.5,ES / FR 2,https://api.ecomhub.app/public/products/featuredImage-1736962265384-780fb334.jpeg,https://app.ecomhub.app,6.4,preco_ideal_teste
ecomhub,eb1f9a84-bc21-46d8-92c0-72d55d4c3a4d,Afeitadora Surker,surker_14797,6.62,20,0.001,1.5,ES / FR 2,https://api.ecomhub.app/public/products/featuredImage-1733497247844-5f065c4e.jpg,https://app.ecomhub.app,6.4,preco_ideal_teste
ecomhub,fea7e0e0-3332-40e9-84d9-922cd4caa949,Base com Colágeno,basecolageno_0527,5.09,20,0.001,1.5,ES / FR 2,https://api.ecomhub.app/public/products/featuredImage-1746721229983-96c8e7f6.jpeg,https://app.ecomhub.app,6.4,preco_ideal_teste
ecomhub,a7d17b81-e614-453d-93ba-32baeaeae0d7,Secador de sapatos,calentadorzapato_15416,9.73,20,0.001,1.5,ES / FR 2,https://api.ecomhub.app/public/products/featuredImage-1733762677587-a7e53878.jpeg,https://app.ecomhub.app,6.4,preco_ideal_teste
ecomhub,a4114b1e-bf1a-430e-a5b9-ef5c2e107409,Removedor Sônico de Pelos de Animais,pelossonic_14244,7.1,20,0.9,1.5,ES / FR 2,https://api.ecomhub.app/public/products/featuredImage-1776256330694-35ed88cb.png,https://app.ecomhub.app,6.4,preco_ideal_teste
ecomhub,7c94a6ac-eaba-405b-9f9a-2084725e5ef0,Máquina de cortar cabelo masculina 1200mAh,maquinill_g-1001,5.3,20,0.9,1.5,ES / FR 2,https://api.ecomhub.app/public/products/featuredImage-1747145613260-2dabe016.jpeg,https://app.ecomhub.app,6.4,preco_ideal_teste
ecomhub,fda7aa19-0710-446e-bf83-f3a64639c913,Combo 2 Meias Térmicas,calcetines15267,4.06,20,0.001,1.5,ES / FR 2,https://api.ecomhub.app/public/products/featuredImage-1766777253276-f898642d.jpeg,https://app.ecomhub.app,6.4,preco_ideal_teste
dropipro,2473,Secadora de ropa eléctrica portátil,,10.99,17,1.24,,Dropi PRO ES,https://dropipro.com/storage/products/2473/WechatIMG2456_1765909003.jpg,https://dropipro.com/app/products,6.34,"dropi_critico,preco_ideal_teste"
dropipro,1,Smartwatch PRO Negro,,8.95,15,0.31,,Dropi PRO ES,https://dropipro.com/storage/products/1/smartwatch_negr_02-11-2022.jpg,https://dropipro.com/app/products,6.3,"dropi_critico,preco_ideal_teste"
dropipro,1631,"Mini cámara con pantalla CMOS de 0,96 pulgadas",,15.49,114,0.06,,Dropi PRO ES,https://dropipro.com/storage/products/1631/24487_1734978775.jpg,https://dropipro.com/app/products,6.28,dropi_stock_baixo
dropipro,2479,Zapatero de plástico de 8 niveles con puerta,,10.99,13,2.0,,Dropi PRO ES,https://dropipro.com/storage/products/2479/ZAPA_1765910830.JPG,https://dropipro.com/app/products,6.26,"dropi_critico,preco_ideal_teste"
dropipro,59,Sartén huevos 4 en 1,,5.49,13,0.77,,Dropi PRO ES,https://dropipro.com/storage/products/59/sarten_4_1_07-11-2022.jpg,https://dropipro.com/app/products,6.26,"dropi_critico,preco_ideal_teste"
dropipro,1846,Calentador de pies eléctrico,,16.99,111,0.75,,Dropi PRO ES,https://dropipro.com/storage/products/1846/ZAPATO_1740130051.jpg,https://dropipro.com/app/products,6.22,dropi_stock_baixo
dropipro,1108,Linterna alta potencia impermeable con zoom,,5.49,10,0.0,,Dropi PRO ES,https://dropipro.com/storage/products/1108/linternazom_2024-08-24-13-50-14.jpg,https://dropipro.com/app/products,6.2,"dropi_critico,preco_ideal_teste"
dropipro,1886,Cortasetos y desbrozadora 2 en 1 sin Cable,,24.99,110,1.64,,Dropi PRO ES,https://dropipro.com/storage/products/1886/signal-2025-11-17-160838_1763392164.jpeg,https://dropipro.com/app/products,6.2,dropi_stock_baixo
ecomhub,46b9f5c1-2922-4739-b9cd-d3670d79cc9c,Combo 3 Cintas e 1 Short Yoga Preto,fajareduc_15237,11.74,10,0.001,1.5,ES / FR 2,https://api.ecomhub.app/public/products/featuredImage-1751369443527-d0586845.jpeg,https://app.ecomhub.app,6.2,
ecomhub,b5faca2d-294c-483e-80b0-b4c13bb66e66,X8 Smart Watch Waterproof,relojx8-negro-v_8313,12.7,10,0.001,1.5,ES / FR 2,https://api.ecomhub.app/public/products/featuredImage-1737724208529-392e06a6.jpeg,https://app.ecomhub.app,6.2,
ecomhub,61ad51ba-8854-4f07-b95d-79c2381d15a1,Joalheira Autocalentável,calientarodilla_14900,8.67,10,0.001,1.5,ES / FR 2,https://api.ecomhub.app/public/products/featuredImage-1733927969267-f5275748.jpeg,https://app.ecomhub.app,6.2,preco_ideal_teste
ecomhub,12dd9451-1f4b-4267-a6ad-31f585468c13,Combo de Shorts de Yoga Preto e Cinta Corset Redutor,yogashorts_negro,6.28,10,0.1,1.5,ES / FR 2,https://api.ecomhub.app/public/products/featuredImage-1760360402222-2c286656.png,https://app.ecomhub.app,6.2,preco_ideal_teste
ecomhub,04358604-3965-435f-922f-6476270d713e,Creme de veneno de abelha para aliviar articulações e ossos,cremabeevenom,4.2,10,0.9,1.5,ES / FR 2,https://api.ecomhub.app/public/products/featuredImage-1751120257276-0ec9809b.jpg,https://app.ecomhub.app,6.2,preco_ideal_teste
ecomhub,efe1dda5-7222-4c95-aa16-7fd9571e9e99,Ventilador de teto LED multifuncional com controle remoto,ventitecho_15849,8.1,10,0.9,1.5,ES / FR 2,https://api.ecomhub.app/public/products/featuredImage-1750078335767-46c14256.png,https://app.ecomhub.app,6.2,preco_ideal_teste
ecomhub,2ea83be4-1d1a-40b1-a1d6-6341024898be,Combo de 1 Cinta e 1 Short Yoga Preto,fajareduc_15237,6.28,10,0.001,1.5,ES / FR 2,https://api.ecomhub.app/public/products/featuredImage-1751369814634-92a1a42d.jpeg,https://app.ecomhub.app,6.2,preco_ideal_teste
ecomhub,9f51df59-2fe1-4545-a826-579e5cf8a160,Massageador de pés elétrico EMS,EM00002,4.75,10,0.001,1.5,Espanha 1,https://api.ecomhub.app/public/products/featuredImage-1718457191992-f36467ad.jpg,https://app.ecomhub.app,6.2,preco_ideal_teste
ecomhub,a712ed84-76e7-4ad3-9205-57e28abf72ba,Combo de Shorts de Yoga Cinza e Cinta Corset Redutor,yogashorts_grey,6.28,10,0.001,1.5,ES / FR 2,https://api.ecomhub.app/public/products/featuredImage-1753723558631-94b52be2.jpeg,https://app.ecomhub.app,6.2,preco_ideal_teste
ecomhub,30f240fb-544c-43f5-9d5a-e650da0fc648,Porta-bebés Multifuncional,portabebe_15377rosa,3.55,10,0.001,1.5,ES / FR 2,https://api.ecomhub.app/public/products/featuredImage-1738589217409-3807fcbf.jpeg,https://app.ecomhub.app,6.2,preco_ideal_teste
ecomhub,a7feb59e-d377-4466-9ace-843b616c2093,Combo de 3 Meias Térmicas,calcetines15267,6.09,10,0.001,1.5,ES / FR 2,https://api.ecomhub.app/public/products/featuredImage-1752159405500-3ed29337.png,https://app.ecomhub.app,6.2,preco_ideal_teste
dropipro,1550,Cuchillo de chef profesional japonés,,6.49,9,0.57,,Dropi PRO ES,https://dropipro.com/storage/products/1550/CUCHI_2024-11-22-14-00-47.jpg,https://dropipro.com/app/products,6.18,"dropi_critico,preco_ideal_teste"
dropipro,1394,Walkie-Talkie para niños recargables 2pcs,,16.99,109,0.39,,Dropi PRO ES,https://dropipro.com/storage/products/1394/713DexMChL_2024-10-30-16-07-34._AC_SX679_.jpg,https://dropipro.com/app/products,6.18,dropi_stock_baixo
dropipro,1627,Teléfono plegable con doble pantalla  i16 Pro oro,,14.49,9,0.36,,Dropi PRO ES,https://dropipro.com/storage/products/1627/moviloro_1734974810.jpg,https://dropipro.com/app/products,6.18,dropi_critico
dropipro,1837,Pulidora para coche 12V,,32.99,108,1.87,,Dropi PRO ES,https://dropipro.com/storage/products/1837/PULI_1740071922.jpg,https://dropipro.com/app/products,6.16,dropi_stock_baixo
dropipro,611,Escurridor para platos y vasos,,5.95,7,0.56,,Dropi PRO ES,https://dropipro.com/storage/products/611/escurreplatos-escurridor-para-platos-y-vasos-draining-board_2024-03-07-17-28-15.jpg,https://dropipro.com/app/products,6.14,"dropi_critico,preco_ideal_teste"
dropipro,1535,Juego de mesa y silla con bloques de construcion 120 pcs,,13.99,6,1.22,,Dropi PRO ES,https://dropipro.com/storage/products/1535/JUEGO120_2024-11-20-13-05-48.jpg,https://dropipro.com/app/products,6.12,dropi_critico
dropipro,799,Cortapelo 3in1,,6.8,6,0.31,,Dropi PRO ES,https://dropipro.com/storage/products/799/WechatIMG1288_2024-04-30-13-28-04.jpg,https://dropipro.com/app/products,6.12,"dropi_critico,preco_ideal_teste"
dropipro,2489,Detector de radar de velocidad,,6.99,4,0.34,,Dropi PRO ES,https://dropipro.com/storage/products/2489/rada_1766406349.jpg,https://dropipro.com/app/products,6.08,"dropi_critico,preco_ideal_teste"
dropipro,2476,Nebulizador portátil para adultos y niños,,7.49,4,0.46,,Dropi PRO ES,https://dropipro.com/storage/products/2476/ATOMISA_1765909609.jpg,https://dropipro.com/app/products,6.08,"dropi_critico,preco_ideal_teste"
dropipro,2362,Intercomunicador bluetooth para motocicletas,,9.99,4,0.39,,Dropi PRO ES,https://dropipro.com/storage/products/2362/AURICULAR_1763400614.jpg,https://dropipro.com/app/products,6.08,"dropi_critico,preco_ideal_teste"
dropipro,1533,Escritorio de aprendizaje para niños unicornio azul,,5.59,3,0.45,,Dropi PRO ES,https://dropipro.com/storage/products/1533/PROYEC_2024-11-19-19-52-33.jpg,https://dropipro.com/app/products,6.06,"dropi_critico,preco_ideal_teste"
dropipro,557,Ducha portátil recargable,,11.95,3,0.53,,Dropi PRO ES,https://dropipro.com/storage/products/557/61Bh1H--urL_2024-02-08-14-22-47._AC_SL1500_.jpg,https://dropipro.com/app/products,6.06,"dropi_critico,preco_ideal_teste"
dropipro,1534,Juego de mesa y silla con bloques de construcion 63 pcs,,13.99,3,1.23,,Dropi PRO ES,https://dropipro.com/storage/products/1534/JUEGO63_2024-11-20-13-03-39.JPG,https://dropipro.com/app/products,6.06,dropi_critico
dropipro,2065,Masajeador de cabello con luz roja,,13.99,2,0.68,,Dropi PRO ES,https://dropipro.com/storage/products/2065/CEPILLOOO_1765561035.jpg,https://dropipro.com/app/products,6.04,dropi_critico
dropipro,997,Depiladora de laser IPL PRO,,14.95,2,0.73,,Dropi PRO ES,https://dropipro.com/storage/products/997/depirad_2024-07-25-19-50-49.jpg,https://dropipro.com/app/products,6.04,dropi_critico
dropipro,2249,Creatina para Mujeres,,7.99,1,0.23,,Dropi PRO ES,https://dropipro.com/storage/products/2249/pagina-4_optimized_1757169421.jpg,https://dropipro.com/app/products,6.02,"dropi_critico,preco_ideal_teste"
dropipro,2329,Levanta Cola - Beige/S,,9.99,0,0.31,,Dropi PRO ES,https://dropipro.com/storage/products/2329/Disenosintitulo_1762726480.jpg,https://dropipro.com/app/products,6.0,"dropi_critico,preco_ideal_teste"
dropipro,2371,"Suplemento de creatina para mujer - para crecimiento muscular magro, recuperación",,6.99,0,0.52,,Dropi PRO ES,https://dropipro.com/storage/products/2371/WechatIMG2378_1763553414.jpg,https://dropipro.com/app/products,6.0,"dropi_critico,preco_ideal_teste"
dropipro,947,Ventilador Coche Doble Cabeza USB,,6.05,0,0.68,,Dropi PRO ES,https://dropipro.com/storage/products/947/ventilador_2024-07-16-16-52-05.jpg,https://dropipro.com/app/products,6.0,"dropi_critico,preco_ideal_teste"
dropipro,76,Smartwatch T500+ Negro,,9.55,0,0.14,,Dropi PRO ES,https://dropipro.com/storage/products/76/smartwatch_negr_17-11-2022.jpg,https://dropipro.com/app/products,6.0,"dropi_critico,preco_ideal_teste"
dropipro,157,Corrector de postura ortopédico ajustable,,7.5,0,0.28,,Dropi PRO ES,https://dropipro.com/storage/products/157/BN4624-1_2023-02-28-16-30-31.jpg,https://dropipro.com/app/products,6.0,"dropi_critico,preco_ideal_teste"
dropipro,1881,Lámpara Solar LED superbrillante para exteriores con mando,,8.99,0,0.77,,Dropi PRO ES,https://dropipro.com/storage/products/1881/farora_1741113366.jpg,https://dropipro.com/app/products,6.0,"dropi_critico,preco_ideal_teste"
dropipro,2062,Cepillo alisador de pelo inalámbrico,,6.49,0,0.57,,Dropi PRO ES,https://dropipro.com/storage/products/2062/CEPILLOALISADOR_1765560736.jpg,https://dropipro.com/app/products,6.0,"dropi_critico,preco_ideal_teste"
dropipro,2049,Masajeador linfático ultrasónico portátil,,5.49,0,0.29,,Dropi PRO ES,https://dropipro.com/storage/products/2049/MASJ_1750434984.jpg,https://dropipro.com/app/products,6.0,"dropi_critico,preco_ideal_teste"
dropipro,686,Fiambrera Electrica Comida 40w,,7.99,0,0.66,,Dropi PRO ES,https://dropipro.com/storage/products/686/FIAMBR_2024-03-22-19-19-23.jpg,https://dropipro.com/app/products,6.0,"dropi_critico,preco_ideal_teste"
dropipro,463,Lámpara de mesa LED dorada,,5.85,0,0.33,,Dropi PRO ES,https://dropipro.com/storage/products/463/517TzPWED8L_2023-12-29-13-44-54._AC_SL1001_.jpg,https://dropipro.com/app/products,6.0,"dropi_critico,preco_ideal_teste"
dropipro,462,Lámpara luna recargable,,5.65,0,0.32,,Dropi PRO ES,https://dropipro.com/storage/products/462/71ni04qCBbL_2023-12-29-13-39-16._AC_SL1500_.jpg,https://dropipro.com/app/products,6.0,"dropi_critico,preco_ideal_teste"
dropipro,152,Plancha Vapor Vertical,,12.0,0,0.97,,Dropi PRO ES,https://dropipro.com/storage/products/152/BN3215-2_2023-02-28-16-06-12.jpg,https://dropipro.com/app/products,6.0,"dropi_critico,preco_ideal_teste"
dropipro,153,Picadora eléctrica de alimentos,,7.5,0,0.94,,Dropi PRO ES,https://dropipro.com/storage/products/153/BN3528_2023-02-28-16-08-36.jpg,https://dropipro.com/app/products,6.0,"dropi_critico,preco_ideal_teste"
dropipro,176,Sartén Doble Mágico Grill 32cm,,14.61,0,1.9,,Dropi PRO ES,https://dropipro.com/storage/products/176/Capturadepantalla2023-04-05alas19_2023-04-05-19-09-35.08.png,https://dropipro.com/app/products,6.0,dropi_critico
dropipro,1690,Coche teledirigido drift 1:24 GTR,,10.99,0,0.67,,Dropi PRO ES,https://dropipro.com/storage/products/1690/GTR_1736517658.jpg,https://dropipro.com/app/products,6.0,"dropi_critico,preco_ideal_teste"
dropipro,1648,Peluche relajante para bebé que simula respiracion ( nutria gris ),,5.99,0,0.43,,Dropi PRO ES,https://dropipro.com/storage/products/1648/24466_1736331689.jpg,https://dropipro.com/app/products,6.0,"dropi_critico,preco_ideal_teste"
dropipro,1646,Peluche relajante para bebé que simula respiración azul,,6.99,0,0.47,,Dropi PRO ES,https://dropipro.com/storage/products/1646/24469_1735227731.jpg,https://dropipro.com/app/products,6.0,"dropi_critico,preco_ideal_teste"
dropipro,609,Libro de sonido de aprendizaje en español,,5.25,0,0.55,,Dropi PRO ES,https://dropipro.com/storage/products/609/WechatIMG1178_2024-03-07-17-14-34.jpg,https://dropipro.com/app/products,6.0,"dropi_critico,preco_ideal_teste"
dropipro,1879,Asiento de bastón Plegable,,9.49,0,0.97,,Dropi PRO ES,https://dropipro.com/storage/products/1879/ASIENTO_1741112545.jpg,https://dropipro.com/app/products,6.0,"dropi_critico,preco_ideal_teste"
dropipro,387,Juego de Ventosa Eléctrica Recargable,,6.85,0,0.35,,Dropi PRO ES,https://dropipro.com/storage/products/387/61HOnByx8AL_2023-11-01-12-07-46._AC_SX679_.jpg,https://dropipro.com/app/products,6.0,"dropi_critico,preco_ideal_teste"
dropipro,75,Pistola de masaje - mediana,,9.99,0,1.15,,Dropi PRO ES,https://dropipro.com/storage/products/75/pistola_mediana_16-11-2022.png,https://dropipro.com/app/products,6.0,"dropi_critico,preco_ideal_teste"
dropipro,1603,Champú para canas 500ml negro,,6.49,0,0.76,,Dropi PRO ES,https://dropipro.com/storage/products/1603/champunegro_1733764800.jpg,https://dropipro.com/app/products,6.0,"dropi_critico,preco_ideal_teste"
dropipro,601,Masajeador de Estiramiento Facial para el Cuello Blanco,,6.75,0,0.14,,Dropi PRO ES,https://dropipro.com/storage/products/601/WechatIMG1155_2024-03-04-16-15-56.jpg,https://dropipro.com/app/products,6.0,"dropi_critico,preco_ideal_teste"
dropipro,55,Maquinilla cortapelo - Barbero,,6.24,0,0.6,,Dropi PRO ES,https://dropipro.com/storage/products/55/cortapelo_barbero_02-11-2022.png,https://dropipro.com/app/products,6.0,"dropi_critico,preco_ideal_teste"
dropipro,136,Funda para Sofás,,6.05,0,0.62,,Dropi PRO ES,https://dropipro.com/storage/products/136/Fundasofas_2023-02-24-17-31-08.jpeg,https://dropipro.com/app/products,6.0,"dropi_critico,preco_ideal_teste"
dropipro,1104,Vibrador del Punto G negro,,5.49,0,0.52,,Dropi PRO ES,https://dropipro.com/storage/products/1104/VIBRA-NEG_2024-08-20-13-32-38.jpg,https://dropipro.com/app/products,6.0,"dropi_critico,preco_ideal_teste"
dropipro,1582,Conjuntos de 3 fragancias para mujer tipo YSL caja negro (no réplica),,7.99,0,0.67,,Dropi PRO ES,https://dropipro.com/storage/products/1582/colonia_1733149263.jpg,https://dropipro.com/app/products,6.0,"dropi_critico,preco_ideal_teste"
dropipro,1581,Conjuntos de 3 fragancias para mujer caja rosa (no réplica),,6.49,0,0.57,,Dropi PRO ES,https://dropipro.com/storage/products/1581/CAJAROSA_1732806539.jpg,https://dropipro.com/app/products,6.0,"dropi_critico,preco_ideal_teste"
ecomhub,d22a9e8d-28fa-482f-9a93-ad07108b924d,Câmara Fotos Infantil Impreção instantânea 1080P,camarains_v-8194,27.02,100,0.001,1.5,ES / FR 2,https://api.ecomhub.app/public/products/featuredImage-1733144776755-2550643d.jpeg,https://app.ecomhub.app,6.0,
ecomhub,ed556496-4cb2-4afe-b482-436b16af32af,Conjunto de Sushi de 12 Peças,masterprosushi,18.35,100,0.001,1.5,ES / FR 2,https://api.ecomhub.app/public/products/featuredImage-1747232991163-cd2ebccd.jpeg,https://app.ecomhub.app,6.0,
ecomhub,a90a0945-ec03-4051-b9df-6152e2c9a1e3,MS3 Smartwatch para Homem,smartwatch_gl69615,20.0,100,0.2,1.5,ES / FR 2,https://api.ecomhub.app/public/products/featuredImage-1738249225541-a5effb22.jpeg,https://app.ecomhub.app,6.0,
ecomhub,9b8d338c-f0c3-4647-b9d5-1bf5d845fd5d,Prancha de cabelo profissional multifuncional 4,cepilloali_14549,13.5,100,0.9,1.5,ES / FR 2,https://api.ecomhub.app/public/products/featuredImage-1769542940954-c99558f2.png,https://app.ecomhub.app,6.0,
ecomhub,1562c5f5-7fc5-4839-8616-18199de0561d,Combo de 2 Modeladores Corporal Preto - 1 Body Emagrecedor bege e 1 Faixa Culote Bege,beigeculo_14576,19.84,100,0.001,1.5,ES / FR 2,https://api.ecomhub.app/public/products/featuredImage-1751568368540-c0f3c075.jpeg,https://app.ecomhub.app,6.0,
ecomhub,b5336665-bccc-48c9-a9af-055cc494322b,Drone UAV com 2 câmeras HD de visão dupla,dronuav2ca_14717,51.05,200,0.9,1.5,ES / FR 2,https://api.ecomhub.app/public/products/featuredImage-1770835959578-7db39ae2.png,https://app.ecomhub.app,6.0,
ecomhub,90db61ab-d3fc-42f1-a00b-dd6bfd00b4c1,Baliza Homologada,baliza-extrastar,30.7,100,0.9,1.5,ES / FR 2,https://api.ecomhub.app/public/products/featuredImage-1766341814152-ba1a8928.png,https://app.ecomhub.app,6.0,
ecomhub,e183f205-7bc6-4bc5-b67e-f2988080112e,Combo de 5 unidades Spray Capilar com Biotina,serumbiotin,21.0,100,0.001,1.5,ES / FR 2,https://api.ecomhub.app/public/products/featuredImage-1749583944357-43980f76.jpeg,https://app.ecomhub.app,6.0,
ecomhub,39c73df4-361b-43b7-9852-8261ef4cf4ff,Combo de 5 Unidades de Máscara Facial de Colágeno,hoygicollagenoma_hoa05,20.0,100,0.2,1.5,ES / FR 2,https://api.ecomhub.app/public/products/featuredImage-1747308741197-ee75ed05.jpg,https://app.ecomhub.app,6.0,
ecomhub,0e6e8444-f726-4a6a-9404-305f9a9e25f7,Combo de Difusor branco de oleos essenciais e Óleo essencial Eucalipto,difusor_blanc-15374,14.26,100,0.001,1.5,ES / FR 2,https://api.ecomhub.app/public/products/featuredImage-1752160662005-99fb6b4e.jpeg,https://app.ecomhub.app,6.0,
ecomhub,b02b478a-a0c1-4c09-a522-0a4e57b03d9f,boombox grande,altavozbooms,20.5,100,0.9,1.5,Espanha 1,https://api.ecomhub.app/public/products/featuredImage-1746914309626-7cb1d45e.jpeg,https://app.ecomhub.app,6.0,
ecomhub,c0a353c8-4553-45b1-8b38-e170fcf3b8a1,Consola de Jogos Portátil X9 Ecrã IPS HD Mais de 20 mil Jogos,consolax9_15531,29.1,100,0.001,1.5,ES / FR 2,https://api.ecomhub.app/public/products/featuredImage-1733405018551-02c97f97.png,https://app.ecomhub.app,6.0,
ecomhub,f93b8c53-dc67-446e-ae5f-389375a27ae7,Mini Drone com Câmera - Voe - Grave e Surpreenda desde o Primeiro Voo,minidronco_12936,22.2,100,0.9,1.5,ES / FR 2,https://api.ecomhub.app/public/products/featuredImage-1776436177313-786406bf.png,https://app.ecomhub.app,6.0,
ecomhub,21a4b1ac-6084-4f9b-8521-e0ea482f3635,Drone RC com câmera integrada e controle remoto,dronerc_12923,39.15,200,0.9,1.5,ES / FR 2,https://api.ecomhub.app/public/products/featuredImage-1776462508426-d845e478.png,https://app.ecomhub.app,6.0,
ecomhub,8b15d9f0-4a60-4c6c-804c-8afc1edaab4a,Soprador de ar - turbofan violento A12,violentfan_15938,14.4,100,0.9,1.5,ES / FR 2,https://api.ecomhub.app/public/products/featuredImage-1776257803453-61141b41.png,https://app.ecomhub.app,6.0,
ecomhub,4ea4a962-aa80-481a-9b20-addeeeff8f87,Drone dobrável com câmera HD e controle remoto,dronporman_13683,30.45,100,0.9,1.5,ES / FR 2,https://api.ecomhub.app/public/products/featuredImage-1770842517768-88e74ce7.png,https://app.ecomhub.app,6.0,
ecomhub,9ad46c13-afdb-4bec-aa99-abca60da4fc3,Smartwatch Ultra 8 e  Auriculares inalámbricos,watchauricular_7702024188063,14.2,100,0.001,1.5,ES / FR 2,https://api.ecomhub.app/public/products/featuredImage-1733315208978-1a6d3c05.jpeg,https://app.ecomhub.app,6.0,
ecomhub,04fee27f-a160-46a2-8641-689ec3902a68,Combo com 6 Unidades Luz Solar 20W,luzsolar_v-7952,18.3,100,0.001,1.5,ES / FR 2,https://api.ecomhub.app/public/products/featuredImage-1749473071898-e68f89e9.JPG,https://app.ecomhub.app,6.0,
ecomhub,049ad1d3-368e-45f2-b414-8d0a0ba1f01b,Auto Radiocontrol para Crianças com Dupla Rotação,auto360rc_14879,23.0,100,0.001,1.5,ES / FR 2,https://api.ecomhub.app/public/products/featuredImage-1736957460469-32d87799.jpeg,https://app.ecomhub.app,6.0,
ecomhub,04b22052-d4de-4a66-b6d1-b330782f1cae,Combo de 4 unidades  Mini Camera de vigilância Wifi 1080HD,EMwebcam,21.2,100,0.001,1.5,Espanha 1,https://api.ecomhub.app/public/products/featuredImage-1751973825929-7fc62216.jpg,https://app.ecomhub.app,6.0,
ecomhub,74d1ddc4-4623-4ad1-8f11-33c674c46358,Lâmpada Solar Grande com Painel,lampgr_ab-5590,29.06,100,0.001,1.5,ES / FR 2,https://api.ecomhub.app/public/products/featuredImage-1732881219300-02a9ec2c.jpg,https://app.ecomhub.app,6.0,
ecomhub,93e4f832-21ab-4d54-9ad6-c3257dda405b,Jogo de Mesa Portátil,futbolin1,17.9,100,0.001,1.5,ES / FR 2,https://api.ecomhub.app/public/products/featuredImage-1733226318063-47198a3b.jpeg,https://app.ecomhub.app,6.0,
ecomhub,d641f863-96c0-4da7-a15a-32aadc6f1255,Combo de Difusor branco de oleos essenciais e Óleo essencial Flor de Azahar,difusor_blanc-15374,14.26,100,0.001,1.5,ES / FR 2,https://api.ecomhub.app/public/products/featuredImage-1752160248739-c245ebf9.jpeg,https://app.ecomhub.app,6.0,
ecomhub,1e4d83f3-e73d-442c-b873-fce46be0eab6,Depiladora Laser IPL,depilas_14671,24.98,100,0.001,1.5,ES / FR 2,https://api.ecomhub.app/public/products/featuredImage-1733925211653-15d7e78a.jpeg,https://app.ecomhub.app,6.0,
ecomhub,dd0f93db-9acd-480c-b640-07d87d609da4,Carro Stunt,cochestunt_8435533121601,15.75,100,0.001,1.5,ES / FR 2,https://api.ecomhub.app/public/products/featuredImage-1733752016509-1a63af98.png,https://app.ecomhub.app,6.0,
ecomhub,b529ee4a-702d-41a2-99ab-da78ef32343b,Leitor de Código de Barras de Mesa Leitura Rápida e Precisa,escanerc_gl69182,46.5,200,0.9,1.5,ES / FR 2,https://api.ecomhub.app/public/products/featuredImage-1745935335385-28a6535d.jpeg,https://app.ecomhub.app,6.0,
ecomhub,33f9cb4f-9186-4f47-837f-5cde8418af6e,Combo de 3 unidades do Air Cooler,aircooler_14088,19.11,100,0.001,1.5,ES / FR 2,https://api.ecomhub.app/public/products/featuredImage-1751649335876-d95bd7be.jpeg,https://app.ecomhub.app,6.0,
ecomhub,10f89991-97e2-40f3-951e-20ff9c0f8df7,Relógio Inteligente Pulsera 7 em 1,setreloj7correas_v-8081,17.6,100,0.001,1.5,ES / FR 2,https://api.ecomhub.app/public/products/featuredImage-1737124396574-756cf88c.jpeg,https://app.ecomhub.app,6.0,
ecomhub,86e1dc31-9397-43ae-bb71-248c3165e94b,Smartwatch Mini 7 em 1,reloj7correas_7899676840040,15.7,100,0.001,1.5,ES / FR 2,https://api.ecomhub.app/public/products/featuredImage-1737131554048-8fd42c87.png,https://app.ecomhub.app,6.0,
ecomhub,d474ff57-3df8-41a1-9b76-7f1202b4c4cf,Combo de 4 unidades do Air Cooler,aircooler_14088,25.48,100,0.001,1.5,ES / FR 2,https://api.ecomhub.app/public/products/featuredImage-1751649387113-b6cb0045.jpeg,https://app.ecomhub.app,6.0,
ecomhub,68b9235c-1cdc-4199-949b-d949084e4811,Massageador ultrassônico,masajeador_14104,22.8,100,0.9,1.5,ES / FR 2,https://api.ecomhub.app/public/products/featuredImage-1776438872494-2a921235.png,https://app.ecomhub.app,6.0,
ecomhub,74b0820f-0ad1-4390-abaf-07b4a88f32e5,Modelador de Cachos Automático 32W 110-220V 50-60Hz,curling_14100,24.6,100,0.9,1.5,ES / FR 2,https://api.ecomhub.app/public/products/featuredImage-1776256698428-515a10a2.png,https://app.ecomhub.app,6.0,
ecomhub,e7629b55-3dbd-447a-8977-a840e5b2ff82,Aparelho de barbear com 6 cabeçais,maqui_15118,18.86,100,0.001,1.5,ES / FR 2,https://api.ecomhub.app/public/products/featuredImage-1733489880592-cb6e5467.jpeg,https://app.ecomhub.app,6.0,
ecomhub,2dece2c8-64ea-4ec0-810f-8e7e0ed5a58a,Carro Anfíbio Controlado por Gestos Aquático,coche_agua14732,16.82,100,0.001,1.5,ES / FR 2,https://api.ecomhub.app/public/products/featuredImage-1734026317115-a7889fd8.JPG,https://app.ecomhub.app,6.0,
ecomhub,486e47b7-5e9c-4bfe-84db-7eb79deffe3f,Afeitadora Multifuncional 5 em 1,maqui_14885,18.86,100,0.001,1.5,ES / FR 2,https://api.ecomhub.app/public/products/featuredImage-1733489043018-88c546b1.jpeg,https://app.ecomhub.app,6.0,
ecomhub,48b34cda-e476-4280-98a1-76e669021938,Organizador multifuncional para guarda-roupa em tecido - 105x45 x 175 cm,15039,24.35,100,0.9,1.5,ES / FR 2,https://api.ecomhub.app/public/products/featuredImage-1769189527764-26ffe48b.png,https://app.ecomhub.app,6.0,
ecomhub,b7008d98-f106-4c20-a3cf-92fe3df6201f,Projetor de estrelas Astronauta,EMastronauta,22.0,100,0.001,1.5,Espanha 1,https://api.ecomhub.app/public/products/featuredImage-1718458486670-9d8bf03d.jpg,https://app.ecomhub.app,6.0,
ecomhub,e9bacefb-e867-48b8-819d-c196b3838333,Drone Z908 PRO,dron15063,31.1,100,0.001,1.5,ES / FR 2,https://api.ecomhub.app/public/products/featuredImage-1733499681649-cbcfa029.jpeg,https://app.ecomhub.app,6.0,
ecomhub,668941a5-dfdc-4bf8-b274-528a06f30991,Sapateira com 2 colunas e 6 fileiras,percheroor_15041,24.6,100,0.9,1.5,ES / FR 2,https://api.ecomhub.app/public/products/featuredImage-1775402776239-9e5f7c9d.png,https://app.ecomhub.app,6.0,
ecomhub,285e9440-a444-4212-82e4-f37511758a25,Combo de 2 Modeladores Corporal Preto M - 1 Body Emagrecedor bege XL e 1 Faixa Culote Bege,bodyslimnegro1_m,19.84,100,0.9,1.5,ES / FR 2,https://api.ecomhub.app/public/products/featuredImage-1751647053262-c279d21e.jpeg,https://app.ecomhub.app,6.0,
ecomhub,379df2f2-809b-40fd-8a74-2794adb95d95,Robô Inteligente Programável com Controle Remoto,robotrc_14849,23.0,100,0.001,1.5,ES / FR 2,https://api.ecomhub.app/public/products/featuredImage-1736856958566-481c38d0.jpeg,https://app.ecomhub.app,6.0,
ecomhub,1e8ceadf-1dee-44f2-945a-f19642aba2d7,Cámara de vigilancia,bombicamjt_7891942581770,15.8,100,0.001,1.5,ES / FR 2,https://api.ecomhub.app/public/products/featuredImage-1733139860207-cb73215c.jpeg,https://app.ecomhub.app,6.0,
ecomhub,3c09bea6-3cea-46c6-8252-1c765b7aed30,Escova a Vapor,cepisteam_14429,15.8,100,0.001,1.5,ES / FR 2,https://api.ecomhub.app/public/products/featuredImage-1732800820229-85622876.jpg,https://app.ecomhub.app,6.0,
ecomhub,bceea701-e5a2-4dc9-abc5-ebd10816b28a,Cachorro Inteligente de 8 Rodas STLNT - Brinquedo Robótico Interativo e Tecnológico,dog_15935,18.2,100,0.9,1.5,ES / FR 2,https://api.ecomhub.app/public/products/featuredImage-1759508060383-da76c1e5.png,https://app.ecomhub.app,6.0,
ecomhub,1d2c719b-a646-46a8-b978-6b497ea53c8b,Espelho Organizador 360,espejo360_14021,15.29,100,0.001,1.5,ES / FR 2,https://api.ecomhub.app/public/products/featuredImage-1733411037460-70af6e81.jpeg,https://app.ecomhub.app,6.0,
ecomhub,5076fb63-2235-4a95-b3ce-7c82c97fb175,Escova Alisadora VGR,cepillo_13977,13.76,100,0.001,1.5,ES / FR 2,https://api.ecomhub.app/public/products/featuredImage-1733406063955-0701c1ef.jpg,https://app.ecomhub.app,6.0,
ecomhub,7378b707-9ad7-49b9-a421-a56f6000fe22,Carregador 3 em 1,cargad3en1_v-6627,15.8,100,0.001,1.5,ES / FR 2,https://api.ecomhub.app/public/products/featuredImage-1733495584616-9750a33a.jpeg,https://app.ecomhub.app,6.0,
ecomhub,76174733-3ee8-430a-a0b4-751763fa2a4a,Altavoz Bluetooth G 3 em 1  Carregador sem fio Lâmpada LED,lamparag3_bt-3401,13.76,100,0.001,1.5,ES / FR 2,https://api.ecomhub.app/public/products/featuredImage-1732734852170-c8caaa4a.jpg,https://app.ecomhub.app,6.0,
ecomhub,11e38a89-483b-48ae-9f6b-e591a0bef172,Alisador Cordless,cordless_15322,26.0,100,0.001,1.5,ES / FR 2,https://api.ecomhub.app/public/products/featuredImage-1746210354944-32ac22d4.jpeg,https://app.ecomhub.app,6.0,
ecomhub,39cb4b82-8d31-4096-9989-17c44ca9d413,Combo de 5 Unidades de Luz Solar 20W,luzsolar_v-7952,15.25,100,0.001,1.5,ES / FR 2,https://api.ecomhub.app/public/products/featuredImage-1749057604203-548e5920.jpg,https://app.ecomhub.app,6.0,
ecomhub,4dd14710-0ae6-47c0-83e5-b782b0677579,Combo de 5 unidades do AIR COOLER,aircooler_14088,31.85,100,0.001,1.5,ES / FR 2,https://api.ecomhub.app/public/products/featuredImage-1751456330660-f408f3ea.png,https://app.ecomhub.app,6.0,
ecomhub,1e0c528d-92b0-4171-b3d5-d28c4dfb400e,Dispositivo de TV inteligente V96 ANDROID,v96android_v96,26.0,100,0.001,1.5,ES / FR 2,https://api.ecomhub.app/public/products/featuredImage-1733504643134-2e50e5b7.png,https://app.ecomhub.app,6.0,
ecomhub,e844f236-4e9a-4949-9ba5-0a7ad833a069,Carrinho de brinquedo para todos os terrenos,cochedejug_12945,24.4,100,0.9,1.5,ES / FR 2,https://api.ecomhub.app/public/products/featuredImage-1769603194518-628fac67.png,https://app.ecomhub.app,6.0,
ecomhub,262be099-5b5f-4b70-b30d-8aa67431e29c,O cortador de pontas abertas,cortapunta_14020,16.82,100,0.001,1.5,ES / FR 2,https://api.ecomhub.app/public/products/featuredImage-1733488773389-77bbafbb.jpeg,https://app.ecomhub.app,6.0,
ecomhub,d534fde1-11aa-4b1b-89ad-b41ee8646da6,Escorredor de louça de dois níveis em aço inoxidável -Branco,escurridor_16030,18.9,100,0.9,1.5,ES / FR 2,https://api.ecomhub.app/public/products/featuredImage-1765392406667-8bc4b02d.png,https://app.ecomhub.app,6.0,
ecomhub,b5f0575e-1d28-472d-910e-e623b683e86e,Secador de cabelo compacto de 800 W - Potentele - leve e perfeito para uso diário,secado800w_14098,18.55,100,0.9,1.5,ES / FR 2,https://api.ecomhub.app/public/products/featuredImage-1774451137730-082d1720.png,https://app.ecomhub.app,6.0,
ecomhub,579570e9-3970-462d-a01e-115383601a1e,Depiladora Laser IPL  Caixa,ipldepi_15415caja,25.48,100,0.001,1.5,ES / FR 2,https://api.ecomhub.app/public/products/featuredImage-1733405312067-ca43059a.png,https://app.ecomhub.app,6.0,
ecomhub,dc725bff-6729-4bc4-b68a-0f3fb17f2709,Combo do Dispensador de azeite e Marmita Térmica Elétrica 2 em 1 com Recipiente de Aço,dispensadoraceit_14623,13.74,100,0.001,1.5,ES / FR 2,https://api.ecomhub.app/public/products/featuredImage-1757007740428-7f289b75.png,https://app.ecomhub.app,6.0,
ecomhub,a43173e1-746b-471e-b3fe-4011df852f89,Drone K102PRO,dronk10_15064,30.08,100,0.001,1.5,ES / FR 2,https://api.ecomhub.app/public/products/featuredImage-1733502675272-59106677.jpeg,https://app.ecomhub.app,6.0,
ecomhub,35d7fc76-5796-4954-8feb-ff0b15ff9fb4,ANDROID TV STICK - Transforme qualquer tela em uma Smart TV,tvstick_gl70180,22.65,100,0.9,1.5,ES / FR 2,https://api.ecomhub.app/public/products/featuredImage-1765390935095-e576e54d.png,https://app.ecomhub.app,6.0,
ecomhub,0c1b444b-bc6d-47a6-a85a-d121ae3be2a2,Combo do 3Q Beauty Esfoliante Corporal 350ml e Depiladora Laser,exfoliante3qbeau,30.68,100,0.9,1.5,ES / FR 2,https://api.ecomhub.app/public/products/featuredImage-1756319332098-8df948a9.png,https://app.ecomhub.app,6.0,
ecomhub,56cf27a0-92ae-44df-9f72-fa905e7b4885,Fones de Ouvido Bluetooth Over Ear - Conforto e Som Sem Fio,auricular_v-8515,22.95,100,0.9,1.5,ES / FR 2,https://api.ecomhub.app/public/products/featuredImage-1759508420062-1238481a.png,https://app.ecomhub.app,6.0,
ecomhub,96b1d0ce-da8a-47af-b980-b9d7e5fe8d4f,Luz de preenchimento LED de 16 polegadas,16inchledfilllig,18.4,100,0.9,1.5,ES / FR 2,https://api.ecomhub.app/public/products/featuredImage-1746799195114-7d8067d8.png,https://app.ecomhub.app,6.0,
ecomhub,05ef208c-de52-472e-bf21-03021e1facb7,Projetor 4K com Android 1,proyector_v-7889,103.25,200,0.9,1.5,ES / FR 2,https://api.ecomhub.app/public/products/featuredImage-1776255217495-10ece4c3.png,https://app.ecomhub.app,6.0,
ecomhub,234ca94a-58da-4272-85d7-10b4cbc31ed4,Projetor Astronauta com Conexão Bluetooth,conejo_v-8225,14.78,100,0.001,1.5,ES / FR 2,https://api.ecomhub.app/public/products/featuredImage-1732887601816-d6ac497c.jpg,https://app.ecomhub.app,6.0,
ecomhub,ba2c0420-b4be-4f74-bbeb-96b2d5a30368,Secador elétrico portátil com design dobrável,secadorropaplega_15822,14.7,100,0.9,1.5,ES / FR 2,https://api.ecomhub.app/public/products/featuredImage-1760382991329-2aa8f6d9.png,https://app.ecomhub.app,6.0,
ecomhub,661458f9-b8a0-4599-8dd5-f1f5eee8f748,Cortador de legumes multifuncional e ralador de queijo,rayadorque_14629,17.95,100,0.9,1.5,ES / FR 2,https://api.ecomhub.app/public/products/featuredImage-1776435803653-38b8e1e4.png,https://app.ecomhub.app,6.0,
dropipro,1838,Proyector de estrella con función de repetición de alienígenas,,21.99,98,0.93,,Dropi PRO ES,https://dropipro.com/storage/products/1838/PROYECTOR_1740072325.jpg,https://dropipro.com/app/products,5.96,dropi_stock_baixo
dropipro,2453,Zapatero 5 niveles con cajones,,9.99,21,2.11,,Dropi PRO ES,https://dropipro.com/storage/products/2453/ZAPATERO_1765887711.jpg,https://dropipro.com/app/products,5.92,"dropi_critico,preco_ideal_teste"
ecomhub,842e0f55-030b-4b5e-a6cd-509c6a1bbe5a,Carro de controle remoto 4x4,coche4x4-verde_14728,23.2,90,0.001,1.5,ES / FR 2,https://api.ecomhub.app/public/products/featuredImage-1737030370317-e7ac9531.jpeg,https://app.ecomhub.app,5.8,
ecomhub,0734db12-fcca-42be-a920-682c675a5a73,Boombox3 similar,cboombox-negro_v-8296,16.19,90,0.5,1.5,ES / FR 2,https://api.ecomhub.app/public/products/featuredImage-1774626294303-a446bb80.png,https://app.ecomhub.app,5.8,
ecomhub,accf7685-60cf-4e79-b27b-139e3cb1d371,Massageador Elétrico de Couro Cabeludo - Relaxamento Profundo e Estímulo Capilar,scalp_15964,15.2,90,0.9,1.5,ES / FR 2,https://api.ecomhub.app/public/products/featuredImage-1759507775616-4305fcde.png,https://app.ecomhub.app,5.8,
dropipro,1548,Máquina de boxeo inteligente modelo yk-003 + guante negro,,17.79,107,2.12,,Dropi PRO ES,https://dropipro.com/storage/products/1548/PANEL_2024-11-21-19-45-53.jpg,https://dropipro.com/app/products,5.64,dropi_stock_baixo
ecomhub,b2ac7f10-7658-4c61-bf12-df91c138befb,Combo de 2 Modeladores Corporal Preto M - 1 Body Emagrecedor bege L e 1 Faixa Culote Bege,bodyslimnegro1_m,19.84,80,0.9,1.5,ES / FR 2,https://api.ecomhub.app/public/products/featuredImage-1751646741092-18adbe7f.jpeg,https://app.ecomhub.app,5.6,
ecomhub,29d01ce0-2e14-4670-8f7f-003dd09cebda,Kit Com 2 Unidades Controle de Jogo 4K,gamestic_gl69794,19.6,80,0.9,1.5,ES / FR 2,https://api.ecomhub.app/public/products/featuredImage-1747166591124-be2217bf.png,https://app.ecomhub.app,5.6,
dropipro,2446,Armario de tela portátil 105*170CM,,9.99,0,2.23,,Dropi PRO ES,https://dropipro.com/storage/products/2446/ALMARIO_1765882541.jpg,https://dropipro.com/app/products,5.5,"dropi_critico,preco_ideal_teste"
dropipro,1858,Proyector 2 en 1 con videojuegos,,49.99,174,1.23,,Dropi PRO ES,https://dropipro.com/storage/products/1858/WechatIMG2035_1740153317.jpg,https://dropipro.com/app/products,5.48,
ecomhub,a0d10968-71fe-4bb5-9944-8f2ad043a46d,Blackbox DVR de Lente Dupla para Veículo 1296p com Tela LCD 3 LTPS - Segurança Avançada na Estrada,dualcar_v-8506,18.2,70,0.9,1.5,ES / FR 2,https://api.ecomhub.app/public/products/featuredImage-1759506964402-6fb73099.png,https://app.ecomhub.app,5.4,
ecomhub,0586eedc-0255-428f-a8b2-95abcb876c5f,Game Box G5 - Console Retrô Portátil,gamebox5g_v-7071,14.95,70,0.9,1.5,ES / FR 2,https://api.ecomhub.app/public/products/featuredImage-1776464054053-82721a71.png,https://app.ecomhub.app,5.4,
ecomhub,9228856c-6645-4951-a222-2a973f9ac1e4,Rolo de treinamento para abdominais com suporte para cotovelos,absrodillo_15405naranja,14.78,70,0.001,1.5,ES / FR 2,https://api.ecomhub.app/public/products/featuredImage-1736786743050-62555ed8.jpg,https://app.ecomhub.app,5.4,
ecomhub,61cba2b1-1a35-40bb-ad3a-b903a394b6c9,Smartwatch Esportivo Inteligente com Monitor de Saúde,watchredondo_gl69615,19.7,60,0.001,1.5,ES / FR 2,https://api.ecomhub.app/public/products/featuredImage-1737030351519-719c1d1b.jpeg,https://app.ecomhub.app,5.2,
ecomhub,623ffb7e-c85b-4b2d-b859-d8e946b4375d,Drone Verde,drongesto_8610207100247,18.7,60,0.001,1.5,ES / FR 2,https://api.ecomhub.app/public/products/featuredImage-1732800899554-85320a85.jpg,https://app.ecomhub.app,5.2,
ecomhub,19b1f3a4-88af-4174-8877-35a7212fd1f7,Massageador de corpo,masajeador5d_jby-820,18.86,60,0.001,1.5,ES / FR 2,https://api.ecomhub.app/public/products/featuredImage-1733753797926-e6ac159e.jpeg,https://app.ecomhub.app,5.2,
ecomhub,08751d67-5305-4eaa-8c85-1184024e8615,Câmera Zoom 8X,camara_v-8238,15.8,60,0.001,1.5,ES / FR 2,https://api.ecomhub.app/public/products/featuredImage-1746887939181-970b8c21.jpeg,https://app.ecomhub.app,5.2,
ecomhub,fd53697f-36b2-4da3-b732-c92fad599d4f,Kit de ferramentas com 105 peças,kit105pc_gl70144,23.7,60,0.9,1.5,ES / FR 2,https://api.ecomhub.app/public/products/featuredImage-1774448383138-d1c36424.png,https://app.ecomhub.app,5.2,
ecomhub,23bc925d-6886-4d72-9e68-0d27cb034ba1,Luz LED Hexagonal 6 Unidades,6udhexagonoluz_w23-96,14.78,60,0.001,1.5,ES / FR 2,https://api.ecomhub.app/public/products/featuredImage-1733484549208-25c39770.jpeg,https://app.ecomhub.app,5.2,
ecomhub,fc709878-a01d-4c19-bc99-479ba8de02b9,Kit Com 3 Unidades Controle de Jogo 4K,gamestic_gl69794,29.4,60,0.9,1.5,ES / FR 2,https://api.ecomhub.app/public/products/featuredImage-1747167057311-6baeb30c.png,https://app.ecomhub.app,5.2,
dropipro,2715,Máquina de palomitas vintage,,15.99,59,1.16,,Dropi PRO ES,https://dropipro.com/storage/products/2715/palomi_1777971530.jpg,https://dropipro.com/app/products,5.18,dropi_stock_baixo
dropipro,1418,Ventilador recargable portátil alta potencia,,16.99,58,1.53,,Dropi PRO ES,https://dropipro.com/storage/products/1418/WechatIMG1758_2024-11-01-17-28-30.jpg,https://dropipro.com/app/products,5.16,dropi_stock_baixo
dropipro,1137,Pistola  alta presión profesional portátil,,18.99,78,2.3,,Dropi PRO ES,https://dropipro.com/storage/products/1137/519xr69zAJL_2023-08-23-18-37-28._AC_SX569_.jpg,https://dropipro.com/app/products,5.06,dropi_stock_baixo
dropipro,151,Limpiador de vapor eléctrico,,18.99,52,0.9,,Dropi PRO ES,https://dropipro.com/storage/products/151/LIMPIA_1763398999.jpg,https://dropipro.com/app/products,5.04,dropi_stock_baixo
ecomhub,d5772f70-decc-4d40-b1f0-b80556c30b60,Carro Drift Stunt,cochestunt-azuloscuro_15597,20.7,50,0.001,1.5,ES / FR 2,https://api.ecomhub.app/public/products/featuredImage-1737037031660-ba64ba8f.jpeg,https://app.ecomhub.app,5.0,
ecomhub,17523c72-0bb9-492a-a197-1e1a681af0c8,Chapinha Wavy,wavy_14063,15.76,50,0.001,1.5,ES / FR 2,https://api.ecomhub.app/public/products/featuredImage-1733751107443-013bf60d.jpg,https://app.ecomhub.app,5.0,
ecomhub,7daffd20-a70f-4e40-b308-d95e205ce84d,Headset Gamer A66 com Luz RGB,auricular_g-1224,14.5,50,0.2,1.5,ES / FR 2,https://api.ecomhub.app/public/products/featuredImage-1738248958636-a1078f50.jpeg,https://app.ecomhub.app,5.0,
ecomhub,c5b873e6-2575-4d09-b386-952a3beb6c5e,Consola R3S6 Jogos Retro e Reprodutor de Vídeo,r3s6negro_v-8290,36.2,50,0.001,1.5,ES / FR 2,https://api.ecomhub.app/public/products/featuredImage-1736801370957-b277c244.jpg,https://app.ecomhub.app,5.0,
ecomhub,643a6025-f8f0-45d7-873c-bbc7a437df6e,Drone E58,drone58_13683,15.7,50,0.9,1.5,ES / FR 2,https://api.ecomhub.app/public/products/featuredImage-1746467177909-016830cb.jpg,https://app.ecomhub.app,5.0,
ecomhub,5e9f6e11-d419-455d-afa5-c7f445cd871b,Compressor de ar portátil multifuncional com visor LED e partida de emergência,compressor_15943,35.2,50,0.9,1.5,ES / FR 2,https://api.ecomhub.app/public/products/featuredImage-1765408471355-209e01df.png,https://app.ecomhub.app,5.0,
ecomhub,31bfe6e9-503e-4249-905b-0c8803f3e9b1,Massajador de Mão,masajeador_15559,18.86,50,0.001,1.5,ES / FR 2,https://api.ecomhub.app/public/products/featuredImage-1733406237958-49d46e3c.jpg,https://app.ecomhub.app,5.0,
ecomhub,db22eafd-3552-49b2-bfb9-81e055c80e25,Teclado Bluetooth Dobrável SANDA SD-3745,teclado-blanco_sd-3745,20.85,40,0.001,1.5,ES / FR 2,https://api.ecomhub.app/public/products/featuredImage-1737121410994-74a5cac7.jpeg,https://app.ecomhub.app,4.8,
ecomhub,1133c8e1-6608-4c00-9cb9-02ada0871ffa,Mochila Mamãe de Fraldas Multifuncional Dobrável,mochilmama_15604,14.6,40,0.001,1.5,ES / FR 2,https://api.ecomhub.app/public/products/featuredImage-1733319426150-b158dce3.jpeg,https://app.ecomhub.app,4.8,
ecomhub,59330a72-66ed-4dbc-b95d-e4b63dbe14ad,Consola X6,consola_v-8147verde,26.0,40,0.001,1.5,ES / FR 2,https://api.ecomhub.app/public/products/featuredImage-1732798486291-8fd52074.jpg,https://app.ecomhub.app,4.8,
ecomhub,970220d0-e5a1-489b-87d3-7436ce15a81f,Furadeira,taladrolm,25.0,40,0.001,1.5,ES / FR 2,https://api.ecomhub.app/public/products/featuredImage-1760747341549-aeaa181b.jpeg,https://app.ecomhub.app,4.8,
ecomhub,f998b139-5a5a-4604-b48f-a0b5d29a892c,Drone E88 Pro,dronee88pr_15596,20.15,30,0.001,1.5,ES / FR 2,https://api.ecomhub.app/public/products/featuredImage-1736961955714-79dbcd30.jpeg,https://app.ecomhub.app,4.6,
ecomhub,a19884cd-c83b-429b-997a-a5cac8040968,Escova de esfregão automática multifuncional,cepilloaut_14199,22.0,30,0.9,1.5,ES / FR 2,https://api.ecomhub.app/public/products/featuredImage-1769186702611-8b4482fa.png,https://app.ecomhub.app,4.6,
ecomhub,9f88c25f-456a-4914-9603-a6e9b1e1f4b0,Ultra HD TV98 TV STICK,cmn-042-128gb,13.63,30,0.1,1.5,Espanha 1,https://api.ecomhub.app/public/products/featuredImage-1742323996760-bf46e1ac.png,https://app.ecomhub.app,4.6,
ecomhub,0fd73ee7-2d23-451c-86d9-371a6862b627,Console retrô DS5 2 4Gcom 2 controles sem fio,ds5consola_15058,24.4,30,0.9,1.5,ES / FR 2,https://api.ecomhub.app/public/products/featuredImage-1771852575300-26f93bb1.jpeg,https://app.ecomhub.app,4.6,
ecomhub,72bedcbb-1b84-4312-bb1c-4165b31d80c7,Sanduicheira de 750 W,sandwicher_14158,14.95,30,0.9,1.5,ES / FR 2,https://api.ecomhub.app/public/products/featuredImage-1776257484690-9ff2ddfa.png,https://app.ecomhub.app,4.6,
ecomhub,5de6458c-ab82-47a0-b4ea-975e59ce902f,Receptor digital terrestre 1080p com PVR - USB - H 265 - HDTV,receptor_gl70205,16.55,30,0.9,1.5,ES / FR 2,https://api.ecomhub.app/public/products/featuredImage-1765976541418-b705a1c7.png,https://app.ecomhub.app,4.6,
ecomhub,dfc8f9e1-94da-4f02-b58f-6e4c688313aa,Super Secador de Pelo,dyson_7842540536945,20.9,30,0.001,1.5,ES / FR 2,https://api.ecomhub.app/public/products/featuredImage-1733752651051-34618b45.jpeg,https://app.ecomhub.app,4.6,
ecomhub,8141837e-0481-4d4e-8d41-c08337dff80a,Smartwatch Luxo Rose com Detalhes em Vermelho e Cristais,reloj_8159,22.2,30,0.2,1.5,ES / FR 2,https://api.ecomhub.app/public/products/featuredImage-1739890682033-31792242.jpeg,https://app.ecomhub.app,4.6,
ecomhub,8916b7a4-b664-479c-8902-507626837f56,Conjunto de 14 peças para cortar legumes com recipiente - Multifuncional profissional para cozinhar rapidamente,picadordev_14228,15.4,30,0.9,1.5,ES / FR 2,https://api.ecomhub.app/public/products/featuredImage-1771872169025-d88465df.png,https://app.ecomhub.app,4.6,
dropipro,1002,Maquina para hacer pasta electrica,,16.95,27,1.34,,Dropi PRO ES,https://dropipro.com/storage/products/1002/WechatIMG1558_2024-07-26-19-53-35.jpg,https://dropipro.com/app/products,4.54,dropi_critico
dropipro,1809,Altavoz LED de medusas que cambian de color,,15.99,25,0.64,,Dropi PRO ES,https://dropipro.com/storage/products/1809/ALTAVOZ_1739298411.jpg,https://dropipro.com/app/products,4.5,dropi_critico
ecomhub,f7d83b7d-13fd-4cfd-a0f7-aeffac21ca01,Ferro de passar portátil dobrável a vapor para uso a seco e úmido,plancha_gl70196,16.52,20,0.9,1.5,ES / FR 2,https://api.ecomhub.app/public/products/featuredImage-1765391795773-3fa9aed6.png,https://app.ecomhub.app,4.4,
ecomhub,e96f7bb3-4775-4b1d-9399-8708eff436d1,Robot Aspirador Inteligente 3 em 1,robotasp_15586,18.6,20,0.001,1.5,ES / FR 2,https://api.ecomhub.app/public/products/featuredImage-1733324882784-f7d30d50.jpeg,https://app.ecomhub.app,4.4,
ecomhub,53d219dc-eab5-4c37-b9da-27b3a1a4ed96,Anel de luz RGB de 10 polegadas com 45 modos RGB,ledrelle_gl70203,14.7,20,0.9,1.5,ES / FR 2,https://api.ecomhub.app/public/products/featuredImage-1765976005655-b825ee2e.png,https://app.ecomhub.app,4.4,
ecomhub,2adbe5e4-9fe4-4d39-bac2-4ce44eea66e7,Sanduicheira 750W 220V 50-60Hz,tostadoras_14159,14.95,20,0.9,1.5,ES / FR 2,https://api.ecomhub.app/public/products/featuredImage-1775408493634-7ae7b9a9.png,https://app.ecomhub.app,4.4,
ecomhub,61e812c8-68dd-4bb6-8665-e4994df8c4d9,bota em couro masculina,vr3e-051-cuero-41,23.49,20,0.2,1.0,Removido,https://api.ecomhub.app/public/products/featuredImage-1741959825048-2aa78b25.jpg,https://app.ecomhub.app,4.4,
ecomhub,b2e77ae6-f1a9-4a52-82d8-a0e9b6defc2e,Escova 5 em 1,secador5en1_,15.8,20,0.9,1.5,ES / FR 2,https://api.ecomhub.app/public/products/featuredImage-1759246255746-6f791d6e.png,https://app.ecomhub.app,4.4,
ecomhub,e46140ba-c3cd-4091-92fe-9d19d77c7854,Mini Motosserra Elétrica Recarregável 48V,si_6945466635363,20.2,20,2.0,1.5,ES / FR 2,https://api.ecomhub.app/public/products/featuredImage-1737120221799-163386ca.jpeg,https://app.ecomhub.app,4.4,
dropipro,1813,Máscara facial LED con terapia de luz roja para La cara y la piel,,17.49,18,0.63,,Dropi PRO ES,https://dropipro.com/storage/products/1813/MASCARA_1739299895.jpg,https://dropipro.com/app/products,4.36,dropi_critico
ecomhub,7a6bb6c4-1ddf-4808-9ec2-d3182725e547,Teclado Dobrável,teclado-negro_8434921033571,20.85,10,0.001,1.5,ES / FR 2,https://api.ecomhub.app/public/products/featuredImage-1733941315934-8beb2565.jpg,https://app.ecomhub.app,4.2,
ecomhub,ed34d6c4-d08a-486c-9761-eeee50af3ec5,Super Secador de Cabelo Profissional com 4 Bicos - Potência e Estilo de Salão em Casa,hairdry_15880,30.2,10,0.9,1.5,ES / FR 2,https://api.ecomhub.app/public/products/featuredImage-1759507199725-716441e2.png,https://app.ecomhub.app,4.2,
ecomhub,4491031c-fd52-46ae-b17b-0834ecd89d73,Mopa com Balde Giratório,fregonagiratoria_15234,13.76,10,0.001,1.5,ES / FR 2,https://api.ecomhub.app/public/products/featuredImage-1732796463823-c908c545.jpg,https://app.ecomhub.app,4.2,
dropipro,1456,Máquina de boxeo inteligente infantil azul + guante rojo,,15.99,9,0.94,,Dropi PRO ES,https://dropipro.com/storage/products/1456/PANELAZ_2024-11-07-13-25-01.JPG,https://dropipro.com/app/products,4.18,dropi_critico
dropipro,1633,Coche teledirigido 4WD RC con sensor de gestos de acrobacias,,15.99,8,0.79,,Dropi PRO ES,https://dropipro.com/storage/products/1633/24473_1734979118.jpg,https://dropipro.com/app/products,4.16,dropi_critico
dropipro,1588,"Consola de Juegos x9 con pantalla IPS de 3,5 Pulgadas",,21.99,0,0.52,,Dropi PRO ES,https://dropipro.com/storage/products/1588/CONSO_1733331747.jpg,https://dropipro.com/app/products,4.0,dropi_critico
dropipro,1452,Tijera electrica,,23.99,0,1.95,,Dropi PRO ES,https://dropipro.com/storage/products/1452/TIJERA_2024-11-06-19-42-49.jpg,https://dropipro.com/app/products,4.0,dropi_critico
dropipro,1950,Motosierra eléctrica con doble bateria (Pedir INFO),,19.99,0,1.37,,Dropi PRO ES,https://dropipro.com/storage/products/1950/MOTOSIERRA_2024-07-25-20-01-27.jpg,https://dropipro.com/app/products,4.0,dropi_critico
dropipro,1951,Amoladora Angular Eléctrica (Pedir INFO),,16.99,0,1.65,,Dropi PRO ES,https://dropipro.com/storage/products/1951/AMOLADORA_1742232736.jpg,https://dropipro.com/app/products,4.0,dropi_critico
dropipro,1423,Soplador y aspiradora eléctrico con baterías recargables,,21.0,0,0.0,,Dropi PRO ES,https://dropipro.com/storage/products/1423/soplador_2024-11-02-12-51-39.jpg,https://dropipro.com/app/products,4.0,dropi_critico
ecomhub,2af69fd3-4d0b-4718-b98f-c2584699fba4,Drone Mini UFO Explorer,miniufo_14717,41.3,100,0.001,1.5,ES / FR 2,https://api.ecomhub.app/public/products/featuredImage-1733745043513-72f9f6e2.jpg,https://app.ecomhub.app,4.0,
ecomhub,84a56435-7cbf-4b40-ba12-0c8ebcf07ec2,Creme de Noite Antiarrugas com Pro-Xylane 130g,cremnocheantiarr,225.0,100,0.001,1.5,ES / FR 2,https://api.ecomhub.app/public/products/featuredImage-1737117311268-3f52ec73.jpeg,https://app.ecomhub.app,4.0,
ecomhub,e0478b9a-7f01-4823-91a1-8b07ebb605f6,Estabilizador Movel,estabiliza_v-8252,41.3,90,0.001,1.5,ES / FR 2,https://api.ecomhub.app/public/products/featuredImage-1733495254455-3fa01f4b.jpeg,https://app.ecomhub.app,3.8,
ecomhub,a36989ea-c499-43c4-a64c-30683ae091df,RC Drone 8807,dron_12458,51.49,90,0.001,1.5,ES / FR 2,https://api.ecomhub.app/public/products/featuredImage-1733490168044-62ec8e06.jpg,https://app.ecomhub.app,3.8,
dropipro,1949,Juego de taladro eléctrico de mano (Pedir INFO),,18.99,0,2.17,,Dropi PRO ES,https://dropipro.com/storage/products/1949/TALADRO_2024-07-26-19-48-37.jpg,https://dropipro.com/app/products,3.5,dropi_critico
ecomhub,a92ead91-ae35-4f43-903f-2a4719279803,Câmera digital de bolso 4K - Rotação de 270 graus - WiFi - estabilização e gravação de movimento,camara4k,39.2,70,0.9,1.5,ES / FR 2,https://api.ecomhub.app/public/products/featuredImage-1748372336442-ec076606.jpg,https://app.ecomhub.app,3.4,
ecomhub,6073f0c3-27d4-4b6a-a3d9-72776d8156ad,Consola de Jogos Retro,consol8270_15719,49.5,70,0.001,1.5,ES / FR 2,https://api.ecomhub.app/public/products/featuredImage-1737037504236-1068f962.jpeg,https://app.ecomhub.app,3.4,
ecomhub,3c59bf7b-f3e0-4e3f-8ac5-ea5161889a69,Relógio inteligente CD20 com slot para cartão SIM para chamadas independentes,smart_v-8556,48.4,60,0.9,1.5,ES / FR 2,https://api.ecomhub.app/public/products/featuredImage-1775046263889-20f5c0ce.png,https://app.ecomhub.app,3.2,
ecomhub,f86e0ca4-59da-4e90-a181-7d2a5c6d6ff9,Drone Y3 Ultra com Controle Remoto e Tela - Inovação Diversão e Controle Total,drony3_15904,40.2,50,0.9,1.5,ES / FR 2,https://api.ecomhub.app/public/products/featuredImage-1759506135862-1164f7ed.png,https://app.ecomhub.app,3.0,
ecomhub,cdb27a87-449d-43bc-81e2-6b6c1910b7da,Painel de matriz LED 16,ledmatrix_15840,65.4,50,0.9,1.5,ES / FR 2,https://api.ecomhub.app/public/products/featuredImage-1775408810451-4d239409.png,https://app.ecomhub.app,3.0,
ecomhub,cfc7c0c4-d4a0-4b31-9ff4-3b88c76ce0ae,Cão robô interativo e inteligente - responde a perguntas e ao toque,iadog_15958,45.2,50,0.9,1.5,ES / FR 2,https://api.ecomhub.app/public/products/featuredImage-1765407206500-2ef2b386.png,https://app.ecomhub.app,3.0,
ecomhub,a9ded14d-dbee-451a-9b36-21d720044bf6,CarPlay e Android Auto MP5 - 7 polegadas,carplay_gl69183,40.4,40,0.9,1.5,ES / FR 2,https://api.ecomhub.app/public/products/featuredImage-1775405345990-7f041f70.png,https://app.ecomhub.app,2.8,
ecomhub,f66d5963-3101-4709-80eb-bcb642255084,Projetor Portável,proyector_v-8221,40.2,20,0.001,1.5,ES / FR 2,https://api.ecomhub.app/public/products/featuredImage-1732810616795-334ee822.jpeg,https://app.ecomhub.app,2.4,
ecomhub,9e5d9084-32bd-4fe5-a2bc-143a6acf95c3,Kit de 2 Console de jogos sem fio Retro Stick com 2 controladores,tvstick_v-8220,58.12,10,0.001,1.5,ES / FR 2,https://api.ecomhub.app/public/products/featuredImage-1744137425764-46c74278.jpeg,https://app.ecomhub.app,2.2,
ecomhub,a83cd663-f257-4fb7-ade9-a82897888659,kit de 3 Console de jogos sem fio Retro Stick com 2 controladores,tvstick_v-8220,87.18,10,0.001,1.5,ES / FR 2,https://api.ecomhub.app/public/products/featuredImage-1744137413554-215f19db.jpeg,https://app.ecomhub.app,2.2,
dropipro,2535,Beevana - Crema Para dolores y articulaciones,,0.0,0,0.0,,Dropi PRO ES,https://dropipro.com/storage/products/2535/BEEVANA_1768219571.jpg,https://dropipro.com/app/products,0.0,dropi_critico
dropipro,2534,Crema adelgazante para hombres y mujeres,,0.0,0,0.0,,Dropi PRO ES,https://dropipro.com/storage/products/2534/ADELGA_1768219407.jpg,https://dropipro.com/app/products,0.0,dropi_critico
dropipro,2254,Collar de acero inoxidable con sello de los 7 Arcángeles plata,,0.0,0,0.0,,Dropi PRO ES,https://dropipro.com/storage/products/2254/WechatIMG2285_1757177555.jpg,https://dropipro.com/app/products,0.0,dropi_critico
