fonte,id,nome,sku,preco_eur,stock,peso,envio_eur,armazem,imagem,link,score_minerado,tags
dropipro,2731,Bolígrafo de caligrafía con 4 recambios para cuaderno mágico,,0.39,23958,0.25,,Dropi PRO ES,https://dropipro.com/storage/products/2731/WechatIMG2686_1777999894.jpg,https://dropipro.com/app/products,20.0,
dropipro,2720,Linterna led con zoom 3modo FA-556,,2.99,2000,0.24,,Dropi PRO ES,https://dropipro.com/storage/products/2720/LINTERNA_1777985004.JPG,https://dropipro.com/app/products,20.0,
dropipro,2680,Parches antihongos para uñas (16 unidades),,1.69,2672,0.22,,Dropi PRO ES,https://dropipro.com/storage/products/2680/parche_1776768242.jpg,https://dropipro.com/app/products,20.0,
dropipro,2679,Parches antihongos para uñas (60 unidades),,1.99,2554,0.22,,Dropi PRO ES,https://dropipro.com/storage/products/2679/hongo_1776352192.jpg,https://dropipro.com/app/products,20.0,
dropipro,2678,Funda de almohada satén gris para modelo ( Almohada ergonómica antiestrés ),,1.59,1497,0.26,,Dropi PRO ES,https://dropipro.com/storage/products/2678/FUNDAGRIS_1764872974_1775834363.jpg,https://dropipro.com/app/products,20.0,
dropipro,2677,Funda de almohada satén gris para modelo ( Almohada de punto ergonómica 3D ),,1.59,1485,0.26,,Dropi PRO ES,https://dropipro.com/storage/products/2677/FUNDAGRIS_1764872974_1775834363.jpg,https://dropipro.com/app/products,20.0,
dropipro,2645,Gafas fotocromáticas con protección UV para mujer,,2.29,647,0.23,,Dropi PRO ES,https://dropipro.com/storage/products/2645/WechatIMG2588_1773744636.jpg,https://dropipro.com/app/products,20.0,
dropipro,2642,Gel exfoliante purificante 50 g para rostro y cuerpo,,1.99,1149,0.27,,Dropi PRO ES,https://dropipro.com/storage/products/2642/613SfrNjUNL._AC_SX569__1775568151.jpg,https://dropipro.com/app/products,20.0,
dropipro,2640,Spray de nutrición con queratina para uñas,,1.89,1151,0.29,,Dropi PRO ES,https://dropipro.com/storage/products/2640/613536292_1328564002624683_3167888408250939837_n_1773675731.jpg,https://dropipro.com/app/products,20.0,
dropipro,2637,Leggins Mujer Push Up negro talla L/XL,,3.99,1800,0.4,,Dropi PRO ES,https://dropipro.com/storage/products/2637/NEGRO_1773393177.jpg,https://dropipro.com/app/products,20.0,
dropipro,2636,Leggins Mujer Push Up negro talla S/M,,3.99,1541,0.4,,Dropi PRO ES,https://dropipro.com/storage/products/2636/NEGRO_1773393177.jpg,https://dropipro.com/app/products,20.0,
dropipro,2622,Plantilla ergonómica con tecnología 4D Cloud ( talla mujer ),,1.89,1693,0.27,,Dropi PRO ES,https://dropipro.com/storage/products/2622/71JJpmE7zoL._AC_SL1500__1771503145.jpg,https://dropipro.com/app/products,20.0,
dropipro,2621,Plantilla ergonómica con tecnología 4D Cloud ( talla hombre ),,1.89,1561,0.27,,Dropi PRO ES,https://dropipro.com/storage/products/2621/71JJpmE7zoL._AC_SL1500__1771503145.jpg,https://dropipro.com/app/products,20.0,
dropipro,2605,Sup Resina orgánica pura del Himalaya SHILAJIT 100g,,2.69,635,0.34,,Dropi PRO ES,https://dropipro.com/storage/products/2605/shilajit_1770820464.jpg,https://dropipro.com/app/products,20.0,
dropipro,2577,Parche térmico terapéutico lumbar,,1.49,779,0.23,,Dropi PRO ES,https://dropipro.com/storage/products/2577/lumbar_1769279374.jpg,https://dropipro.com/app/products,20.0,
dropipro,2576,Parche para aliviar la garganta,,1.49,1000,0.23,,Dropi PRO ES,https://dropipro.com/storage/products/2576/gargan_1769279004.jpg,https://dropipro.com/app/products,20.0,
dropipro,2575,Parche alivio dolor de talón,,1.49,781,0.24,,Dropi PRO ES,https://dropipro.com/storage/products/2575/talon_1769278937.jpg,https://dropipro.com/app/products,20.0,
dropipro,2574,Rodillera estabilizadora de rótula,,3.49,768,0.31,,Dropi PRO ES,https://dropipro.com/storage/products/2574/RODI_1769278777.jpg,https://dropipro.com/app/products,20.0,
dropipro,2558,Parches GLP-1 – Apoyo diario para el control del apetito y el metabolismo,,1.49,8429,0.2,,Dropi PRO ES,https://dropipro.com/storage/products/2558/glp_1768243447.jpg,https://dropipro.com/app/products,20.0,
dropipro,2550,Lámpara solar exterior con sensor de movimiento,,3.49,770,0.43,,Dropi PRO ES,https://dropipro.com/storage/products/2550/lampa_1768234046.jpg,https://dropipro.com/app/products,20.0,
dropipro,2504,Leggings Push Up anticelulitis 3D negro ( talla M = M/L ),,4.99,968,0.43,,Dropi PRO ES,https://dropipro.com/storage/products/2504/negro_1767025897.jpg,https://dropipro.com/app/products,20.0,
dropipro,2503,Alcachofa iónica con doble filtro,,4.09,1041,0.6,,Dropi PRO ES,https://dropipro.com/storage/products/2503/alcachofa_1767016141.jpg,https://dropipro.com/app/products,20.0,
dropipro,2487,Filtro para el modelo de alcachofa Pro cromada,,0.45,12257,0.2,,Dropi PRO ES,https://dropipro.com/storage/products/2487/FILTR_1765975247.jpg,https://dropipro.com/app/products,20.0,
dropipro,2486,Alcachofa de ducha de alta presión Pro cromada,,4.09,10962,0.49,,Dropi PRO ES,https://dropipro.com/storage/products/2486/WechatIMG2439_1765974189.jpg,https://dropipro.com/app/products,20.0,
dropipro,2429,Funda de almohada satén blanco 35x55cm para modelo ( Almohada cervical viscoelástica Cuello ),,1.59,946,0.24,,Dropi PRO ES,https://dropipro.com/storage/products/2429/FUNDABLANCO_1764873045.jpg,https://dropipro.com/app/products,20.0,
dropipro,2428,Funda de almohada satén gris 35x55cm para modelo ( Almohada cervical viscoelástica Cuello ),,1.59,953,0.24,,Dropi PRO ES,https://dropipro.com/storage/products/2428/FUNDAGRIS_1764872974.jpg,https://dropipro.com/app/products,20.0,
dropipro,2287,Bálsamo antiarrugas VITALIS,,1.99,25964,0.21,,Dropi PRO ES,https://dropipro.com/storage/products/2287/bals_1777634515.jpg,https://dropipro.com/app/products,20.0,
dropipro,2219,Pegatinas filtrantes para desague 10 piezas,,0.89,3949,0.21,,Dropi PRO ES,https://dropipro.com/storage/products/2219/FILTRANTEDESAGUE_1756731473.jpg,https://dropipro.com/app/products,20.0,
dropipro,2451,Parches para eliminar arrugas faciales 10 pcs,,1.99,792,0.24,,Dropi PRO ES,https://dropipro.com/storage/products/2451/parche_1765887248.jpg,https://dropipro.com/app/products,20.0,
dropipro,2442,Pack de 10 parches para aliviar dolores cervicales,,1.49,917,0.23,,Dropi PRO ES,https://dropipro.com/storage/products/2442/61gkwUgxfZL._SL1500__1765470319.jpg,https://dropipro.com/app/products,20.0,
dropipro,2437,Suplemento liposomal NAD+ con resveratrol,,3.89,672,0.3,,Dropi PRO ES,https://dropipro.com/storage/products/2437/NAD_1752592049_1765219687.jpg,https://dropipro.com/app/products,20.0,
dropipro,2433,Collar con colgante de trébol transformable oro,,2.49,1985,0.2,,Dropi PRO ES,https://dropipro.com/storage/products/2433/WechatIMG2423_1765214043.jpg,https://dropipro.com/app/products,20.0,
dropipro,1093,Bateria Dron 4K,,1.89,14724,0.02,,Dropi PRO ES,https://dropipro.com/storage/products/1093/bateria-lipo-dron-e99-pro-2-negro_2023-05-30-18-54-53.jpg,https://dropipro.com/app/products,20.0,
dropipro,1638,Smartwatch serie 10 con pantalla 2.2 pulgadas negro,,4.99,2529,0.31,,Dropi PRO ES,https://dropipro.com/storage/products/1638/WechatIMG1928_1735057615.jpg,https://dropipro.com/app/products,20.0,
dropipro,10,Auriculares Inalámbricos 2ª generación,,2.29,8395,0.26,,Dropi PRO ES,https://dropipro.com/storage/products/10/aird_2024-05-30-17-45-19.jpg,https://dropipro.com/app/products,20.0,
dropipro,1483,Árbol de navidad de fieltro con 25 adornos + luces de 3m,,3.99,1034,0.4,,Dropi PRO ES,https://dropipro.com/storage/products/1483/alber_2024-11-15-15-52-13.jpg,https://dropipro.com/app/products,20.0,
dropipro,1910,Cinta de Sellado resistente al agua 5cm*3m,,1.69,2812,0.57,,Dropi PRO ES,https://dropipro.com/storage/products/1910/6880c50517391c1cf08249d18456c70b_2023-10-30-16-34-01_1742234748.jpg,https://dropipro.com/app/products,20.0,
dropipro,1377,Spray sellador impermeabilizante transparente,,3.69,6856,0.5,,Dropi PRO ES,https://dropipro.com/storage/products/1377/WechatIMG1740_2024-10-09-16-01-53.jpg,https://dropipro.com/app/products,20.0,
dropipro,382,Dispositivo Antirronquidos,,2.99,5261,0.12,,Dropi PRO ES,https://dropipro.com/storage/products/382/7193eB2zqyL_2023-11-01-11-35-54._AC_SL1500_.jpg,https://dropipro.com/app/products,20.0,
dropipro,2294,Cuaderno mágico de escritura para Niños 4und PORTUGUES,,2.49,5897,0.43,,Dropi PRO ES,https://dropipro.com/storage/products/2294/CUADERNOPORTUGUES_1766402064.jpg,https://dropipro.com/app/products,20.0,
dropipro,2293,Cuaderno mágico de escritura para Niños 4und INGLES,,2.49,8478,0.43,,Dropi PRO ES,https://dropipro.com/storage/products/2293/LIBRO_2024-08-14-18-48-38.jpg,https://dropipro.com/app/products,20.0,
dropipro,2320,Parches desintoxicante para pies KINOKI 10 pcs,,1.89,2846,0.27,,Dropi PRO ES,https://dropipro.com/storage/products/2320/kinoki_1762528531.jpg,https://dropipro.com/app/products,20.0,
dropipro,2303,Medidor de glucosa portátil,,2.99,2071,0.24,,Dropi PRO ES,https://dropipro.com/storage/products/2303/MEDIDORDEGLUCOSA_1766403685.jpg,https://dropipro.com/app/products,20.0,
dropipro,2074,"Aumento Labios Instantaneo , Plumper y brillo para el cuidado de los labios",,0.99,1598,0.21,,Dropi PRO ES,https://dropipro.com/storage/products/2074/IMG_20251110_134427_1762779683.jpg,https://dropipro.com/app/products,20.0,
dropipro,2372,Manopla quita pelos mascota,,1.89,631,0.24,,Dropi PRO ES,https://dropipro.com/storage/products/2372/MANOP_1763553626.jpg,https://dropipro.com/app/products,20.0,
dropipro,2363,Recortadora de pelo de mascotas,,4.99,2150,0.34,,Dropi PRO ES,https://dropipro.com/storage/products/2363/RECO_1763400862.jpg,https://dropipro.com/app/products,20.0,
dropipro,2072,Serum Koreano- Liso al Instante,,0.99,887,0.32,,Dropi PRO ES,https://dropipro.com/storage/products/2072/IMG_20251110_133041_1762779429.jpg,https://dropipro.com/app/products,20.0,
dropipro,2073,Parches para ojos,,0.99,1738,0.2,,Dropi PRO ES,https://dropipro.com/storage/products/2073/IMG_20251110_134010_1762779962.jpg,https://dropipro.com/app/products,20.0,
dropipro,2286,Pack de gafas antirayos azules multifocales autograduable mas funda de cuero,,1.79,16370,0.2,,Dropi PRO ES,https://dropipro.com/storage/products/2286/WechatIMG2495_1767359882.jpg,https://dropipro.com/app/products,20.0,
dropipro,2081,Anillo magnetico detox- Anillo Bisuteria,,0.99,640,0.2,,Dropi PRO ES,https://dropipro.com/storage/products/2081/nNcuROCD8mGPxz4T9NFZpfvnd6dxzCUQxSq5ZEKZ_1753962740.jpg,https://dropipro.com/app/products,20.0,
dropipro,2078,Well sleep para apneas de sueño,,1.99,1140,0.23,,Dropi PRO ES,https://dropipro.com/storage/products/2078/IMG_20251110_133306_1762780318.jpg,https://dropipro.com/app/products,20.0,
dropipro,2307,Spray veneno de abeja para eliminar verrugas,,1.99,4252,0.24,,Dropi PRO ES,https://dropipro.com/storage/products/2307/ABEJA_1761998282.jpg,https://dropipro.com/app/products,20.0,
dropipro,2075,Spray vitamina c,,0.99,835,0.29,,Dropi PRO ES,https://dropipro.com/storage/products/2075/IMG_20251110_133548_1762780060.jpg,https://dropipro.com/app/products,20.0,
dropipro,2080,REstaurador de plastico,,0.99,797,0.23,,Dropi PRO ES,https://dropipro.com/storage/products/2080/3CUExgJkfiNcUuFYKqGpLdq5Frsz1x1mmEZUFCeN_1753962785.jpg,https://dropipro.com/app/products,20.0,
dropipro,2082,Slimory- Masajeador linfático,,2.5,698,0.29,,Dropi PRO ES,https://dropipro.com/storage/products/2082/EGCykXGk7Wu0P7FoUrWbMVgVzlhWgJwXE1RcqVrC_1753962721.jpg,https://dropipro.com/app/products,20.0,
dropipro,2077,Rotulador cejas negro,,1.69,1418,0.21,,Dropi PRO ES,https://dropipro.com/storage/products/2077/SAehbmF9gPLWtSJqsaldI1xG1hNMqCNixvgmIdNx_1753962930.jpg,https://dropipro.com/app/products,20.0,
dropipro,2276,Mascarillas facial BIO-COLLAGEN 5 unidades,,2.99,698,0.52,,Dropi PRO ES,https://dropipro.com/storage/products/2276/MASCBIOCOLAGEN_1766401338.jpg,https://dropipro.com/app/products,20.0,
dropipro,2273,Pack de 3 paños de limpieza de malla de alambre,,0.89,654,0.05,,Dropi PRO ES,https://dropipro.com/storage/products/2273/PACK3PAO_1766401056.jpg,https://dropipro.com/app/products,20.0,
dropipro,2270,Perfume con Feromonas Hombre 50ml,,2.99,2105,0.17,,Dropi PRO ES,https://dropipro.com/storage/products/2270/FEROMONAS_1766400611.jpg,https://dropipro.com/app/products,20.0,
dropipro,2176,Pulseras repelente de mosquitos blanco,,3.99,1995,0.24,,Dropi PRO ES,https://dropipro.com/storage/products/2176/MOSQBLAN_17495637881_1756228545.jpg,https://dropipro.com/app/products,20.0,
dropipro,2175,Shine Brown bronceador corporal 100g,,2.89,1271,0.34,,Dropi PRO ES,https://dropipro.com/storage/products/2175/SHINE_1756225978.jpg,https://dropipro.com/app/products,20.0,
dropipro,2304,SUP Gummies SHILAJIT 30 unidades,,3.69,650,0.31,,Dropi PRO ES,https://dropipro.com/storage/products/2304/shila_1777895955.jpg,https://dropipro.com/app/products,20.0,
dropipro,2147,SUP Cúrcuma 30 Cápsulas – Apoyo Articular y Antioxidante Natural,,3.19,1059,0.21,,Dropi PRO ES,https://dropipro.com/storage/products/2147/CURCUMA_1766320838.jpg,https://dropipro.com/app/products,20.0,
dropipro,2144,SUP Gummies de Vinagre de Manzana – Apoyo Digestivo y Energía Natural,,4.15,3677,0.41,,Dropi PRO ES,https://dropipro.com/storage/products/2144/MANZANAANTIGUA_1766318916.jpg,https://dropipro.com/app/products,20.0,
dropipro,2142,SUP Aceite de Onagra 30 Perlas – Equilibrio Hormonal y Bienestar Femenino,,3.49,1096,0.24,,Dropi PRO ES,https://dropipro.com/storage/products/2142/ONAGRA_1766318701.jpg,https://dropipro.com/app/products,20.0,
dropipro,2389,Dispositivo Láser para Hongos en las Uñas,,2.49,612,0.26,,Dropi PRO ES,https://dropipro.com/storage/products/2389/HONGO_1763812535.jpg,https://dropipro.com/app/products,20.0,
dropipro,2392,Cepillo de limpieza 2 en 1 ajustable de 120°,,1.99,637,0.41,,Dropi PRO ES,https://dropipro.com/storage/products/2392/CEPILLO_1763815885.jpg,https://dropipro.com/app/products,20.0,
dropipro,2102,Oxímetro de dedo profesional con pantalla LED,,2.39,3115,0.23,,Dropi PRO ES,https://dropipro.com/storage/products/2102/OXIMETRO_1765564364.jpg,https://dropipro.com/app/products,20.0,
dropipro,96,Cortina Magnética Antimosquitos,,2.79,707,0.48,,Dropi PRO ES,https://dropipro.com/storage/products/96/cortina_24-11-2022.jpg,https://dropipro.com/app/products,20.0,
dropipro,893,Cera para reparación de arañazos de coche,,3.29,970,1.47,,Dropi PRO ES,https://dropipro.com/storage/products/893/CERA_2024-06-19-17-51-25.JPG,https://dropipro.com/app/products,20.0,
dropipro,1915,Kit blanqueador dental,,0.99,991,0.21,,Dropi PRO ES,https://dropipro.com/storage/products/1915/KITBLANQUEADOR-24403_1764700970.jpg,https://dropipro.com/app/products,20.0,
dropipro,1925,Limpiadores de Desagües Potente 110G,,0.99,1490,0.32,,Dropi PRO ES,https://dropipro.com/storage/products/1925/LIMPIADOR-24446_1764701080.jpg,https://dropipro.com/app/products,20.0,
dropipro,1927,Manta Térmica Supervivencia Reutilizable,,0.99,994,0.24,,Dropi PRO ES,https://dropipro.com/storage/products/1927/MANTATERMICA-24547_1764701481.jpg,https://dropipro.com/app/products,20.0,
dropipro,1970,Pulsera de terapia magnética titanio con regulador,,2.99,870,0.04,,Dropi PRO ES,https://dropipro.com/storage/products/1970/61RlhysVALL._AC_SX425__1765302222.jpg,https://dropipro.com/app/products,20.0,
dropipro,1971,Inhalador nasal para mejorar la respiración,,2.69,705,0.03,,Dropi PRO ES,https://dropipro.com/storage/products/1971/INHALADOR_1765302522.jpg,https://dropipro.com/app/products,20.0,
dropipro,1972,Dilatador nasal magnetico 30pcs,,2.99,1162,0.26,,Dropi PRO ES,https://dropipro.com/storage/products/1972/DILATADOR_1765302629.jpg,https://dropipro.com/app/products,20.0,
dropipro,366,Correa Smartwatch Ultra8 Metalica Plata,,1.95,8330,0.07,,Dropi PRO ES,https://dropipro.com/storage/products/366/eb75f09b7e1641cbdb30b33cea6770f9902f4d6d_original_2023-10-14-19-59-07.jpeg,https://dropipro.com/app/products,20.0,
dropipro,312,Correa smartwatch PRO metálica negro,,1.49,4311,0.04,,Dropi PRO ES,https://dropipro.com/storage/products/312/71J6IufQioL_2023-08-17-19-13-27._AC_SX679_.jpg,https://dropipro.com/app/products,20.0,
dropipro,182,Camiseta reductora hombre efecto sauna S/M,,2.95,1978,0.35,,Dropi PRO ES,https://dropipro.com/storage/products/182/D_NQ_NP_870851-MLM51138250095_082022-W_2023-04-05-20-34-11.jpg,https://dropipro.com/app/products,20.0,
dropipro,2032,Pack de 2 rollos de dibujo para niños,,2.99,1503,0.33,,Dropi PRO ES,https://dropipro.com/storage/products/2032/ROLLODIBUJO_1765303910.jpg,https://dropipro.com/app/products,20.0,
dropipro,359,Set 5 Parche Adelgazante del Abdomen,,1.89,2273,0.26,,Dropi PRO ES,https://dropipro.com/storage/products/359/646_2023-10-13-13-46-22.jpg,https://dropipro.com/app/products,20.0,
dropipro,328,Rodillera 1pcs Deportiva Ajustable S/M,,2.29,905,0.2,,Dropi PRO ES,https://dropipro.com/storage/products/328/cf9350f6a11f396f4b0e8b3cb98f9490_2023-08-23-18-23-36.jpg,https://dropipro.com/app/products,20.0,
dropipro,1624,Estimulador muscular para entrenamiento de abdominales modelo pila,,3.69,1947,0.38,,Dropi PRO ES,https://dropipro.com/storage/products/1624/ESTIMULADOR_1734536930.JPG,https://dropipro.com/app/products,20.0,
dropipro,385,Estimulador muscular para entrenamiento de abdominales,,4.99,867,0.38,,Dropi PRO ES,https://dropipro.com/storage/products/385/ESTIMULADOR_1734536930_1777470886.jpeg,https://dropipro.com/app/products,20.0,
dropipro,754,Corrector de Postura Para Mujer XL/XXL,,3.89,3398,0.38,,Dropi PRO ES,https://dropipro.com/storage/products/754/71RB2RRWOdL_2023-11-01-13-43-15._SL1500_.jpg,https://dropipro.com/app/products,20.0,
dropipro,390,Corrector de Postura Para Mujer M/L,,3.89,1755,0.38,,Dropi PRO ES,https://dropipro.com/storage/products/390/71RB2RRWOdL_2023-11-01-13-43-15._SL1500_.jpg,https://dropipro.com/app/products,20.0,
dropipro,367,Corrector Juvenil,,2.49,689,0.13,,Dropi PRO ES,https://dropipro.com/storage/products/367/2_2023-10-14-20-02-14.jpg,https://dropipro.com/app/products,20.0,
dropipro,379,Corrector de Postura Reforzada,,1.55,4630,0.3,,Dropi PRO ES,https://dropipro.com/storage/products/379/51UUnzxFr6L_2023-10-16-19-59-33.jpg,https://dropipro.com/app/products,20.0,
dropipro,21,Corrector de postura,,1.99,2462,0.1,,Dropi PRO ES,https://dropipro.com/storage/products/21/81mf3obqwpL_2023-11-23-14-01-25._SL1500_.jpg,https://dropipro.com/app/products,20.0,
dropipro,303,Faja térmica para el dolor correctora de postura,,2.89,2814,0.4,,Dropi PRO ES,https://dropipro.com/storage/products/303/711Wcu2poPL_2023-07-30-13-41-13._SL1000_.jpg,https://dropipro.com/app/products,20.0,
dropipro,498,Faja Reductora Mujer Adelgazante Negro M/L,,3.95,1003,0.25,,Dropi PRO ES,https://dropipro.com/storage/products/498/24031_2024-01-27-19-54-43.jpg,https://dropipro.com/app/products,20.0,
dropipro,616,Body Reductor Mujer Negro M/L,,3.69,1587,0.29,,Dropi PRO ES,https://dropipro.com/storage/products/616/bodyng_2024-03-07-19-26-57.jpg,https://dropipro.com/app/products,20.0,
dropipro,1506,Gafas Multifocal de lectura OnePower,,1.79,33890,0.05,,Dropi PRO ES,https://dropipro.com/storage/products/1506/GAFA_2024-11-19-11-41-04.jpg,https://dropipro.com/app/products,20.0,
dropipro,1819,Pack de gafas antirayos azules multifocales +1.50 mas funda de cuero,,1.79,10049,0.01,,Dropi PRO ES,https://dropipro.com/storage/products/1819/714NVmUTEKL_2024-05-15-17-13-07._AC_SX679_.jpg,https://dropipro.com/app/products,20.0,
dropipro,1110,Linterna led con zoom 3modo,,2.89,12075,0.14,,Dropi PRO ES,https://dropipro.com/storage/products/1110/LINTERNACOB_2024-08-24-16-11-58.JPG,https://dropipro.com/app/products,20.0,
dropipro,860,Mini linterna recargable zoom,,1.99,1568,0.28,,Dropi PRO ES,https://dropipro.com/storage/products/860/WechatIMG1326_2024-05-31-16-48-16.jpg,https://dropipro.com/app/products,20.0,
dropipro,1896,Linterna eléctrica alta luminosidad 4 modos,,4.49,730,0.38,,Dropi PRO ES,https://dropipro.com/storage/products/1896/LINTERNA4MODOS_1764700564.jpg,https://dropipro.com/app/products,20.0,
dropipro,1882,Luz solar LED con mando y sensor de movimiento FA-120B,,4.89,1415,0.57,,Dropi PRO ES,https://dropipro.com/storage/products/1882/SOLAR_1741113571.jpg,https://dropipro.com/app/products,20.0,
dropipro,1111,Luz solar led cob magnetica 20W,,3.69,1208,0.22,,Dropi PRO ES,https://dropipro.com/storage/products/1111/COB_2024-08-24-16-18-50.jpg,https://dropipro.com/app/products,20.0,
dropipro,384,Luz LED Blanca Recargable Con Sensor Movimiento 60CM,,4.49,639,0.44,,Dropi PRO ES,https://dropipro.com/storage/products/384/61jOmrmzczL_2023-11-01-11-47-41._AC_SL1500_.jpg,https://dropipro.com/app/products,20.0,
dropipro,1112,Luz solar de pared con mando 72 LED,,4.49,1038,0.45,,Dropi PRO ES,https://dropipro.com/storage/products/1112/LED_2024-08-24-16-24-09.jpg,https://dropipro.com/app/products,20.0,
dropipro,1880,Mini luz solar LED con mando y sensor de movimiento FA-526,,3.49,656,0.39,,Dropi PRO ES,https://dropipro.com/storage/products/1880/miniluz_1741113135.jpg,https://dropipro.com/app/products,20.0,
dropipro,1497,Bolsa de Agua portátil de 8L,,2.49,991,0.11,,Dropi PRO ES,https://dropipro.com/storage/products/1497/BOLSAAGUA_2024-11-18-17-18-33.jpg,https://dropipro.com/app/products,20.0,
dropipro,1446,Trampa para cucarachas Reutilizable,,2.69,987,0.17,,Dropi PRO ES,https://dropipro.com/storage/products/1446/TRAMPA_2024-11-06-16-51-32.jpg,https://dropipro.com/app/products,20.0,
dropipro,1135,Cinta doble cara extrafuerte nanotech 3cm x 3m,,1.49,3985,0.27,,Dropi PRO ES,https://dropipro.com/storage/products/1135/CINTA_2024-04-20-18-55-18.jpg,https://dropipro.com/app/products,20.0,
dropipro,380,Cinta de Sellado resistente al agua 10cm*5m,,2.69,4525,0.74,,Dropi PRO ES,https://dropipro.com/storage/products/380/6880c50517391c1cf08249d18456c70b_2023-10-30-16-31-47.jpg,https://dropipro.com/app/products,20.0,
dropipro,1155,Medidor de contornos y ángulos bloqueable,,3.89,2373,0.33,,Dropi PRO ES,https://dropipro.com/storage/products/1155/615FR9TcMbL_2024-05-24-16-39-01._AC_SX679_.jpg,https://dropipro.com/app/products,20.0,
dropipro,381,Cinta de Sellado resistente al agua 5cm*1m,,1.69,2238,0.15,,Dropi PRO ES,https://dropipro.com/storage/products/381/6880c50517391c1cf08249d18456c70b_2023-10-30-16-34-01.jpg,https://dropipro.com/app/products,20.0,
dropipro,1044,Cinta de reparación mosquiteras transparente 50MMx2M,,1.49,826,0.05,,Dropi PRO ES,https://dropipro.com/storage/products/1044/CINTA_2024-08-04-18-23-48.jpg,https://dropipro.com/app/products,20.0,
dropipro,909,Cinta de sellado autoadhesiva para cocina y baño 22mmx3.35m,,1.69,3022,0.15,,Dropi PRO ES,https://dropipro.com/storage/products/909/CINTA_2024-06-25-17-24-05.JPG,https://dropipro.com/app/products,20.0,
dropipro,801,"Cinta doble cara extrafuerte nanotech 2,4cm x 2m",,1.29,1179,0.07,,Dropi PRO ES,https://dropipro.com/storage/products/801/CINTA_2024-04-20-18-55-18.jpg,https://dropipro.com/app/products,20.0,
dropipro,368,Cinta FLEX TAPE,,1.89,1004,0.28,,Dropi PRO ES,https://dropipro.com/storage/products/368/71y9x0tddaL_2023-10-14-20-06-26._AC_SL1500_.jpg,https://dropipro.com/app/products,20.0,
dropipro,1071,Adaptador de llave universal,,3.99,693,0.22,,Dropi PRO ES,https://dropipro.com/storage/products/1071/61ntrDr6ydL._AC_SL1024__1739208960.jpg,https://dropipro.com/app/products,20.0,
dropipro,1571,Boquilla 6 en 1 para pistola alta presión,,1.89,2895,0.26,,Dropi PRO ES,https://dropipro.com/storage/products/1571/BOQUILLA_1732558459.JPG,https://dropipro.com/app/products,20.0,
dropipro,101,Pistola de Agua Presion,,3.69,646,0.45,,Dropi PRO ES,https://dropipro.com/storage/products/101/pistolaaguapresion_28-11-2022.jpg,https://dropipro.com/app/products,20.0,
dropipro,568,Kit Destornillador de Precisión 115 en 1,,3.99,1846,0.68,,Dropi PRO ES,https://dropipro.com/storage/products/568/115_2024-03-19-16-56-12.jpg,https://dropipro.com/app/products,20.0,
dropipro,566,Llave multifuncion 48 en 1,,3.99,1135,0.51,,Dropi PRO ES,https://dropipro.com/storage/products/566/71sLnkR8STL_2024-02-09-13-08-08._AC_SL1500_.jpg,https://dropipro.com/app/products,20.0,
dropipro,448,Nivel Láser multifuncional 4 en 1,,3.95,1155,0.5,,Dropi PRO ES,https://dropipro.com/storage/products/448/7104yLVu05L_2023-12-20-13-41-06._AC_SL1500_.jpg,https://dropipro.com/app/products,20.0,
dropipro,408,Aspirador de coche portátil 3 en 1,,4.99,6163,0.56,,Dropi PRO ES,https://dropipro.com/storage/products/408/aspirador_2024-03-13-14-31-08.jpg,https://dropipro.com/app/products,20.0,
dropipro,892,Removedor de arañazos,,2.85,3125,0.33,,Dropi PRO ES,https://dropipro.com/storage/products/892/removedor_2024-06-19-17-43-07.jpg,https://dropipro.com/app/products,20.0,
dropipro,316,Mini Cámara Espia 1080p HD,,4.49,2165,0.26,,Dropi PRO ES,"https://dropipro.com/storage/products/316/61pGU4rP-cL_2023-08-23-16-22-44._AC_UF1000,1000_QL80_.jpg",https://dropipro.com/app/products,20.0,
dropipro,2056,Pack de 10 perchas individuales,,1.39,1985,0.21,,Dropi PRO ES,https://dropipro.com/storage/products/2056/PERCHAS_1765560547.jpg,https://dropipro.com/app/products,20.0,
dropipro,2050,Repuesto de incienso de reflujo 50pcs,,0.89,1207,0.28,,Dropi PRO ES,https://dropipro.com/storage/products/2050/INCIENSO_1765558960.jpg,https://dropipro.com/app/products,20.0,
dropipro,2045,Polvos eliminador de poros,,2.29,997,0.23,,Dropi PRO ES,https://dropipro.com/storage/products/2045/signal-2025-11-25-151327_1764080069.jpeg,https://dropipro.com/app/products,20.0,
dropipro,2044,Bálsamo antiarrugas,,2.29,849,0.21,,Dropi PRO ES,https://dropipro.com/storage/products/2044/signal-2025-11-25-150138_1764079407.jpeg,https://dropipro.com/app/products,20.0,
dropipro,2041,Resina orgánica pura del Himalaya SHILAJIT 100g,,2.89,866,0.34,,Dropi PRO ES,https://dropipro.com/storage/products/2041/SHILAJIT_1765304189.jpg,https://dropipro.com/app/products,20.0,
dropipro,950,Luz led RGB con bateria,,2.19,1099,0.05,,Dropi PRO ES,https://dropipro.com/storage/products/950/LUZ_2024-07-16-23-06-30.jpg,https://dropipro.com/app/products,20.0,
dropipro,914,luces LED sumergibles multicolores,,3.19,632,0.3,,Dropi PRO ES,https://dropipro.com/storage/products/914/RGB_2024-06-30-15-17-00.JPG,https://dropipro.com/app/products,20.0,
dropipro,1853,Hucha de madera con contador,,2.49,1676,0.21,,Dropi PRO ES,https://dropipro.com/storage/products/1853/HUCHA_1740132772.jpg,https://dropipro.com/app/products,20.0,
dropipro,1791,Pack de 2 atrapapelusas flotante para lavadora,,1.99,1357,0.17,,Dropi PRO ES,https://dropipro.com/storage/products/1791/PELUSA_1738952962.jpg,https://dropipro.com/app/products,20.0,
dropipro,1553,Repuesto bateria solo para aspiradora potente ( no sirve para otro modelos ),,3.69,1775,0.29,,Dropi PRO ES,https://dropipro.com/storage/products/1553/BATERIA_2024-11-06-16-36-00.JPG,https://dropipro.com/app/products,20.0,
dropipro,1517,Cinta impermeable autoadhesiva de asfalto 10CM X 10M,,4.89,772,1.9,,Dropi PRO ES,https://dropipro.com/storage/products/1517/CINTAASF_2024-11-19-13-31-22.jpg,https://dropipro.com/app/products,20.0,
dropipro,1516,Cinta impermeable autoadhesiva de asfalto 5CM X 2.5M,,1.99,3118,0.25,,Dropi PRO ES,https://dropipro.com/storage/products/1516/CINTAASF_2024-11-19-13-28-06.jpg,https://dropipro.com/app/products,20.0,
dropipro,943,Fregona de Limpieza telescópica autoescurrible,,4.49,1814,0.6,,Dropi PRO ES,https://dropipro.com/storage/products/943/WechatIMG1410_2024-07-13-16-05-16.jpg,https://dropipro.com/app/products,20.0,
dropipro,363,Fregona de Limpieza telescópica 360* autoescurrible,,3.99,10797,0.63,,Dropi PRO ES,https://dropipro.com/storage/products/363/1696664837898_2023-10-14-18-55-05.jpg,https://dropipro.com/app/products,20.0,
dropipro,414,Recambio Mopa 360 1ud,,0.49,5715,0.15,,Dropi PRO ES,https://dropipro.com/storage/products/414/MOPA_2023-12-13-11-53-09.jpg,https://dropipro.com/app/products,20.0,
dropipro,941,Fregona autolimpiante giratoria 360,,2.99,2191,0.7,,Dropi PRO ES,https://dropipro.com/storage/products/941/MOPA_2024-07-13-15-34-00.JPG,https://dropipro.com/app/products,20.0,
dropipro,237,Mini Fregona Portátil absorbente,,1.99,1897,0.17,,Dropi PRO ES,https://dropipro.com/storage/products/237/61eXh08x-2L_2023-06-01-18-02-25._AC_SL1500_.jpg,https://dropipro.com/app/products,20.0,
dropipro,449,Repuesto Mini Fregona Portátil Pack 1,,0.49,9340,0.22,,Dropi PRO ES,https://dropipro.com/storage/products/449/61UOcDYE9qL_2023-12-20-13-46-01._AC_SL1500_.jpg,https://dropipro.com/app/products,20.0,
dropipro,12,Mopa Fregona 7L,,4.99,3091,1.31,,Dropi PRO ES,https://dropipro.com/storage/products/12/4508605748809_1_2023-10-04-11-43-38.jpg,https://dropipro.com/app/products,20.0,
dropipro,297,Repuesto Mopa Fregona 7/8L,,0.25,30385,0.02,,Dropi PRO ES,https://dropipro.com/storage/products/297/Trapos-de-repuesto-para-mopa-cabezal-de-limpieza-giratorio-360-pa-o-de-fibra-de-carbono_2023-07-30-11-57-01.jpg,https://dropipro.com/app/products,20.0,
dropipro,938,Cepillo limpieza esponja plegable,,1.79,901,0.3,,Dropi PRO ES,https://dropipro.com/storage/products/938/CEPILLO_2024-07-13-13-57-48.jpg,https://dropipro.com/app/products,20.0,
dropipro,263,Cepillo de Limpieza eléctrico,,3.49,651,0.54,,Dropi PRO ES,https://dropipro.com/storage/products/263/61-t8lvthL_2023-06-12-12-04-50._AC_SL1500_.jpg,https://dropipro.com/app/products,20.0,
dropipro,524,Cepillo inodoro de goma para pared,,2.59,822,0.28,,Dropi PRO ES,https://dropipro.com/storage/products/524/cepillo_2024-04-23-11-54-54.jpg,https://dropipro.com/app/products,20.0,
dropipro,1119,Set 2 toalla para el Cabello ( color sultido ),,1.99,727,0.12,,Dropi PRO ES,https://dropipro.com/storage/products/1119/TOALLA_2024-08-24-17-29-50.jpg,https://dropipro.com/app/products,20.0,
dropipro,688,Manguera ducha 1.5m,,1.85,655,0.35,,Dropi PRO ES,https://dropipro.com/storage/products/688/MANGUERA_2024-03-23-18-02-07.jpg,https://dropipro.com/app/products,20.0,
dropipro,675,Soporte ducha,,2.99,906,0.29,,Dropi PRO ES,https://dropipro.com/storage/products/675/reposapies_2024-03-22-16-44-12.jpg,https://dropipro.com/app/products,20.0,
dropipro,670,Cabezal ducha (varios modelos),,1.39,3747,0.15,,Dropi PRO ES,https://dropipro.com/storage/products/670/22139_2024-03-21-18-56-26.jpg,https://dropipro.com/app/products,20.0,
dropipro,671,Cabezal de ducha iónico con 3 modos,,2.89,3052,0.25,,Dropi PRO ES,https://dropipro.com/storage/products/671/22138_2024-03-21-18-26-23.jpg,https://dropipro.com/app/products,20.0,
dropipro,575,Alcachofa de ducha de alta presión,,3.49,11379,0.48,,Dropi PRO ES,https://dropipro.com/storage/products/575/71V4BmYbMPL_2024-02-10-18-39-26._AC_SL1500_.jpg,https://dropipro.com/app/products,20.0,
dropipro,375,Filtro para alcachofa de ducha de alta presión,,0.29,32635,0.21,,Dropi PRO ES,https://dropipro.com/storage/products/375/619KX7ddJbL_2024-01-17-17-55-32._AC_SL1050_.jpg,https://dropipro.com/app/products,20.0,
dropipro,815,Alfombra de ducha súper absorbente ovalada gris,,2.49,1293,0.45,,Dropi PRO ES,https://dropipro.com/storage/products/815/ALFOVGRIS_2024-05-06-15-46-04.jpg,https://dropipro.com/app/products,20.0,
dropipro,821,Alfombra antideslizante y absorbente de secado rápido gris,,2.49,1202,0.63,,Dropi PRO ES,https://dropipro.com/storage/products/821/ALFGRIS_2024-05-06-16-47-48.jpg,https://dropipro.com/app/products,20.0,
dropipro,332,Pastillas eliminadoras de manchas amarillas y blanqueadoras de inodoro,,1.99,732,0.25,,Dropi PRO ES,https://dropipro.com/storage/products/332/855823806_max_2023-09-08-16-14-13.jpg,https://dropipro.com/app/products,20.0,
dropipro,659,Bolsa De Almacenamiento 1PC,,2.29,3040,0.16,,Dropi PRO ES,https://dropipro.com/storage/products/659/618JsSl0gGL_2024-03-19-17-31-01._AC_SL1264_.jpg,https://dropipro.com/app/products,20.0,
dropipro,1117,Set de 3 organizador de zapato,,2.89,1603,0.24,,Dropi PRO ES,https://dropipro.com/storage/products/1117/ZAP_2024-08-24-17-21-34.jpg,https://dropipro.com/app/products,20.0,
dropipro,485,Ganchos Para Colgar Ropa (18 uds),,1.49,809,0.24,,Dropi PRO ES,https://dropipro.com/storage/products/485/24064_2024-01-24-19-02-51.jpg,https://dropipro.com/app/products,20.0,
dropipro,494,Almohadillas de Goma para Lavadoras,,0.99,3131,0.21,,Dropi PRO ES,https://dropipro.com/storage/products/494/24026_2024-01-27-19-19-27.jpg,https://dropipro.com/app/products,20.0,
dropipro,506,Agarraderas de Baño con Ventosa,,2.79,1163,0.47,,Dropi PRO ES,https://dropipro.com/storage/products/506/24057_2024-01-29-17-20-31.jpg,https://dropipro.com/app/products,20.0,
dropipro,552,Secadora de ropa portátil,,1.59,1530,0.06,,Dropi PRO ES,https://dropipro.com/storage/products/552/51ElygGYyIL_2024-02-08-13-14-51._AC_SL1000_.jpg,https://dropipro.com/app/products,20.0,
dropipro,217,Parasol de coche,,4.25,717,0.56,,Dropi PRO ES,https://dropipro.com/storage/products/217/61EK4iTUUPL_2023-05-30-16-47-17.jpg,https://dropipro.com/app/products,20.0,
dropipro,161,Percha multifuncional ahorra espacio,,1.49,2113,0.25,,Dropi PRO ES,https://dropipro.com/storage/products/161/BN5532-8_2023-02-28-16-48-08.jpg,https://dropipro.com/app/products,20.0,
dropipro,28,Carrito de compra plegable - Azul,,2.89,1379,0.55,,Dropi PRO ES,"https://dropipro.com/storage/products/28/519msnT4tiL_2023-07-28-19-21-56._AC_UF1000,1000_QL80_.jpg",https://dropipro.com/app/products,20.0,
dropipro,13,Limpiacristales magnético,,2.49,1128,0.73,,Dropi PRO ES,https://dropipro.com/storage/products/13/limpiacristales_02-11-2022.jpg,https://dropipro.com/app/products,20.0,
dropipro,31,Levantador de muebles,,3.99,763,0.87,,Dropi PRO ES,https://dropipro.com/storage/products/31/levantador_muebles_02-11-2022.jpg,https://dropipro.com/app/products,20.0,
dropipro,19,Set Rodillo de Pintura recargable,,4.49,1220,0.87,,Dropi PRO ES,https://dropipro.com/storage/products/19/rodillo_pintura_02-11-2022.jpg,https://dropipro.com/app/products,20.0,
dropipro,553,Luces LED con sensor de movimiento,,4.99,721,0.17,,Dropi PRO ES,https://dropipro.com/storage/products/553/61RkIlqlMxL_2024-02-08-13-37-04._AC_SL1500_.jpg,https://dropipro.com/app/products,20.0,
dropipro,1569,Lámina decorativa efecto mármol 60 x 300cm,,2.89,1793,0.44,,Dropi PRO ES,https://dropipro.com/storage/products/1569/MALMO_1732550574.jpg,https://dropipro.com/app/products,20.0,
dropipro,464,Lámpara LED con diamantes de cristal de 16colores,,3.49,637,0.57,,Dropi PRO ES,https://dropipro.com/storage/products/464/815Vzu603tL_2023-12-29-13-50-11._AC_SL1500_.jpg,https://dropipro.com/app/products,20.0,
dropipro,410,Quemador de Incienso de Reflujo con aromas y alfombrilla,,4.95,905,0.8,,Dropi PRO ES,https://dropipro.com/storage/products/410/71uK2niPUtL_2024-01-17-17-46-14._AC_SL1500_.jpg,https://dropipro.com/app/products,20.0,
dropipro,16,Incienso Cascada,,3.99,786,0.87,,Dropi PRO ES,https://dropipro.com/storage/products/16/incienso_02-11-2022.png,https://dropipro.com/app/products,20.0,
dropipro,299,Mini licuadora de vaso portatil blanco,,3.95,1272,0.52,,Dropi PRO ES,https://dropipro.com/storage/products/299/61Z-oPc0rL_2024-01-18-12-46-59._AC_SL1500_.jpg,https://dropipro.com/app/products,20.0,
dropipro,173,Aspirador de coche portátil,,4.19,3501,0.52,,Dropi PRO ES,https://dropipro.com/storage/products/173/61X2feVi2JL_2023-04-05-12-36-50._AC_SL1500_1024x.webp,https://dropipro.com/app/products,20.0,
dropipro,40,Luces LED inalámbricas x3 con mando,,3.59,1197,0.41,,Dropi PRO ES,https://dropipro.com/storage/products/40/luz_2024-06-03-18-11-58.jpg,https://dropipro.com/app/products,20.0,
dropipro,1525,Pack 3 fundas de silicona para mango de olla con aislamiento térmico,,3.49,825,0.17,,Dropi PRO ES,https://dropipro.com/storage/products/1525/OLLA_2024-11-19-17-57-30.jpg,https://dropipro.com/app/products,20.0,
dropipro,1519,Bolígrafo de decoracion eléctrico para café y repostería,,2.49,760,0.25,,Dropi PRO ES,https://dropipro.com/storage/products/1519/SPECIQA_2024-11-19-15-16-06.jpg,https://dropipro.com/app/products,20.0,
dropipro,1518,Guante de acero inoxidable resistente al corte,,3.49,969,0.13,,Dropi PRO ES,https://dropipro.com/storage/products/1518/GUANTE_2024-11-19-13-43-08.jpg,https://dropipro.com/app/products,20.0,
dropipro,1492,Molde de silicona para hacer cubitos de hielo,,2.89,723,0.32,,Dropi PRO ES,https://dropipro.com/storage/products/1492/HIELO_2024-11-18-16-48-08.jpg,https://dropipro.com/app/products,20.0,
dropipro,311,Afilador de cuchillos con ventosa,,1.59,1636,0.1,,Dropi PRO ES,https://dropipro.com/storage/products/311/Afilador-profesional-con-ventosa-piedra-de-afilar-cuchillos-herramienta-de-cocina-piedra-de-afilar_2023-08-09-13-08-25.jpg,https://dropipro.com/app/products,20.0,
dropipro,1168,Pack de 5 paños de limpieza de malla de alambre,,1.0,755,0.05,,Dropi PRO ES,https://dropipro.com/storage/products/1168/PANO_2024-09-11-15-05-58.jpg,https://dropipro.com/app/products,20.0,
dropipro,393,Papel de Horno para Freidora de Aire 20CM*50PCS,,1.89,922,0.38,,Dropi PRO ES,https://dropipro.com/storage/products/393/71CeAi7oWgL_2023-11-01-13-54-38._AC_SL1500_.jpg,https://dropipro.com/app/products,20.0,
dropipro,392,Papel de Horno para Freidora de Aire 16CM*50PCS,,1.49,1508,0.32,,Dropi PRO ES,https://dropipro.com/storage/products/392/713iIjJx7FL_2023-11-01-13-52-38._AC_SL1500_.jpg,https://dropipro.com/app/products,20.0,
dropipro,377,Molde para hacer empanadillas dumplings,,3.49,1390,0.52,,Dropi PRO ES,https://dropipro.com/storage/products/377/61tELHHuHBL_2023-10-16-19-51-58._AC_SL1500_.jpg,https://dropipro.com/app/products,20.0,
dropipro,834,Organizador de cajones de plástico para nevera ( colores variados ),,1.69,1251,0.12,,Dropi PRO ES,https://dropipro.com/storage/products/834/NEVERA_2024-05-21-19-27-59.jpg,https://dropipro.com/app/products,20.0,
dropipro,832,Jarra dispensador de masa con tapa,,4.49,760,0.32,,Dropi PRO ES,https://dropipro.com/storage/products/832/DISPENSADOR_2024-05-21-19-18-18.jpg,https://dropipro.com/app/products,20.0,
dropipro,777,Set de 6 Tapas de Silicona Reutilizables,,1.79,1389,0.1,,Dropi PRO ES,https://dropipro.com/storage/products/777/TAPA_2024-04-10-14-50-52.jpg,https://dropipro.com/app/products,20.0,
dropipro,1069,Limpiador de microondas Angry Mom,,2.59,891,0.12,,Dropi PRO ES,https://dropipro.com/storage/products/1069/MICROODAS_2024-08-14-18-20-44.jpg,https://dropipro.com/app/products,20.0,
dropipro,286,Prensa Ajos Acero Inoxidable,,1.19,1725,0.27,,Dropi PRO ES,https://dropipro.com/storage/products/286/71OldEEX5wL_2023-07-10-19-11-19._AC_SX522_.jpg,https://dropipro.com/app/products,20.0,
dropipro,676,Grifo giratorio con cascada para extensión 4en1,,3.49,1222,0.36,,Dropi PRO ES,https://dropipro.com/storage/products/676/GRIFO_2024-03-22-16-54-55.jpg,https://dropipro.com/app/products,20.0,
dropipro,264,Grifo Giratorio Plastico,,2.44,5379,0.27,,Dropi PRO ES,"https://dropipro.com/storage/products/264/716NuF7x6aL_2023-06-13-15-51-06._AC_UF1000,1000_QL80_.jpg",https://dropipro.com/app/products,20.0,
dropipro,285,Filtro de agua dos posiciones ajustable,,1.69,2203,0.01,,Dropi PRO ES,https://dropipro.com/storage/products/285/61DVKMdPM9L_2023-07-10-19-08-08._AC_SX522_.jpg,https://dropipro.com/app/products,20.0,
dropipro,284,Adaptador grifo Turbo Flex 360 Instantáneo,,1.29,2226,0.07,,Dropi PRO ES,https://dropipro.com/storage/products/284/71i3CaplMNL_2024-01-18-12-56-39._AC_SL1500_.jpg,https://dropipro.com/app/products,20.0,
dropipro,227,Cabezal de grifo flexible 2 modos,,1.49,4969,0.1,,Dropi PRO ES,https://dropipro.com/storage/products/227/kit-2pzs-de-boquilla-grifo-flexible-para-la-cocina-360-la-boquilla-giratoria_2023-06-01-13-39-49.jpg,https://dropipro.com/app/products,20.0,
dropipro,1063,Protector de esquinas para Bebe 4pcs,,1.49,781,0.05,,Dropi PRO ES,https://dropipro.com/storage/products/1063/ESQUINA_2024-08-14-18-34-32.jpg,https://dropipro.com/app/products,20.0,
dropipro,1478,Spray de revestimiento cerámica 3 en 1 (235ml),,3.99,1756,0.3,,Dropi PRO ES,https://dropipro.com/storage/products/1478/ARMO_2024-11-13-16-45-59.jpg,https://dropipro.com/app/products,20.0,
dropipro,598,Blanqueador Dental Morada v34,,2.29,9826,0.27,,Dropi PRO ES,https://dropipro.com/storage/products/598/v34_2024-07-15-17-13-37.jpg,https://dropipro.com/app/products,20.0,
dropipro,106,Pizarra mágica 3D,,4.95,2697,0.4,,Dropi PRO ES,https://dropipro.com/storage/products/106/pizarra_07-12-2022_09-01-2023.jpg,https://dropipro.com/app/products,20.0,
dropipro,1440,Juegos educativos azul,,3.89,1359,0.27,,Dropi PRO ES,https://dropipro.com/storage/products/1440/CELES_2024-11-06-15-55-30.jpg,https://dropipro.com/app/products,20.0,
dropipro,321,"Pack de 10 filamentos PLA de color de 1,75 mm",,1.89,846,0.16,,Dropi PRO ES,"https://dropipro.com/storage/products/321/71aPjfTvwNL_2023-08-23-18-44-18._AC_UF894,1000_QL80_.jpg",https://dropipro.com/app/products,20.0,
dropipro,1050,Mini dron bola giratoria mágica azul,,2.99,2565,0.27,,Dropi PRO ES,https://dropipro.com/storage/products/1050/PELOTAAZUL_2024-08-08-16-50-44.jpg,https://dropipro.com/app/products,20.0,
dropipro,574,Rodillera de espuma ultra gruesas,,3.99,770,0.1,,Dropi PRO ES,https://dropipro.com/storage/products/574/71EgMgA5pTL_2024-02-10-18-28-28._SL1020_.jpg,https://dropipro.com/app/products,20.0,
dropipro,53,Pest Reject - Matainsectos,,3.49,3508,0.13,,Dropi PRO ES,https://dropipro.com/storage/products/53/8430478540609_1_2023-05-31-18-49-25.jpg,https://dropipro.com/app/products,20.0,
dropipro,308,Repelente insectos Pest Reject,,2.45,2240,0.27,,Dropi PRO ES,https://dropipro.com/storage/products/308/ahuyentador-pest-reject_2023-08-02-10-32-33.jpg,https://dropipro.com/app/products,20.0,
dropipro,945,Vibrador,,2.49,628,0.26,,Dropi PRO ES,https://dropipro.com/storage/products/945/2024-07-1410_2024-07-14-10-14-42.08.png,https://dropipro.com/app/products,20.0,
dropipro,1065,Cuaderno mágico de escritura para Niños 4und Español,,2.49,8622,0.43,,Dropi PRO ES,https://dropipro.com/storage/products/1065/LIBRO_2024-08-14-18-48-38.jpg,https://dropipro.com/app/products,20.0,
dropipro,961,Eliminador profesional de arañazos en 20 seg para coche,,3.89,3930,0.36,,Dropi PRO ES,https://dropipro.com/storage/products/961/ARANAZO_2024-07-19-12-55-22.jpg,https://dropipro.com/app/products,20.0,
dropipro,149,Mango extensible limpia cristales para coche,,3.69,761,0.22,,Dropi PRO ES,https://dropipro.com/storage/products/149/BN1527-1_2023-02-28-15-48-49.jpg,https://dropipro.com/app/products,20.0,
dropipro,1485,Pack 6 parche antifiebre para niños,,1.89,768,0.11,,Dropi PRO ES,https://dropipro.com/storage/products/1485/PARCHE_2024-11-15-17-26-41.jpg,https://dropipro.com/app/products,20.0,
dropipro,121,Cepillo de dientes para niños - forma U,,0.99,10527,0.23,,Dropi PRO ES,https://dropipro.com/storage/products/121/cepillo_dientes_ninos_2023-01-25-18-29-06.jpg,https://dropipro.com/app/products,20.0,
dropipro,1602,Aceite esencial reparacion de colageno 50ml,,2.89,1724,0.29,,Dropi PRO ES,https://dropipro.com/storage/products/1602/COLAG_1733763849.jpg,https://dropipro.com/app/products,20.0,
dropipro,1572,Plantillas de masaje magnético de acupresión unisex,,1.89,2492,0.05,,Dropi PRO ES,https://dropipro.com/storage/products/1572/PLANTILLAHOM_1732558883.jpg,https://dropipro.com/app/products,20.0,
dropipro,1540,Pack 30 Parches para dejar de fumar,,1.99,972,0.21,,Dropi PRO ES,https://dropipro.com/storage/products/1540/FUMA_2024-11-20-17-35-37.JPG,https://dropipro.com/app/products,20.0,
dropipro,1511,Pack 10 pegatinas levanta pechos,,1.49,1480,0.22,,Dropi PRO ES,https://dropipro.com/storage/products/1511/PECHO_2024-11-19-12-39-50.jpg,https://dropipro.com/app/products,20.0,
dropipro,1508,Cepillo voluminizador con omnia botanica,,2.29,884,0.06,,Dropi PRO ES,https://dropipro.com/storage/products/1508/CEPILLO_2024-11-19-12-11-09.JPG,https://dropipro.com/app/products,20.0,
dropipro,1463,Champú para canas 100ml negro,,2.79,2267,0.33,,Dropi PRO ES,https://dropipro.com/storage/products/1463/CAMPU-NEG_2024-11-07-18-44-14.JPG,https://dropipro.com/app/products,20.0,
dropipro,1462,Set de 4 botellas de viaje,,2.89,810,0.15,,Dropi PRO ES,https://dropipro.com/storage/products/1462/BOTELLA_2024-11-07-17-53-38.jpg,https://dropipro.com/app/products,20.0,
dropipro,326,Mini afeitadora eléctrica portátil azul/plata,,3.29,745,0.29,,Dropi PRO ES,https://dropipro.com/storage/products/326/MNAZUL_2023-08-31-22-50-54.jpg,https://dropipro.com/app/products,20.0,
dropipro,365,Cepillo Masajeador Cuero Cabelludo,,0.99,1160,0.1,,Dropi PRO ES,https://dropipro.com/storage/products/365/16965167185fbdc11a6b431018b823e377e698b5c4_thumbnail_720x_2024-01-17-18-11-45.jpg,https://dropipro.com/app/products,20.0,
dropipro,147,Masajeador Cervical,,3.99,1744,0.41,,Dropi PRO ES,https://dropipro.com/storage/products/147/WechatIMG175_2023-02-28-15-35-07.jpeg,https://dropipro.com/app/products,20.0,
dropipro,351,Masajeador cervical mariposa,,1.99,4428,0.26,,Dropi PRO ES,https://dropipro.com/storage/products/351/MASAJEADORCERVICAL_2023-09-15-13-15-34.jpeg,https://dropipro.com/app/products,20.0,
dropipro,415,Almohadilla de Repuesto para Masajeador Cervical 1ud,,0.49,850,0.01,,Dropi PRO ES,https://dropipro.com/storage/products/415/61Y73FCHOqL_2024-01-17-17-41-22._AC_SL1500_.jpg,https://dropipro.com/app/products,20.0,
dropipro,511,Calcetines Autocalentables,,1.39,4743,0.3,,Dropi PRO ES,https://dropipro.com/storage/products/511/418DJHMYKL_2024-01-29-17-48-47._AC_.jpg,https://dropipro.com/app/products,20.0,
dropipro,937,Calcetines de silicona hidratantes,,1.69,685,0.09,,Dropi PRO ES,https://dropipro.com/storage/products/937/CALSETINE_2024-07-13-13-53-18.jpg,https://dropipro.com/app/products,20.0,
dropipro,1064,Calcetines ortopedicos para aliviar juanete,,1.99,1830,0.34,,Dropi PRO ES,https://dropipro.com/storage/products/1064/CALCETINE_2024-08-14-18-41-11.jpg,https://dropipro.com/app/products,20.0,
dropipro,44,Corrector de Juanetes pack 2 uds,,1.29,1990,0.23,,Dropi PRO ES,https://dropipro.com/storage/products/44/s-l500_2023-05-23-19-26-47.jpg,https://dropipro.com/app/products,20.0,
dropipro,1073,Taloneras ortopédicas 1 par,,2.55,731,0.09,,Dropi PRO ES,https://dropipro.com/storage/products/1073/TALONERA_2024-08-14-19-41-56.JPG,https://dropipro.com/app/products,20.0,
dropipro,310,Masajeador de pies ems,,2.39,2385,0.35,,Dropi PRO ES,https://dropipro.com/storage/products/310/81iJyIFhKL_2023-06-17-16-16-16._AC_SL1500_.jpg,https://dropipro.com/app/products,20.0,
dropipro,370,Media de Compresion 2pcs Negro,,1.99,1198,0.31,,Dropi PRO ES,https://dropipro.com/storage/products/370/gsc_119368965_2326484_1_2023-11-02-17-06-35.jpg,https://dropipro.com/app/products,20.0,
dropipro,369,Rodillera con frío/calor,,4.59,741,0.26,,Dropi PRO ES,https://dropipro.com/storage/products/369/1696666227079_2023-10-14-20-12-12.jpg,https://dropipro.com/app/products,20.0,
dropipro,346,Parches de Alivio del Dolor de Rodilla 12pcs,,1.49,4004,0.23,,Dropi PRO ES,https://dropipro.com/storage/products/346/61Ci5srEa8L_2023-09-09-12-10-32._AC_SL1000_.jpg,https://dropipro.com/app/products,20.0,
dropipro,895,Parches para Aliviar el Dolor Menstrual,,0.99,1777,0.01,,Dropi PRO ES,https://dropipro.com/storage/products/895/MENSTRUA_2024-06-19-18-01-19.jpg,https://dropipro.com/app/products,20.0,
dropipro,558,Parches para dormir 28 piezas,,1.49,764,0.22,,Dropi PRO ES,https://dropipro.com/storage/products/558/1200121188_max_2024-02-08-17-07-59.jpg,https://dropipro.com/app/products,20.0,
dropipro,489,Parche de alivio del dolor (8 Parches),,0.99,641,0.15,,Dropi PRO ES,https://dropipro.com/storage/products/489/GHGJBV_2024-01-26-14-05-29.jpg,https://dropipro.com/app/products,20.0,
dropipro,110,Parches desintoxicantes de pies,,1.99,1563,0.27,,Dropi PRO ES,https://dropipro.com/storage/products/110/parches_pies_2023-01-25-18-04-15.png,https://dropipro.com/app/products,20.0,
dropipro,972,Jabón comprimido para cubrir el cabello,,2.69,1467,0.07,,Dropi PRO ES,https://dropipro.com/storage/products/972/JABONjpg_2024-07-19-19-08-46.jpeg,https://dropipro.com/app/products,20.0,
dropipro,337,Spray de Crecimiento del Cabello,,1.79,4009,0.33,,Dropi PRO ES,https://dropipro.com/storage/products/337/61Rpaz4-IoL_2023-09-08-18-57-51._AC_SL1500_.jpg,https://dropipro.com/app/products,20.0,
dropipro,117,Crema para hemorroides,,0.99,1760,0.23,,Dropi PRO ES,https://dropipro.com/storage/products/117/crema_hemorroides_2023-01-25-18-15-38.png,https://dropipro.com/app/products,20.0,
dropipro,345,Crema aclarante blanqueadora,,1.99,3172,0.27,,Dropi PRO ES,https://dropipro.com/storage/products/345/61ttt4MjghL_2024-01-18-12-39-30._AC_SL1500_.jpg,https://dropipro.com/app/products,20.0,
dropipro,1594,Crema reafirmante para el contorno de los ojos,,1.69,1338,0.22,,Dropi PRO ES,https://dropipro.com/storage/products/1594/OJO_1733396991.jpg,https://dropipro.com/app/products,20.0,
dropipro,109,Serum crece pelos,,0.99,8386,0.28,,Dropi PRO ES,https://dropipro.com/storage/products/109/serum_2024-06-03-14-18-31.jpg,https://dropipro.com/app/products,20.0,
dropipro,824,Mascarilla de carbón para blanquear los poros,,2.49,1302,0.08,,Dropi PRO ES,https://dropipro.com/storage/products/824/WechatIMG1307_2024-05-09-18-03-33.jpg,https://dropipro.com/app/products,20.0,
dropipro,695,Protector bucal antirronquido,,3.19,2164,0.23,,Dropi PRO ES,https://dropipro.com/storage/products/695/WhatsAppImage2024-04-02at15_2024-04-02-15-38-14.37.jpg,https://dropipro.com/app/products,20.0,
dropipro,683,Gorro de máscara para migraña,,2.99,646,0.26,,Dropi PRO ES,https://dropipro.com/storage/products/683/MASCA_2024-03-22-18-50-27.jpg,https://dropipro.com/app/products,20.0,
dropipro,620,Cinta de silicona para cicatrices (rollo de 5 x 500cm ),,0.99,624,0.02,,Dropi PRO ES,https://dropipro.com/storage/products/620/3_2024-04-30-13-41-44.jpeg,https://dropipro.com/app/products,20.0,
dropipro,591,Blanqueador Dental Morada v34,,1.99,6592,0.2,,Dropi PRO ES,https://dropipro.com/storage/products/591/v34_2024-07-15-17-13-37.jpg,https://dropipro.com/app/products,20.0,
dropipro,403,Spray Eliminacion Cicatrices,,1.99,1403,0.05,,Dropi PRO ES,https://dropipro.com/storage/products/403/71IQtXuwAlL_2023-11-09-12-13-33._SL1500_.jpg,https://dropipro.com/app/products,20.0,
dropipro,330,Removedor de Verrugas,,1.49,1838,0.23,,Dropi PRO ES,https://dropipro.com/storage/products/330/71qabnM0i2S_2023-09-08-16-01-28._AC_SL1500_.jpg,https://dropipro.com/app/products,20.0,
dropipro,309,Set 3 perfumes con feromonas,,1.99,1585,0.29,,Dropi PRO ES,https://dropipro.com/storage/products/309/71If68o68gL_2023-08-02-13-53-22._AC_SX679_.jpg,https://dropipro.com/app/products,20.0,
dropipro,142,Lápiz electrónico acupuntura,,2.99,775,0.29,,Dropi PRO ES,https://dropipro.com/storage/products/142/WechatIMG174_2023-02-28-15-22-50.jpeg,https://dropipro.com/app/products,20.0,
dropipro,114,Aceite anti-hongos uñas,,1.49,2006,0.24,,Dropi PRO ES,https://dropipro.com/storage/products/114/71zBLtTwYwL_2024-01-18-16-37-31._AC_SL1500_.jpg,https://dropipro.com/app/products,20.0,
dropipro,113,Spray para Varices,,0.99,1331,0.25,,Dropi PRO ES,https://dropipro.com/storage/products/113/710vPCL-b6L_2024-01-17-16-16-15._SL1500_.jpg,https://dropipro.com/app/products,20.0,
dropipro,124,Cepillo de ducha exfoliante,,1.59,7640,0.33,,Dropi PRO ES,https://dropipro.com/storage/products/124/exfoliante_ducha_2023-01-25-18-34-54.jpg,https://dropipro.com/app/products,20.0,
dropipro,372,Almohada cervical quiropráctica,,2.95,1106,0.35,,Dropi PRO ES,https://dropipro.com/storage/products/372/almohada_2024-06-03-14-13-18.jpg,https://dropipro.com/app/products,20.0,
dropipro,46,Almohada relajante ortopédica piernas,,3.69,5194,0.22,,Dropi PRO ES,https://dropipro.com/storage/products/46/cojin_ergonomico_02-11-2022.png,https://dropipro.com/app/products,20.0,
dropipro,1829,Calcetines de yoga antideslizante ( colores variados ),,1.29,680,0.1,,Dropi PRO ES,https://dropipro.com/storage/products/1829/calcetine_1739883080.jpg,https://dropipro.com/app/products,20.0,
dropipro,1704,Rodilleras 1pcs tejido 3D con almohadilla ( talla unica ),,2.69,1578,0.47,,Dropi PRO ES,https://dropipro.com/storage/products/1704/615AW88DOGL._AC_SL1500__1737041907.jpg,https://dropipro.com/app/products,20.0,
dropipro,1598,Bandas de Resistencia 5 und,,1.89,806,0.29,,Dropi PRO ES,https://dropipro.com/storage/products/1598/CINTA_1733499007.jpg,https://dropipro.com/app/products,20.0,
dropipro,1570,Almohadilla ortopédico para juanetes 1 pares,,1.99,882,0.24,,Dropi PRO ES,https://dropipro.com/storage/products/1570/ALMOHADI_1732552296.jpg,https://dropipro.com/app/products,20.0,
dropipro,1539,Pack 12 parche para ciática,,1.89,1181,0.22,,Dropi PRO ES,https://dropipro.com/storage/products/1539/CIATICA_2024-11-20-17-05-56.jpg,https://dropipro.com/app/products,20.0,
dropipro,1522,Plantillas ortopédicas con amortiguacion para hombre 40-46,,2.39,916,0.08,,Dropi PRO ES,https://dropipro.com/storage/products/1522/PLANTILLA_2024-11-19-15-33-18.jpg,https://dropipro.com/app/products,20.0,
dropipro,1521,Plantillas ortopédicas con amortiguacion para mujer 36-41,,2.29,818,0.07,,Dropi PRO ES,https://dropipro.com/storage/products/1521/PLANTILLA_2024-11-19-15-33-18.jpg,https://dropipro.com/app/products,20.0,
dropipro,1015,Rodilleras 1pcs tejido 3D con almohadilla S/M,,2.79,1448,0.47,,Dropi PRO ES,https://dropipro.com/storage/products/1015/rodillera_2024-07-29-19-11-45.jpg,https://dropipro.com/app/products,20.0,
dropipro,339,Crema Reduccion de Grasa Jengibre,,1.99,850,0.27,,Dropi PRO ES,https://dropipro.com/storage/products/339/712bQ8WoigL_2023-09-09-11-24-55._AC_SL1500_.jpg,https://dropipro.com/app/products,20.0,
dropipro,14,Parches adelgazantes magnéticos - 30 uds,,1.99,2107,0.05,,Dropi PRO ES,https://dropipro.com/storage/products/14/parches_02-11-2022.jpg,https://dropipro.com/app/products,20.0,
dropipro,391,Cinturón Sacroilíaco,,3.55,3648,0.16,,Dropi PRO ES,https://dropipro.com/storage/products/391/61-hKqmddcL_2023-11-01-13-47-49._SL1500_.jpg,https://dropipro.com/app/products,20.0,
dropipro,140,Faja Lumbar quemadora de grasa,,2.75,817,0.31,,Dropi PRO ES,https://dropipro.com/storage/products/140/8434921023015_1_2024-01-18-16-23-27.jpg,https://dropipro.com/app/products,20.0,
dropipro,112,Aceite de Jengibre,,0.99,9649,0.24,,Dropi PRO ES,https://dropipro.com/storage/products/112/jengibre_1777571045.jpg,https://dropipro.com/app/products,20.0,
dropipro,1862,Bragas Embarazo Maternidad Sin Costura,,2.49,600,0.14,,Dropi PRO ES,https://dropipro.com/storage/products/1862/BRAGA_1740677858.jpg,https://dropipro.com/app/products,20.0,
dropipro,1089,Faja moldeadora con cintura ajustable negro M/L,,3.99,619,0.38,,Dropi PRO ES,https://dropipro.com/storage/products/1089/24232NG_2024-08-15-17-32-23.jpg,https://dropipro.com/app/products,20.0,
dropipro,1174,Body sin costuras para mujer negro S/M,,3.69,645,0.36,,Dropi PRO ES,https://dropipro.com/storage/products/1174/SINCOSTURANEGRO_2024-09-11-20-05-46.jpg,https://dropipro.com/app/products,20.0,
dropipro,1614,Serum facial con nicotinamida para cuidado de la piel,,1.89,818,0.27,,Dropi PRO ES,https://dropipro.com/storage/products/1614/712fiZV8LL._SL1500__1734025862.jpg,https://dropipro.com/app/products,20.0,
dropipro,389,Cepillo Alisador Pelo (4 Colores),,4.19,4693,0.48,,Dropi PRO ES,https://dropipro.com/storage/products/389/cepillo_2024-04-16-19-16-07.jpg,https://dropipro.com/app/products,20.0,
dropipro,951,Fibra capilar correctora negro,,2.65,686,0.24,,Dropi PRO ES,https://dropipro.com/storage/products/951/BUNEE_2024-07-16-23-17-37.JPG,https://dropipro.com/app/products,20.0,
dropipro,1374,Mascarilla Capilar Reparación 200ml,,3.69,9160,0.44,,Dropi PRO ES,https://dropipro.com/storage/products/1374/MASCA_2024-07-19-15-13-13.jpg,https://dropipro.com/app/products,20.0,
dropipro,373,Masajeador Facial para el Cuello Blanco,,4.95,764,0.12,,Dropi PRO ES,https://dropipro.com/storage/products/373/9_2024-04-25-15-28-52_2024-06-07-22-14-52.jpeg,https://dropipro.com/app/products,20.0,
dropipro,364,Reductor Papada,,4.99,639,0.28,,Dropi PRO ES,https://dropipro.com/storage/products/364/1_12_2023-10-14-19-00-59.jpg,https://dropipro.com/app/products,20.0,
dropipro,1031,Mascarilla adelgazante papada,,2.49,734,0.42,,Dropi PRO ES,https://dropipro.com/storage/products/1031/PAPADA_2024-08-01-20-16-44.JPG,https://dropipro.com/app/products,20.0,
dropipro,233,Depilador Facial En Forma De Pintalabios,,2.49,2673,0.08,,Dropi PRO ES,https://dropipro.com/storage/products/233/31L2uV6U5ZL._SL500__1773773487.jpg,https://dropipro.com/app/products,20.0,
dropipro,786,Rodillo Volcánico Absorbente de Aceite para limpieza de poros (colores variado),,0.99,861,0.04,,Dropi PRO ES,https://dropipro.com/storage/products/786/RODILLO_2024-04-15-19-32-58.jpg,https://dropipro.com/app/products,20.0,
dropipro,1964,Lip Gloss Efecto Voluminzador,,1.99,1261,0.23,,Dropi PRO ES,https://dropipro.com/storage/products/1964/1.1_1744602761.jpg,https://dropipro.com/app/products,20.0,
dropipro,1963,Fijador en Cera para el Pelo,,2.99,675,0.29,,Dropi PRO ES,https://dropipro.com/storage/products/1963/1_1744602262.jpg,https://dropipro.com/app/products,20.0,
dropipro,343,Gel Peinado Cabello Rizado,,2.09,1359,0.27,,Dropi PRO ES,https://dropipro.com/storage/products/343/71G6FBBxbL_2023-09-09-11-53-42._AC_SL1500_.jpg,https://dropipro.com/app/products,20.0,
dropipro,331,Crema para Alisar el Cabello,,2.19,4646,0.07,,Dropi PRO ES,https://dropipro.com/storage/products/331/71Fa-2KphL_2023-09-08-16-04-56._AC_SL1500_.jpg,https://dropipro.com/app/products,20.0,
dropipro,344,Crema Hibisco y Miel 50ml,,2.99,1133,0.15,,Dropi PRO ES,https://dropipro.com/storage/products/344/71d-GmXLh9L_2023-09-09-11-57-39._AC_SL1500_.jpg,https://dropipro.com/app/products,20.0,
dropipro,111,Serum quita Ojeras,,1.29,4081,0.23,,Dropi PRO ES,https://dropipro.com/storage/products/111/serum_ojeras_2023-01-25-18-05-22.png,https://dropipro.com/app/products,20.0,
dropipro,115,Serum anti-acné / anti-manchas,,0.99,3720,0.25,,Dropi PRO ES,https://dropipro.com/storage/products/115/IMG_20251024_180537_1761323035.jpg,https://dropipro.com/app/products,20.0,
dropipro,15,Mascarilla de té verde.,,1.29,6820,0.28,,Dropi PRO ES,https://dropipro.com/storage/products/15/5_2023-03-30-11-06-36.jpg,https://dropipro.com/app/products,20.0,
dropipro,18,Depiladora eléctrica,,3.49,3358,0.33,,Dropi PRO ES,https://dropipro.com/storage/products/18/depiladora_laser_02-11-2022.jpg,https://dropipro.com/app/products,20.0,
dropipro,753,Cintas para Párpados (120Pcs),,1.29,1251,0.01,,Dropi PRO ES,https://dropipro.com/storage/products/753/WechatIMG1229_2024-04-04-19-53-31.jpg,https://dropipro.com/app/products,20.0,
dropipro,559,Set de almohadilla y gel hidratante de colágeno,,2.99,1667,0.3,,Dropi PRO ES,https://dropipro.com/storage/products/559/61fCpsArd5L_2024-02-08-17-21-33._AC_SL1500_.jpg,https://dropipro.com/app/products,20.0,
dropipro,356,Base de maquillaje con esponja N1 Marfil,,1.99,3081,0.31,,Dropi PRO ES,https://dropipro.com/storage/products/356/_20231012154515_2023-10-12-15-51-33.png,https://dropipro.com/app/products,20.0,
dropipro,338,Gránulos de Reparación de Dientes,,1.49,2020,0.24,,Dropi PRO ES,https://dropipro.com/storage/products/338/7193eB2zqyL_2023-09-08-19-02-06._AC_SL1500_.jpg,https://dropipro.com/app/products,20.0,
dropipro,146,Pestañas Postizas 3D,,1.89,3120,0.23,,Dropi PRO ES,https://dropipro.com/storage/products/146/71CKUYx8bpL_2024-01-18-13-36-56._AC_SL1500_.jpg,https://dropipro.com/app/products,20.0,
dropipro,138,Blanqueador con ácido hialurónico,,0.99,4052,0.12,,Dropi PRO ES,https://dropipro.com/storage/products/138/WechatIMG166_2023-02-28-15-03-51.png,https://dropipro.com/app/products,20.0,
dropipro,108,Aumentador de tetas,,0.99,7577,0.28,,Dropi PRO ES,https://dropipro.com/storage/products/108/aumentador_tetas_2023-01-25-18-00-09.jpg,https://dropipro.com/app/products,20.0,
dropipro,107,Aumentador de gluteos,,1.29,1678,0.28,,Dropi PRO ES,https://dropipro.com/storage/products/107/aumentador_gluteos_2023-01-25-17-59-12.jpg,https://dropipro.com/app/products,20.0,
dropipro,58,Lápiz corrector de cejas / barba,,1.19,694,0.23,,Dropi PRO ES,https://dropipro.com/storage/products/58/lapiz_2024-08-22-12-55-48.jpg,https://dropipro.com/app/products,20.0,
dropipro,35,Limpiador de Puntos Negros,,1.99,1716,0.37,,Dropi PRO ES,https://dropipro.com/storage/products/35/exctracteur-point-noir_1200x_80444086-fbc0-4726-b562-0b58ee8ccd5d_600x-2_2023-11-03-17-23-21.jpg,https://dropipro.com/app/products,20.0,
dropipro,34,Lápiz blanqueador de dientes,,0.99,11550,0.22,,Dropi PRO ES,https://dropipro.com/storage/products/34/blanqueador_dental_02-11-2022.jpg,https://dropipro.com/app/products,20.0,
dropipro,226,Rizador de pestañas eléctrico con calefacción,,1.49,1202,0.25,,Dropi PRO ES,https://dropipro.com/storage/products/226/51UdRRonbNL_2024-01-18-13-02-40._AC_SL1500_.jpg,https://dropipro.com/app/products,20.0,
dropipro,135,Estimulador de Gluteos,,2.99,1592,0.36,,Dropi PRO ES,https://dropipro.com/storage/products/135/Estimuladordegluteos_2023-02-24-17-06-37.jpeg,https://dropipro.com/app/products,20.0,
dropipro,496,Faja culote Body Hip Pants S/M Negro,,3.95,835,0.2,,Dropi PRO ES,https://dropipro.com/storage/products/496/24027_2024-01-27-19-43-06.jpg,https://dropipro.com/app/products,20.0,
dropipro,523,Faja culote Body Hip Pants S/M Beige,,3.95,1416,0.2,,Dropi PRO ES,https://dropipro.com/storage/products/523/24027_2024-01-27-19-43-06.jpg,https://dropipro.com/app/products,20.0,
dropipro,583,Braga Body Hip Pants S/M Negro,,3.95,635,0.2,,Dropi PRO ES,https://dropipro.com/storage/products/583/154541_2024-02-12-19-52-55.jpg,https://dropipro.com/app/products,20.0,
dropipro,79,"Amplificador Pantalla Curvo 12"" - Negro",,2.05,2000,0.36,,Dropi PRO ES,https://dropipro.com/storage/products/79/3dnegro_18-11-2022.jpg,https://dropipro.com/app/products,20.0,
dropipro,1546,Juguete para Limpiar los Dientes del Perro,,2.89,751,0.35,,Dropi PRO ES,https://dropipro.com/storage/products/1546/PERRO_2024-11-21-19-04-06.jpg,https://dropipro.com/app/products,20.0,
dropipro,1454,Alfombra súper absorbente,,4.99,668,0.7,,Dropi PRO ES,https://dropipro.com/storage/products/1454/tapete_2024-11-07-12-59-41.jpg,https://dropipro.com/app/products,20.0,
dropipro,68,Pack de 2 cepillo mascotas（1 grande + 1 pequeño）,,2.59,1719,0.28,,Dropi PRO ES,https://dropipro.com/storage/products/68/cepillo_mascotas_09-11-2022.jpg,https://dropipro.com/app/products,20.0,
dropipro,150,Funda coche para mascotas,,4.35,1136,0.39,,Dropi PRO ES,https://dropipro.com/storage/products/150/funda_2024-10-08-16-45-18.jpg,https://dropipro.com/app/products,20.0,
dropipro,318,Pelota Juguete Voladora,,1.49,9680,0.41,,Dropi PRO ES,https://dropipro.com/storage/products/318/714UdcRoajL_2023-08-23-17-52-41._AC_SX679_.jpg,https://dropipro.com/app/products,20.0,
dropipro,1725,Pulsera trebol de cinco hojas negro,,1.99,1346,0.21,,Dropi PRO ES,https://dropipro.com/storage/products/1725/WechatIMG1982_1737738581.jpg,https://dropipro.com/app/products,20.0,
dropipro,1724,Pulsera trebol de cinco hojas blanco,,1.99,2903,0.21,,Dropi PRO ES,https://dropipro.com/storage/products/1724/WechatIMG1983_1737738535.jpg,https://dropipro.com/app/products,20.0,
dropipro,1723,Pulsera trebol de cinco hojas oro,,1.99,762,0.21,,Dropi PRO ES,https://dropipro.com/storage/products/1723/WechatIMG1981_1737738494.jpg,https://dropipro.com/app/products,20.0,
dropipro,1700,Caja de regalo con 16 rosas artificiales,,4.99,696,0.3,,Dropi PRO ES,https://dropipro.com/storage/products/1700/CAJA16_1736787667.jpg,https://dropipro.com/app/products,20.0,
dropipro,1699,Caja de joyería de rosa eterna,,3.99,1036,0.18,,Dropi PRO ES,https://dropipro.com/storage/products/1699/CAJA_1736786970.jpg,https://dropipro.com/app/products,20.0,
dropipro,1514,Mini joyero de viaje,,2.19,850,0.11,,Dropi PRO ES,https://dropipro.com/storage/products/1514/JOYERO_2024-11-19-12-59-26.jpg,https://dropipro.com/app/products,20.0,
dropipro,857,Pulseras de roca de lava 7 chakras,,2.29,2507,0.02,,Dropi PRO ES,https://dropipro.com/storage/products/857/pulsera_2024-08-22-12-54-11.jpg,https://dropipro.com/app/products,20.0,
dropipro,515,Caja de Regalo Flores,,2.99,1378,0.45,,Dropi PRO ES,https://dropipro.com/storage/products/515/24106_2024-01-29-18-48-44.jpg,https://dropipro.com/app/products,20.0,
dropipro,503,Caja de Regalo para bisuteria,,0.79,3947,0.25,,Dropi PRO ES,https://dropipro.com/storage/products/503/24104_2024-01-29-16-43-35.jpg,https://dropipro.com/app/products,20.0,
dropipro,474,Dedicatoria A la Mujer de mi vida,,0.39,611,0.2,,Dropi PRO ES,https://dropipro.com/storage/products/474/ALAMUJER_2024-01-24-10-59-51.jpg,https://dropipro.com/app/products,20.0,
dropipro,2098,"Dedicatoria De mi , para ti",,0.39,736,0.1,,Dropi PRO ES,https://dropipro.com/storage/products/2098/WechatIMG2218_1753114181.jpg,https://dropipro.com/app/products,20.0,
dropipro,471,Cierres elevadores de pendientes 2Pares Dorado PRV,,0.99,925,0.1,,Dropi PRO ES,https://dropipro.com/storage/products/471/61FyZii7CHL_2024-01-22-17-37-41._AC_SX625_.jpg,https://dropipro.com/app/products,20.0,
dropipro,422,Collar Corazón con Diamante,,2.29,1066,0.15,,Dropi PRO ES,https://dropipro.com/storage/products/422/71iRWXorwdL_2023-12-14-17-57-57._AC_SX679_.jpg,https://dropipro.com/app/products,20.0,
dropipro,437,Collar con colgante trebol,,1.99,1555,0.15,,Dropi PRO ES,https://dropipro.com/storage/products/437/61WvKaTZ0DS_2023-12-15-13-29-34._AC_SX569_.jpg,https://dropipro.com/app/products,20.0,
dropipro,435,Collar con colgante de diamante,,1.49,1815,0.15,,Dropi PRO ES,https://dropipro.com/storage/products/435/61zDvCyhLTL_2023-12-15-12-36-28._AC_SL1000_.jpg,https://dropipro.com/app/products,20.0,
dropipro,433,Collar amor eterno 100 idiomas,,1.99,1356,0.15,,Dropi PRO ES,https://dropipro.com/storage/products/433/25022_2023-12-15-12-10-13.jpg,https://dropipro.com/app/products,20.0,
dropipro,424,Collar de doble anillo de corazón oro,,1.49,1013,0.15,,Dropi PRO ES,https://dropipro.com/storage/products/424/51v027d0DoL_2023-12-14-18-27-23._AC_SX679_.jpg,https://dropipro.com/app/products,20.0,
dropipro,423,Collar de doble anillo de corazón plata,,1.49,1040,0.15,,Dropi PRO ES,https://dropipro.com/storage/products/423/41QH6a57sAL_2023-12-14-18-26-38._AC_SX679_.jpg,https://dropipro.com/app/products,20.0,
dropipro,421,Pulsera trebol de cuatro hojas plata,,1.99,1111,0.15,,Dropi PRO ES,https://dropipro.com/storage/products/421/25012-1_2023-12-14-17-37-56.jpg,https://dropipro.com/app/products,20.0,
dropipro,1629,Funda de cuero para gafa,,0.69,8444,0.21,,Dropi PRO ES,https://dropipro.com/storage/products/1629/FUNDAGAFA_1734975616.jpg,https://dropipro.com/app/products,20.0,
dropipro,652,Faja cinturilla 3m,,2.69,1846,0.42,,Dropi PRO ES,https://dropipro.com/storage/products/652/FAJA_2024-03-19-13-15-31.jpg,https://dropipro.com/app/products,20.0,
dropipro,805,Sujetador adhesivo de silicona push up 2uds,,1.69,834,0.08,,Dropi PRO ES,https://dropipro.com/storage/products/805/61B0bNj-THL_2024-04-23-12-53-08._AC_SX679_.jpg,https://dropipro.com/app/products,20.0,
dropipro,1592,Juguetes sexuales para hombres anillo pene,,1.99,772,0.06,,Dropi PRO ES,https://dropipro.com/storage/products/1592/ANILLO_1733335368.jpg,https://dropipro.com/app/products,20.0,
dropipro,275,Corrector de juanetes y Hueso del pie,,1.79,1281,0.23,,Dropi PRO ES,https://dropipro.com/storage/products/275/61tzkI2fhuL_2023-06-19-13-01-14._SL1500_.jpg,https://dropipro.com/app/products,20.0,
dropipro,783,Plantillas viscoelastica con memoria,,1.29,2071,0.03,,Dropi PRO ES,https://dropipro.com/storage/products/783/shopping_2024-04-15-12-35-39.jpg,https://dropipro.com/app/products,20.0,
dropipro,845,Plantillas de Mujer en Gel Activ (TALLA 38-42),,1.79,5519,0.35,,Dropi PRO ES,https://dropipro.com/storage/products/845/51IIJQYJmkL_2024-05-27-15-23-31._AC_SL1000_.jpg,https://dropipro.com/app/products,20.0,
dropipro,844,Plantillas de Hombre en Gel Activ (TALLA 42-48),,1.89,3193,0.39,,Dropi PRO ES,https://dropipro.com/storage/products/844/51IIJQYJmkL_2024-05-27-15-23-31._AC_SL1000_.jpg,https://dropipro.com/app/products,20.0,
dropipro,2719,Espuma dental para blanqueamiento,,2.49,599,0.3,,Dropi PRO ES,https://dropipro.com/storage/products/2719/imagen-479561_1777984568.png,https://dropipro.com/app/products,19.98,
dropipro,472,Caja de madera con Luz,,4.99,598,0.15,,Dropi PRO ES,https://dropipro.com/storage/products/472/61Ksg5eZVPL_2024-01-22-18-09-10._AC_SL1000_.jpg,https://dropipro.com/app/products,19.96,
dropipro,2573,Parche para el alivio de las venas varicosas,,1.89,596,0.23,,Dropi PRO ES,https://dropipro.com/storage/products/2573/valice_1769278007.jpg,https://dropipro.com/app/products,19.92,
dropipro,125,Cubo de basura plegable,,4.49,596,0.74,,Dropi PRO ES,https://dropipro.com/storage/products/125/basura_plegable_2023-01-25-18-36-49.jpg,https://dropipro.com/app/products,19.92,
dropipro,1642,Lápiz de maquillaje 4 en 1 multifuncional,,1.89,593,0.22,,Dropi PRO ES,https://dropipro.com/storage/products/1642/BOLI_1735221195.jpg,https://dropipro.com/app/products,19.86,
dropipro,990,Lámpara de ondulación de agua giratoria,,4.95,591,0.3,,Dropi PRO ES,https://dropipro.com/storage/products/990/LAMPARA_2024-07-25-17-38-13.jpg,https://dropipro.com/app/products,19.82,
dropipro,262,Filtro de agua para grifo,,4.45,591,0.49,,Dropi PRO ES,https://dropipro.com/storage/products/262/bbeee0c8fd07e3441c9c2a1f9fca7d06-product_2023-06-12-12-02-48.jpg,https://dropipro.com/app/products,19.82,
dropipro,500,Almohadilla térmica para Hombros,,4.99,591,0.18,,Dropi PRO ES,https://dropipro.com/storage/products/500/24086_2024-01-27-20-04-44.jpg,https://dropipro.com/app/products,19.82,
dropipro,1153,Calcetines de acupuntura (talla unica),,2.49,591,0.13,,Dropi PRO ES,https://dropipro.com/storage/products/1153/CALCETINE_2024-09-06-17-59-45.JPG,https://dropipro.com/app/products,19.82,
dropipro,1006,Cepillo masajeador para cabello,,4.75,591,0.11,,Dropi PRO ES,https://dropipro.com/storage/products/1006/71FC6zzFvKL_2024-08-08-14-42-29._AC_SL1500_.jpg,https://dropipro.com/app/products,19.82,
dropipro,526,Mini Plancha De Pelo Recargable 2en1 Cepillo y Rizador Rosa,,3.49,587,0.16,,Dropi PRO ES,https://dropipro.com/storage/products/526/61trl-osKqL_2024-02-01-15-43-42._AC_SL1500_.jpg,https://dropipro.com/app/products,19.74,
dropipro,478,Dedicatoria Para mi Hija,,0.5,582,0.2,,Dropi PRO ES,https://dropipro.com/storage/products/478/PARAMIHIJA_2024-01-24-11-10-17.jpg,https://dropipro.com/app/products,19.64,
dropipro,416,Anillo de ansiedad giratorios con circonita cúbica azul turco,,1.99,581,0.15,,Dropi PRO ES,https://dropipro.com/storage/products/416/51pXB-nR5hL_2023-12-13-19-19-24._AC_SX569_%20(1).jpg,https://dropipro.com/app/products,19.62,
dropipro,1595,Set de 6 pintalabios color mate,,4.49,579,0.37,,Dropi PRO ES,https://dropipro.com/storage/products/1595/LAPIA_1733403462.jpg,https://dropipro.com/app/products,19.58,
dropipro,2083,Aceite lumbar 30ml,,0.99,578,0.25,,Dropi PRO ES,https://dropipro.com/storage/products/2083/72MXxoFENVCom5NxbZsFtaSDfH1AHqVWW6eERCul_1753962703.jpg,https://dropipro.com/app/products,19.56,
dropipro,2308,Suero antienvejecimiento con solución concentrada tipo bótox,,1.99,573,0.24,,Dropi PRO ES,https://dropipro.com/storage/products/2308/BOTOX_1766405839.jpg,https://dropipro.com/app/products,19.46,
dropipro,660,Estantería de Cocina retráctiles para fregadero,,3.49,572,0.47,,Dropi PRO ES,https://dropipro.com/storage/products/660/FREGA_2024-03-19-17-39-41.jpg,https://dropipro.com/app/products,19.44,
dropipro,2037,Pulseras repelente de mosquitos ultrasónico negro,,3.99,571,0.24,,Dropi PRO ES,https://dropipro.com/storage/products/2037/pulseras_1749563330.jpg,https://dropipro.com/app/products,19.42,
dropipro,2542,Calcetines terapéuticos con punta abierta,,1.99,568,0.26,,Dropi PRO ES,https://dropipro.com/storage/products/2542/calcet_1768222322.jpg,https://dropipro.com/app/products,19.36,
dropipro,2441,"Pack de 6 parches de frío para fiebre, Alivio de migrañas y dolores",,1.49,568,0.28,,Dropi PRO ES,https://dropipro.com/storage/products/2441/WechatIMG2426_1765470059.jpg,https://dropipro.com/app/products,19.36,
dropipro,563,Chaleco Sauna Deportivo Hombre M/L,,3.89,564,0.4,,Dropi PRO ES,https://dropipro.com/storage/products/563/71vl6I38WgL_2024-02-09-12-01-11._AC_SL1500_.jpg,https://dropipro.com/app/products,19.28,
dropipro,1445,Candado de alarma con llave,,3.49,563,0.37,,Dropi PRO ES,https://dropipro.com/storage/products/1445/CANTADO_2024-11-06-16-46-38.jpg,https://dropipro.com/app/products,19.26,
dropipro,48,Máquina de coser,,2.99,560,0.3,,Dropi PRO ES,https://dropipro.com/storage/products/48/coser_2024-08-22-13-01-33.jpg,https://dropipro.com/app/products,19.2,
dropipro,894,Mascarilla reafirmante de colágeno hidrolizado,,1.99,557,0.02,,Dropi PRO ES,https://dropipro.com/storage/products/894/MASCARILLA_2024-06-19-17-58-28.jpg,https://dropipro.com/app/products,19.14,
dropipro,1040,Tinte para el cabello lavable 6 colores,,2.39,557,0.1,,Dropi PRO ES,https://dropipro.com/storage/products/1040/TINTE_2024-08-04-15-59-44.JPG,https://dropipro.com/app/products,19.14,
dropipro,1768,Correctora de juanetes con Correa Ajustable,,1.99,554,0.1,,Dropi PRO ES,https://dropipro.com/storage/products/1768/JUANETE_1738175813.jpg,https://dropipro.com/app/products,19.08,
dropipro,118,Lápiz contorno de cejas Nº1 Light Brown,,1.69,545,0.21,,Dropi PRO ES,https://dropipro.com/storage/products/118/lapiz_cejas_2023-01-25-18-21-27.png,https://dropipro.com/app/products,18.9,
dropipro,940,Trampas para Ratones,,2.79,543,0.44,,Dropi PRO ES,https://dropipro.com/storage/products/940/RATONES_2024-07-13-15-27-14.jpg,https://dropipro.com/app/products,18.86,
dropipro,1500,Almohadilla de gel reutilizable para cuello frío y calor,,4.49,537,0.6,,Dropi PRO ES,https://dropipro.com/storage/products/1500/ALMOHADILLACUELLO_2024-11-04-11-46-17_2024-11-18-18-22-46.jpeg,https://dropipro.com/app/products,18.74,
dropipro,1861,Cinta de estiramiento,,2.49,532,0.2,,Dropi PRO ES,https://dropipro.com/storage/products/1861/61E4wbk7wL._AC_SL1500__1740677695.jpg,https://dropipro.com/app/products,18.64,
dropipro,476,Dedicatoria Para la Mujer de mi Vida,,0.5,531,0.2,,Dropi PRO ES,https://dropipro.com/storage/products/476/PARAMIMUJER_2024-01-24-11-06-10.jpg,https://dropipro.com/app/products,18.62,
dropipro,2141,SUP Colágeno Hidrolizado 120 Comprimidos – Salud Articular y Cuidado de la Piel,,2.99,525,0.33,,Dropi PRO ES,https://dropipro.com/storage/products/2141/COLAGENO_1766318133.jpg,https://dropipro.com/app/products,18.5,
dropipro,1869,Caja fuerte en forma de libro con cerradura 180x115x55mm,,4.49,522,0.72,,Dropi PRO ES,https://dropipro.com/storage/products/1869/caja_1741108127.jpg,https://dropipro.com/app/products,18.44,
dropipro,30,Reloj Encendedor,,3.49,522,0.29,,Dropi PRO ES,https://dropipro.com/storage/products/30/reloj_encendedor_02-11-2022.jpg,https://dropipro.com/app/products,18.44,
dropipro,475,Dedicatoria TE QUIERO,,0.39,515,0.2,,Dropi PRO ES,https://dropipro.com/storage/products/475/TEQUIERO_2024-01-24-11-02-39.jpg,https://dropipro.com/app/products,18.3,
dropipro,469,Auriculares inalámbricos deportivo control táctil con pantalla LED,,3.89,507,0.27,,Dropi PRO ES,https://dropipro.com/storage/products/469/61Swlvdf-FS_2024-01-15-12-24-20._AC_SL1000_.jpg,https://dropipro.com/app/products,18.14,
dropipro,2048,Dispositivo de hipnoterapia para insomnio,,4.99,507,0.28,,Dropi PRO ES,https://dropipro.com/storage/products/2048/51Y5A6buDIL._AC_SX569__1765558795.jpg,https://dropipro.com/app/products,18.14,
dropipro,434,Collar creativo de corazon hueco,,1.49,504,0.15,,Dropi PRO ES,https://dropipro.com/storage/products/434/25025_2023-12-15-12-13-30.jpg,https://dropipro.com/app/products,18.08,
dropipro,2085,Spray de granos para el cuerpo,,0.99,503,0.33,,Dropi PRO ES,https://dropipro.com/storage/products/2085/ufwS5fJ1umfCB4mKqdLYAQjXx6P57TRNJ2OK3dqi_1753962658.jpg,https://dropipro.com/app/products,18.06,
dropipro,2084,Spray para cicatrices,,0.99,502,0.24,,Dropi PRO ES,https://dropipro.com/storage/products/2084/Q7Weap4XZQ3kcSryLVVibmaTyRucHstwFEgYDuUh_1753962683.jpg,https://dropipro.com/app/products,18.04,
dropipro,436,Collar colgante corazón circonita cristal,,1.99,501,0.15,,Dropi PRO ES,https://dropipro.com/storage/products/436/61lFifgm5WS_2023-12-15-13-22-15._AC_SL1000_.jpg,https://dropipro.com/app/products,18.02,
dropipro,2716,Enfriador de vino de acero inoxidable,,2.99,500,0.34,,Dropi PRO ES,https://dropipro.com/storage/products/2716/ENFRIA_1777972129.jpg,https://dropipro.com/app/products,18.0,
dropipro,2714,Gafas de lectura con ajuste de enfoque,,3.49,500,0.5,,Dropi PRO ES,https://dropipro.com/storage/products/2714/GAFAS_1777916767.jpg,https://dropipro.com/app/products,18.0,
dropipro,2624,Almohada cervical viscoelástica diseño mariposa Celeste,,9.99,1345,1.5,,Dropi PRO ES,https://dropipro.com/storage/products/2624/alm_1771519772.jpg,https://dropipro.com/app/products,18.0,
dropipro,2623,Almohada cervical viscoelástica diseño mariposa GRIS,,9.99,1459,1.5,,Dropi PRO ES,https://dropipro.com/storage/products/2623/almgr_1771519727.jpg,https://dropipro.com/app/products,18.0,
dropipro,2557,Separadores de cajones,,2.49,500,0.38,,Dropi PRO ES,https://dropipro.com/storage/products/2557/SEPARADOR_1768241223.jpg,https://dropipro.com/app/products,18.0,
dropipro,2541,Bolsa impermeable reutilizable para limpieza de campana extractora,,3.49,500,0.32,,Dropi PRO ES,https://dropipro.com/storage/products/2541/CAMPANA_1768221850.jpg,https://dropipro.com/app/products,18.0,
dropipro,2449,Regalo osito rosa eterna rojo,,6.99,635,0.45,,Dropi PRO ES,https://dropipro.com/storage/products/2449/OSITO_1765886285.jpg,https://dropipro.com/app/products,18.0,
dropipro,2448,Dispensador de jabón líquido,,1.99,500,0.35,,Dropi PRO ES,https://dropipro.com/storage/products/2448/jabon_1765884101.jpg,https://dropipro.com/app/products,18.0,
dropipro,1060,Dron con doble cámara 4K + Maletín Gratis,,11.99,17008,0.67,,Dropi PRO ES,https://dropipro.com/storage/products/1060/WechatIMG10595_2023-06-20-01-21-00.jpeg,https://dropipro.com/app/products,18.0,
dropipro,1468,Smartwatch deportivo negro con correa metalica,,9.99,1447,0.38,,Dropi PRO ES,https://dropipro.com/storage/products/1468/relojmetng_2024-11-12-18-23-34.jpg,https://dropipro.com/app/products,18.0,
dropipro,1810,Airpods PRO con pantalla y Cancelación de Ruido,,7.99,976,0.14,,Dropi PRO ES,https://dropipro.com/storage/products/1810/AIR_1739298747.jpg,https://dropipro.com/app/products,18.0,
dropipro,43,Proyector LED galaxia,,6.99,1508,0.65,,Dropi PRO ES,https://dropipro.com/storage/products/43/proyector_led_02-11-2022.jpg,https://dropipro.com/app/products,18.0,
dropipro,454,Telescopio Monocular con Soporte para Movil,,5.29,3751,0.59,,Dropi PRO ES,https://dropipro.com/storage/products/454/1697537288767-829fa7086f444c40805ae6ea5724163a-goods_2023-12-22-18-26-08.jpeg,https://dropipro.com/app/products,18.0,
dropipro,493,Altavoz Bluetooth G - Cargador inalámbrico + Lámpara LED + Reloj despertador,,8.99,780,0.97,,Dropi PRO ES,https://dropipro.com/storage/products/493/169751219792d651b013164840b63647499edb8479_thumbnail_720x_2024-01-27-19-12-33.jpg,https://dropipro.com/app/products,18.0,
dropipro,1114,Cortapelo recargable 3 en 1,,5.99,3459,0.33,,Dropi PRO ES,https://dropipro.com/storage/products/1114/RECORTADO_2024-08-24-16-43-06.JPG,https://dropipro.com/app/products,18.0,
dropipro,388,Cepillo 5en1,,7.99,1718,0.89,,Dropi PRO ES,https://dropipro.com/storage/products/388/8435585711980_1_2023-11-01-12-43-19.jpg,https://dropipro.com/app/products,18.0,
dropipro,1318,Secador iónico tipo dyson,,13.99,1836,0.9,,Dropi PRO ES,https://dropipro.com/storage/products/1318/WechatIMG1755_2024-10-30-19-29-00.jpg,https://dropipro.com/app/products,18.0,
dropipro,784,Sacacorchos eléctrico + abridor de vino,,5.49,2224,0.48,,Dropi PRO ES,https://dropipro.com/storage/products/784/ABRIDOR_2024-04-15-19-23-27.JPG,https://dropipro.com/app/products,18.0,
dropipro,93,Cama Perro Grande Gris Oscuro 90 cm,,11.56,646,1.78,,Dropi PRO ES,https://dropipro.com/storage/products/93/oscura_24-11-2022.jpg,https://dropipro.com/app/products,18.0,
dropipro,89,Cama Perro Mediana Gris Oscura 70 cm,,8.49,1312,1.23,,Dropi PRO ES,https://dropipro.com/storage/products/89/oscura_24-11-2022.jpg,https://dropipro.com/app/products,18.0,
dropipro,83,Calefactor Enchufe 400 Watts,,6.89,1255,0.67,,Dropi PRO ES,https://dropipro.com/storage/products/83/61Fp8gqS76L_2024-01-18-16-54-37._AC_.jpg,https://dropipro.com/app/products,18.0,
dropipro,687,Escritorio de aprendizaje para niños (rosa),,5.59,4454,0.64,,Dropi PRO ES,https://dropipro.com/storage/products/687/MESITA_2024-03-22-19-28-44.jpg,https://dropipro.com/app/products,18.0,
dropipro,132,Consola Game Boy retro 2 jugadores,,5.37,682,0.4,,Dropi PRO ES,https://dropipro.com/storage/products/132/game_boy_2023-01-26-14-12-05.png,https://dropipro.com/app/products,18.0,
dropipro,678,Consola de juegos inalámbrica retro Stick de 64 GB,,14.99,1019,0.58,,Dropi PRO ES,https://dropipro.com/storage/products/678/61IQW-5Q4L_2024-03-22-17-47-19._AC_SX679_.jpg,https://dropipro.com/app/products,18.0,
dropipro,127,Consola juego Retro,,7.96,1010,0.62,,Dropi PRO ES,https://dropipro.com/storage/products/127/consola_retro_2023-01-25-18-40-38.png,https://dropipro.com/app/products,18.0,
dropipro,780,Escritorio de aprendizaje para niños (azul),,5.59,8027,0.64,,Dropi PRO ES,https://dropipro.com/storage/products/780/231793929_max_2024-04-11-15-26-08.jpg,https://dropipro.com/app/products,18.0,
dropipro,1532,Escritorio de aprendizaje para niños unicornio rosa,,5.59,3053,0.45,,Dropi PRO ES,https://dropipro.com/storage/products/1532/escriunic_2024-11-19-19-47-01.jpg,https://dropipro.com/app/products,18.0,
dropipro,846,Arctic Air Enfriador de aire ultra evaporativo,,5.89,5950,0.73,,Dropi PRO ES,https://dropipro.com/storage/products/846/WechatIMG22_2024-05-27-17-51-35.jpg,https://dropipro.com/app/products,18.0,
dropipro,865,Ventilador humidificador de nebulización blanco,,6.99,2326,0.94,,Dropi PRO ES,https://dropipro.com/storage/products/865/WechatIMG1330_2024-06-05-17-49-43.jpg,https://dropipro.com/app/products,18.0,
dropipro,1499,Cinturon reductor de grasa efecto sauna,,7.49,724,1.0,,Dropi PRO ES,https://dropipro.com/storage/products/1499/CINTU_2024-11-18-17-41-08.jpg,https://dropipro.com/app/products,18.0,
dropipro,2013,Almohada ergonómica antiestré,,6.89,5297,1.12,,Dropi PRO ES,https://dropipro.com/storage/products/2013/ALMOHADA_1747674454.jpg,https://dropipro.com/app/products,18.0,
dropipro,577,Rodillo de entrenamiento para abdominales con soporte para codos,,9.95,2547,1.76,,Dropi PRO ES,https://dropipro.com/storage/products/577/61TturXa4gL_2024-02-10-19-44-21._AC_SL1200_.jpg,https://dropipro.com/app/products,18.0,
dropipro,1116,Barra bastón senderismo autodefensa,,7.99,1401,0.5,,Dropi PRO ES,https://dropipro.com/storage/products/1116/PALO_2024-08-24-17-11-56.jpg,https://dropipro.com/app/products,18.0,
dropipro,949,Kit destornillador electrico,,5.49,1772,0.86,,Dropi PRO ES,https://dropipro.com/storage/products/949/DESTORN_2024-07-16-23-00-24.jpg,https://dropipro.com/app/products,18.0,
dropipro,2051,Peluche relajante para bebé que simula respiración (Koala gris),,5.99,993,0.46,,Dropi PRO ES,https://dropipro.com/storage/products/2051/IMG_20251021_163713_1761058622.jpg,https://dropipro.com/app/products,18.0,
dropipro,2119,Auriculares traductor IA,,6.99,1350,0.28,,Dropi PRO ES,https://dropipro.com/storage/products/2119/AURICTRADUCTOR_1765564476.jpg,https://dropipro.com/app/products,18.0,
dropipro,1826,Desatascador inodoros para baños,,5.99,679,0.78,,Dropi PRO ES,https://dropipro.com/storage/products/1826/DESATAS_1739636034.jpg,https://dropipro.com/app/products,18.0,
dropipro,1545,Sacacorchos eléctrico 4 en 1,,6.29,927,0.28,,Dropi PRO ES,https://dropipro.com/storage/products/1545/sacacol_2024-11-21-18-59-36.jpg,https://dropipro.com/app/products,18.0,
dropipro,1436,Cadena de Luces LED RGB,,6.49,1168,0.0,,Dropi PRO ES,https://dropipro.com/storage/products/1436/LEDCOLORES_2024-11-06-13-09-25.jpg,https://dropipro.com/app/products,18.0,
dropipro,1434,Cámara de seguridad inalámbrica adaptador bombilla,,6.49,1065,0.4,,Dropi PRO ES,https://dropipro.com/storage/products/1434/product-file_2024-11-06-12-24-59.jpg,https://dropipro.com/app/products,18.0,
dropipro,362,Mopa Fregona 8L,,7.89,755,1.5,,Dropi PRO ES,https://dropipro.com/storage/products/362/61I8VQ0JxHL_2024-01-17-18-24-37._AC_SL1500_.jpg,https://dropipro.com/app/products,18.0,
dropipro,355,Sacacorchos eléctrico + abridor de vino transparente,,5.99,622,0.45,,Dropi PRO ES,https://dropipro.com/storage/products/355/61trtqYCGBL_2024-01-18-12-23-54._AC_SL1500_.jpg,https://dropipro.com/app/products,18.0,
dropipro,1028,Almohada de punto ergonómica 3D,,6.49,13455,1.2,,Dropi PRO ES,https://dropipro.com/storage/products/1028/ALMOHADA_2024-08-01-19-58-12.jpg,https://dropipro.com/app/products,18.0,
dropipro,466,Batamanta Huggia,,6.29,642,0.68,,Dropi PRO ES,https://dropipro.com/storage/products/466/BATAMANTA_2024-01-09-13-35-17.jpg,https://dropipro.com/app/products,18.0,
dropipro,531,Aspiradora de mano portátil,,6.99,601,0.4,,Dropi PRO ES,https://dropipro.com/storage/products/531/61aPquTByhL_2024-02-06-16-35-09._AC_.jpg,https://dropipro.com/app/products,18.0,
dropipro,1072,Botella de agua de hidrógeno portátil,,10.99,1183,0.47,,Dropi PRO ES,https://dropipro.com/storage/products/1072/BOTELLA_2024-08-14-19-24-07.jpg,https://dropipro.com/app/products,18.0,
dropipro,27,Cortadora de alimentos 4 en 1,,5.95,2863,0.94,,Dropi PRO ES,https://dropipro.com/storage/products/27/cortaverdura_2024-08-22-12-52-18.jpg,https://dropipro.com/app/products,18.0,
dropipro,298,Cortador multifuncional de verduras y frutas,,6.99,2157,1.0,,Dropi PRO ES,https://dropipro.com/storage/products/298/71RghnRgSTL_2023-07-30-13-10-24._AC_SL1500_.jpg,https://dropipro.com/app/products,18.0,
dropipro,198,Exprimidor Portátil,,8.99,1452,0.95,,Dropi PRO ES,https://dropipro.com/storage/products/198/fddc6778-6832-4114-9ba2-c4cde675a9b1_2023-05-19-12-54-06.jpg,https://dropipro.com/app/products,18.0,
dropipro,131,Organizador de cocina multifunción,,7.89,719,0.96,,Dropi PRO ES,https://dropipro.com/storage/products/131/organizador_cocina_2023-01-25-18-52-48.png,https://dropipro.com/app/products,18.0,
dropipro,1552,Aspiradora portátil potente,,10.99,1922,0.99,,Dropi PRO ES,https://dropipro.com/storage/products/1552/ASPIRADO_2024-11-06-16-18-20.JPG,https://dropipro.com/app/products,18.0,
dropipro,1392,Avion teledirigido (3 colores),,12.99,904,0.98,,Dropi PRO ES,https://dropipro.com/storage/products/1392/WechatIMG1750_2024-10-30-15-52-30.jpg,https://dropipro.com/app/products,18.0,
dropipro,155,Almohada cervical viscoelástica Cuello,,7.49,6464,0.59,,Dropi PRO ES,https://dropipro.com/storage/products/155/ALMOHADACERVICALBAJA-REBOTE_1024x10242x_2023-02-28-16-24-08.png,https://dropipro.com/app/products,18.0,
dropipro,1439,Cepillo mata piojos,,5.99,696,0.52,,Dropi PRO ES,https://dropipro.com/storage/products/1439/PIOJOS_2024-11-06-13-47-56.jpg,https://dropipro.com/app/products,18.0,
dropipro,1405,Tensiómetro inteligente,,5.99,1124,0.5,,Dropi PRO ES,https://dropipro.com/storage/products/1405/TENSIO_2024-10-30-18-02-49.jpg,https://dropipro.com/app/products,18.0,
dropipro,487,Máscara de refrigeración cara,,1.99,500,0.25,,Dropi PRO ES,https://dropipro.com/storage/products/487/24032_2024-01-24-19-30-59.jpg,https://dropipro.com/app/products,18.0,
dropipro,482,Masajeador térmico de columna cervical con 6 cabezales de masaje,,6.99,958,0.34,,Dropi PRO ES,https://dropipro.com/storage/products/482/24070_2024-01-24-16-42-41.jpg,https://dropipro.com/app/products,18.0,
dropipro,453,Almohada de viaje con memoria,,5.89,1142,0.57,,Dropi PRO ES,https://dropipro.com/storage/products/453/e0e77219003cd755c06cdf7de3fd0f84_2023-12-22-17-30-22.jpg,https://dropipro.com/app/products,18.0,
dropipro,376,Bastón Plegable con luz LED,,6.69,1012,0.67,,Dropi PRO ES,https://dropipro.com/storage/products/376/512DtUMxc6L_2023-10-16-19-49-39._AC_SX679_.jpg,https://dropipro.com/app/products,18.0,
dropipro,128,Cojín ergonómico de gel,,5.55,1482,1.2,,Dropi PRO ES,https://dropipro.com/storage/products/128/cojin_gel_2023-01-25-18-42-45.png,https://dropipro.com/app/products,18.0,
dropipro,571,Almohada cervical viscoelástica para el cuello,,5.99,1020,0.83,,Dropi PRO ES,https://dropipro.com/storage/products/571/COJIN_2024-09-24-18-00-10.jpg,https://dropipro.com/app/products,18.0,
dropipro,1502,Hombrera de gel frío y calor reutilizable,,5.09,608,0.56,,Dropi PRO ES,https://dropipro.com/storage/products/1502/HOMBRO_2024-11-18-18-35-51.jpg,https://dropipro.com/app/products,18.0,
dropipro,11,Pistola de masaje,,8.99,731,0.87,,Dropi PRO ES,https://dropipro.com/storage/products/11/pistola_masaje_02-11-2022.png,https://dropipro.com/app/products,18.0,
dropipro,317,Masajeador Facial para el Cuello,,6.49,882,0.25,,Dropi PRO ES,https://dropipro.com/storage/products/317/51f8J5w53qL_2023-08-23-17-48-07._AC_SX679_.jpg,https://dropipro.com/app/products,18.0,
dropipro,486,Masajeador facial con frío y calor antiarrugas blanco,,5.99,1159,0.38,,Dropi PRO ES,https://dropipro.com/storage/products/486/IMG_20251018_114359_1760782207.jpg,https://dropipro.com/app/products,18.0,
dropipro,129,Masajeador anticelulitis,,5.45,1028,0.65,,Dropi PRO ES,https://dropipro.com/storage/products/129/masajeador_celulitis_2023-01-25-18-44-10.png,https://dropipro.com/app/products,18.0,
dropipro,969,Mascarilla Capilar Reparación 500ml,,5.49,2893,0.74,,Dropi PRO ES,https://dropipro.com/storage/products/969/MASCA_2024-07-19-15-13-13.jpg,https://dropipro.com/app/products,18.0,
dropipro,684,Secador De Mascotas 2 En 1,,5.99,1854,0.38,,Dropi PRO ES,https://dropipro.com/storage/products/684/SECADOR_2024-03-22-18-58-00.jpg,https://dropipro.com/app/products,18.0,
dropipro,658,Asiento de Viaje de Perro para Coche,,6.49,821,0.67,,Dropi PRO ES,https://dropipro.com/storage/products/658/ASIENTO_2024-03-19-17-19-11.jpg,https://dropipro.com/app/products,18.0,
dropipro,516,Caja de Regalo de Rosa Preservada,,6.99,1717,0.64,,Dropi PRO ES,https://dropipro.com/storage/products/516/710bov6IYOL_2024-01-29-19-02-25._AC_SL1500_.jpg,https://dropipro.com/app/products,18.0,
dropipro,2097,Dedicatoria Para mi Hija ( Siempre ),,0.39,500,0.2,,Dropi PRO ES,https://dropipro.com/storage/products/2097/WechatIMG2219_1753115706.jpg,https://dropipro.com/app/products,18.0,
dropipro,1567,Masajeador de ojos y labio electrico con vibracion,,5.49,599,0.26,,Dropi PRO ES,https://dropipro.com/storage/products/1567/MASAOJO_1732548694.JPG,https://dropipro.com/app/products,17.98,
dropipro,2400,Jabón de cabello con ginseng,,1.49,498,0.3,,Dropi PRO ES,https://dropipro.com/storage/products/2400/jab_1764010165.jpg,https://dropipro.com/app/products,17.96,
dropipro,296,Mini OVNI con Luz Spinner con carga USB-Rojo,,3.49,497,0.06,,Dropi PRO ES,https://dropipro.com/storage/products/296/51IG7MjKT6L_2023-07-27-19-21-47._AC_SX425_.jpg,https://dropipro.com/app/products,17.94,
dropipro,1800,Faja moldeadora 2 en 1 negro s/m ( camiseta + faja ),,4.69,497,0.45,,Dropi PRO ES,https://dropipro.com/storage/products/1800/x-min_1739899580.jpg,https://dropipro.com/app/products,17.94,
dropipro,1070,Kit 3 cepillo para taladro,,3.49,495,0.27,,Dropi PRO ES,https://dropipro.com/storage/products/1070/CEPILLOTALA_2024-08-14-18-29-16.jpg,https://dropipro.com/app/products,17.9,
dropipro,1505,Cinta de kinesiología 1 rollo 5cm x 5m,,1.89,495,0.1,,Dropi PRO ES,https://dropipro.com/storage/products/1505/CINTA_2024-11-18-18-54-12.jpg,https://dropipro.com/app/products,17.9,
dropipro,936,Bolso cruzado antirrobo negro,,5.99,594,0.55,,Dropi PRO ES,https://dropipro.com/storage/products/936/bolsos_2024-07-13-13-48-41.jpg,https://dropipro.com/app/products,17.88,
dropipro,2252,Collar en forma de corazón con Amor Eterno en 100 idiomas,,1.99,494,0.25,,Dropi PRO ES,https://dropipro.com/storage/products/2252/WechatIMG2284_1757176224.jpg,https://dropipro.com/app/products,17.88,
dropipro,2531,Limpiador de película de aceite para parabrisas,,2.49,493,0.36,,Dropi PRO ES,https://dropipro.com/storage/products/2531/CEPILLO_1768218273.jpg,https://dropipro.com/app/products,17.86,
dropipro,1004,Batidora de mano electrico,,4.95,492,0.21,,Dropi PRO ES,https://dropipro.com/storage/products/1004/71cuNDDmS8L_2024-07-26-20-03-23._AC_SX679_.jpg,https://dropipro.com/app/products,17.84,
dropipro,119,Lampara LED secador de uñas,,2.99,491,0.44,,Dropi PRO ES,https://dropipro.com/storage/products/119/2_2024-03-09-17-09-35.jpeg,https://dropipro.com/app/products,17.82,
dropipro,1134,Rallador 5 en 1,,3.89,486,0.29,,Dropi PRO ES,https://dropipro.com/storage/products/1134/RALLADOR_2024-08-29-18-37-21.JPG,https://dropipro.com/app/products,17.72,
dropipro,1868,Pack 6 parches jengibre para aliviar el dolor,,1.49,484,0.1,,Dropi PRO ES,https://dropipro.com/storage/products/1868/WechatIMG2045_1741107580.jpg,https://dropipro.com/app/products,17.68,
dropipro,2263,"SUP Berberina 30 Cápsulas -  Regulador de Glucosa, Colesterol y Peso | Antioxidante Natural",,3.49,480,0.2,,Dropi PRO ES,https://dropipro.com/storage/products/2263/BERBERINA_1766323332.jpg,https://dropipro.com/app/products,17.6,
dropipro,1399,Limpiador de tazas automática de alta presión,,2.99,480,0.18,,Dropi PRO ES,https://dropipro.com/storage/products/1399/WechatIMG1752_2024-10-30-17-10-59.jpg,https://dropipro.com/app/products,17.6,
dropipro,2601,"Plantillas para aumentar altura 3,5 cm (2 unidades)",,1.99,479,0.24,,Dropi PRO ES,https://dropipro.com/storage/products/2601/plantilla_1778670461.jpg,https://dropipro.com/app/products,17.58,
dropipro,968,Limpiador de Brochas de Maquillaje,,3.89,477,0.47,,Dropi PRO ES,https://dropipro.com/storage/products/968/BROCHA1_2024-07-19-14-59-44.JPG,https://dropipro.com/app/products,17.54,
dropipro,195,Soporte de aluminio giratorio 360º,,2.89,477,0.14,,Dropi PRO ES,https://dropipro.com/storage/products/195/H35e177d010a741658a54fe4c287fed67M_2023-05-10-12-40-14.jpg,https://dropipro.com/app/products,17.54,
dropipro,1156,Guante spa gel suaviza la piel seca,,1.99,476,0.17,,Dropi PRO ES,https://dropipro.com/storage/products/1156/GUANTE_2024-09-09-15-18-21.jpg,https://dropipro.com/app/products,17.52,
dropipro,213,Auriculares PRO Max gris,,4.99,474,0.41,,Dropi PRO ES,https://dropipro.com/storage/products/213/4c8d65569ecb882dfbafe53d4d01e137_2023-05-30-13-27-14.jpg,https://dropipro.com/app/products,17.48,
dropipro,1118,Cepillo de silicona para limpieza de ducha,,2.89,474,0.16,,Dropi PRO ES,https://dropipro.com/storage/products/1118/CEPILLOSILICO_2024-08-24-17-25-53.jpg,https://dropipro.com/app/products,17.48,
dropipro,1775,Estanteria de almacenamiento de metal sobre el inodoro,,8.99,573,1.3,,Dropi PRO ES,https://dropipro.com/storage/products/1775/ESTANRIA_1738231972.jpg,https://dropipro.com/app/products,17.46,
dropipro,2472,Filtro purificador de agua,,3.49,472,0.43,,Dropi PRO ES,https://dropipro.com/storage/products/2472/GRIFO_1765905908.JPG,https://dropipro.com/app/products,17.44,
dropipro,261,Smartwatch Ultra Pro 2 Naranja con 2 correas,,5.49,570,0.34,,Dropi PRO ES,"https://dropipro.com/storage/products/261/51hTWiifnYL_2023-06-06-18-01-31._AC_UF1000,1000_QL80_.jpg",https://dropipro.com/app/products,17.4,
dropipro,85,Cama Perro Pequeña Gris Oscuro 50 cm,,5.29,570,0.62,,Dropi PRO ES,https://dropipro.com/storage/products/85/oscura_24-11-2022.jpg,https://dropipro.com/app/products,17.4,
dropipro,1854,Dispositivo de ejercicio de respiración para pulmones,,2.49,470,0.27,,Dropi PRO ES,https://dropipro.com/storage/products/1854/REPOIRA_1740132945.jpg,https://dropipro.com/app/products,17.4,
dropipro,2532,Spray de limpieza en seco,,1.99,468,0.35,,Dropi PRO ES,https://dropipro.com/storage/products/2532/WechatIMG2498_1768219149.jpg,https://dropipro.com/app/products,17.36,
dropipro,47,Taburete plegable,,5.79,568,1.22,,Dropi PRO ES,https://dropipro.com/storage/products/47/taburete_plegable_02-11-2022.jpg,https://dropipro.com/app/products,17.36,
dropipro,987,Proyector astronauta con altavoz bluetooth ( dos modelo ),,9.05,568,0.59,,Dropi PRO ES,https://dropipro.com/storage/products/987/PROYECTOR_2024-07-25-16-55-39.jpg,https://dropipro.com/app/products,17.36,
dropipro,1460,Masajeador muscular de 4 cabezas,,14.99,568,1.5,,Dropi PRO ES,https://dropipro.com/storage/products/1460/MASA_2024-11-07-17-36-19.jpg,https://dropipro.com/app/products,17.36,
dropipro,1515,"Mini joyero con espejo de viaje ( rosa , blanco )",,2.19,468,0.14,,Dropi PRO ES,https://dropipro.com/storage/products/1515/joye_2024-11-19-13-11-05.jpg,https://dropipro.com/app/products,17.36,
dropipro,502,Tienda de Campaña Infantil 87 Piezas,,5.95,567,0.74,,Dropi PRO ES,https://dropipro.com/storage/products/502/182387519_max_2024-01-29-16-37-15.jpg,https://dropipro.com/app/products,17.34,
dropipro,477,Dedicatoria Querida Hija,,0.39,465,0.2,,Dropi PRO ES,https://dropipro.com/storage/products/477/QUERIDAHIJA_2024-01-24-11-07-30.jpg,https://dropipro.com/app/products,17.3,
dropipro,1490,Parrilla de barbacoa plegable,,6.99,564,1.32,,Dropi PRO ES,https://dropipro.com/storage/products/1490/711b9GyFEL_2024-11-18-16-09-32._AC_SL1500_.jpg,https://dropipro.com/app/products,17.28,
dropipro,1133,Lampara personalizada para escribir forma rectangular,,2.99,462,0.19,,Dropi PRO ES,https://dropipro.com/storage/products/1133/TABLERO_2024-08-29-18-30-35.jpg,https://dropipro.com/app/products,17.24,
dropipro,2137,SUP Melatonina Duerme Plus 60 Cápsulas – Sueño Profundo y Reparador,,2.29,454,0.25,,Dropi PRO ES,https://dropipro.com/storage/products/2137/MELATONINA_1765626367.jpg,https://dropipro.com/app/products,17.08,
dropipro,1537,Set para Cuidado del Bebé 13 en 1 rosa,,4.99,452,0.37,,Dropi PRO ES,https://dropipro.com/storage/products/1537/BEBEROSA_2024-11-20-16-53-44.JPG,https://dropipro.com/app/products,17.04,
dropipro,396,Batamanta,,5.49,551,0.6,,Dropi PRO ES,https://dropipro.com/storage/products/396/A1bhHe40RoL_2023-11-01-16-28-35._AC_SL1500_.jpg,https://dropipro.com/app/products,17.02,
dropipro,1630,Plato Giratorio 360 Antiderrames,,3.09,450,0.2,,Dropi PRO ES,https://dropipro.com/storage/products/1630/24481_1734977411.jpg,https://dropipro.com/app/products,17.0,
dropipro,1538,Set para Cuidado del Bebé 10 en 1 celeste,,2.99,450,0.17,,Dropi PRO ES,https://dropipro.com/storage/products/1538/SETBEBE_2024-11-20-17-00-07.jpg,https://dropipro.com/app/products,17.0,
dropipro,1876,Aire acondicionado evaporativo portátil,,8.49,548,1.17,,Dropi PRO ES,https://dropipro.com/storage/products/1876/AIRE_1741111713.jpg,https://dropipro.com/app/products,16.96,
dropipro,1608,Collar de universo de estrella + caja de regalo,,2.89,448,0.2,,Dropi PRO ES,https://dropipro.com/storage/products/1608/collaruniv_1733928040.jpg,https://dropipro.com/app/products,16.96,
dropipro,512,Masajeador Facial eléctrico con Parche Estimulación EMS,,2.99,447,0.2,,Dropi PRO ES,https://dropipro.com/storage/products/512/71thLJ5zICL_2024-01-29-18-00-27._AC_SL1500_.jpg,https://dropipro.com/app/products,16.94,
dropipro,533,"Máquina adelgazante de masaje, removedor de celulitis",,12.89,547,0.94,,Dropi PRO ES,https://dropipro.com/storage/products/533/61BSM4fLPpL_2024-02-06-17-35-39._AC_SL1140_.jpg,https://dropipro.com/app/products,16.94,
dropipro,1851,Juego de papelería de dinosaurio 5 en 1,,4.69,446,0.41,,Dropi PRO ES,https://dropipro.com/storage/products/1851/PAPELERIA_1740132293.jpg,https://dropipro.com/app/products,16.92,
dropipro,179,Camiseta reductora mujer efecto sauna S/M,,2.95,444,0.34,,Dropi PRO ES,https://dropipro.com/storage/products/179/133710943_874609166699005_409935243912883255_n-600x600_480x480_2023-04-05-20-27-48.jpg,https://dropipro.com/app/products,16.88,
dropipro,1778,Zapatero multicapa creativo con diseño de orejas de gato,,3.99,444,0.98,,Dropi PRO ES,https://dropipro.com/storage/products/1778/WechatIMG1986_1738235632.jpg,https://dropipro.com/app/products,16.88,
dropipro,679,Masajeador Capilar,,3.99,444,0.26,,Dropi PRO ES,https://dropipro.com/storage/products/679/RASPA_2024-03-22-17-59-49.jpg,https://dropipro.com/app/products,16.88,
dropipro,64,"Fibras capilares tipo Toppik Negro 27,5gr",,3.89,442,0.12,,Dropi PRO ES,https://dropipro.com/storage/products/64/fibras_capilares_09-11-2022.png,https://dropipro.com/app/products,16.84,
dropipro,2139,SUP Intelecto Forte 60 Cápsulas – Memoria y Rendimiento Mental,,3.19,441,0.26,,Dropi PRO ES,https://dropipro.com/storage/products/2139/INTELECTOO_1765627132.jpg,https://dropipro.com/app/products,16.82,
dropipro,2546,Tapa de silicona multifunción anti-derrame,,3.89,439,0.41,,Dropi PRO ES,https://dropipro.com/storage/products/2546/TAPA_1768229790.jpg,https://dropipro.com/app/products,16.78,
