fonte,id,nome,sku,preco_eur,stock,peso,envio_eur,armazem,imagem,link,score_minerado,tags
ecomhub,e6fcd88f-cc22-4b6a-a462-14e0ed712723,Copo Dobrável 270ml,10287,1.55,1900,0.001,1.5,ES / FR 2,https://api.ecomhub.app/public/products/featuredImage-1733753656549-77eb1e73.jpg,https://app.ecomhub.app,20.0,
ecomhub,0a44d5fa-8103-48b8-b216-9042e3cca9ed,Lâmpada LED Secadora de Unhas,10262,2.15,1000,0.001,1.5,ES / FR 2,https://api.ecomhub.app/public/products/featuredImage-1733489057040-27121d38.jpg,https://app.ecomhub.app,20.0,
ecomhub,beb4e004-e427-4c06-8824-a20ee249b1dd,Cortador de Pelos para Nariz e Orelhas,10272,2.7,800,0.001,1.5,ES / FR 2,https://api.ecomhub.app/public/products/featuredImage-1733753513815-9462f6b3.jpg,https://app.ecomhub.app,20.0,
ecomhub,b068e10b-9a9d-4a1e-beec-30a2991c4209,Combo do Airpod Branco e AirPod P9,airpods-caja_14875,3.1,900,0.001,1.5,ES / FR 2,https://api.ecomhub.app/public/products/featuredImage-1751975713394-66b3ab47.jpeg,https://app.ecomhub.app,20.0,
ecomhub,fa89083a-b7e7-405a-9b51-4a8ddc3552d5,AIRPOD BRANCO,airpods-caja_14875,3.1,1000,0.001,1.5,ES / FR 2,https://api.ecomhub.app/public/products/featuredImage-1733330756987-6eda7ab5.jpeg,https://app.ecomhub.app,20.0,
ecomhub,35c2f375-75f0-4862-8236-edef7333d8e3,Creme removedor de verruga,EMCremawart,2.95,700,0.001,1.5,Espanha 1,https://api.ecomhub.app/public/products/featuredImage-1718456973684-6f57cbd5.jpg,https://app.ecomhub.app,20.0,
ecomhub,30068e0e-2292-4585-995d-46b3f763e3a1,Carregador PD USB-C - 25 W - M2TEC,cargac_v-8573,2.9,700,0.9,1.5,ES / FR 2,https://api.ecomhub.app/public/products/featuredImage-1774453396756-0122b0b9.png,https://app.ecomhub.app,20.0,
ecomhub,83df46db-295b-491e-abb9-a3d631784ac3,Máscara de Cílios de Fibra de Seda 4D,mascarafibraseda_6970779603020,2.0,600,0.2,1.5,ES / FR 2,https://api.ecomhub.app/public/products/featuredImage-1740072054250-4d74894a.jpg,https://app.ecomhub.app,20.0,
ecomhub,4cd590bd-ed36-4a32-a085-0ff012ec8213,Oxímetro de pulso digital,oximetro_lk87,3.2,1500,0.9,1.5,ES / FR 2,https://api.ecomhub.app/public/products/featuredImage-1746800364484-b7b60414.jpg,https://app.ecomhub.app,20.0,
ecomhub,abaf16b9-179c-4f6a-88ea-47f44fc972b2,ASHWAGANDHA-RHODIOLA- GRIFONIA 100 Cápsulas,552191,9.34,700,0.5,1.5,Espanha 7,https://api.ecomhub.app/public/products/featuredImage-1763048172417-9c8960ca.jpg,https://app.ecomhub.app,18.0,
ecomhub,67b1e7b9-9c4e-48b7-8b81-dda2e6a55ffa,VECOSLIP PRO 60 Cápsulas,552042/1,8.32,600,0.5,1.5,Espanha 7,https://api.ecomhub.app/public/products/featuredImage-1763051038043-ed65e08d.jpg,https://app.ecomhub.app,18.0,
ecomhub,1ff52f4c-6937-447d-8741-80d9449dd087,Luz Magnetica com Sensor,luzmagnetica_15479,5.6,700,0.001,1.5,ES / FR 2,https://api.ecomhub.app/public/products/featuredImage-1733417468107-d548e559.jpeg,https://app.ecomhub.app,18.0,
ecomhub,165e4358-4056-4072-aee9-5ab412ffced1,OMEGA 3 PURO VECOS 120 Capsulas,552196,10.57,800,0.5,1.5,Espanha 7,https://api.ecomhub.app/public/products/featuredImage-1763051556842-b2f55f95.jpg,https://app.ecomhub.app,18.0,
ecomhub,fc595b1e-1929-41f2-84da-59219801d1e8,Pistola de Bolhas de Sabão com 40 Furos - Diversão Garantida com Múltiplas Bolhas,pistola40h-15390,4.8,600,0.9,1.5,ES / FR 2,https://api.ecomhub.app/public/products/featuredImage-1771870979289-febd29d9.png,https://app.ecomhub.app,18.0,
ecomhub,d30aab72-8cfa-4acb-9665-e9a6b5165bed,Embaralhador Automático de Cartas,cartasauto_15510,6.11,1300,0.001,1.5,ES / FR 2,https://api.ecomhub.app/public/products/featuredImage-1732885019388-e4ca97dd.jpg,https://app.ecomhub.app,18.0,
ecomhub,179b4510-41bd-44f7-acb9-12bfbae9965b,Cinto Abdominal Redutor de Gordura,cinturon_15367,4.07,900,0.001,1.5,ES / FR 2,https://api.ecomhub.app/public/products/featuredImage-1732887463956-60697d9d.jpg,https://app.ecomhub.app,18.0,
ecomhub,01b5b097-692b-4b42-b988-01de253a74e4,TENSIOVECOS 90 Cápsulas,552051,7.99,900,0.5,1.5,Espanha 7,https://api.ecomhub.app/public/products/featuredImage-1763050782396-8ee1469c.jpg,https://app.ecomhub.app,18.0,
ecomhub,360f83d3-dca4-4a2b-9d96-71e0dd234617,VIGOR HM 80 Cápsulas,552031,6.09,800,0.5,1.5,Espanha 7,https://api.ecomhub.app/public/products/featuredImage-1763041078813-e11bacba.jpg,https://app.ecomhub.app,18.0,
ecomhub,425fd5ef-6bae-4b83-848a-21f107b8b852,Power Bank magnético 10000mAh,powerban_gl69451,7.7,1300,0.2,1.5,ES / FR 2,https://api.ecomhub.app/public/products/featuredImage-1740073063626-2799b06c.jpg,https://app.ecomhub.app,18.0,
ecomhub,08820133-188a-4a6e-b8e8-da177ddf265a,Tênis Unisex,zapdeport,7.0,6400,0.5,1.5,ES / FR 2,https://api.ecomhub.app/public/products/featuredImage-1777899367275-2e8556dd.jpeg,https://app.ecomhub.app,18.0,
ecomhub,95c770ef-4c73-41fd-94d6-6f948e2c17cd,Rosa Eterna,rosapeque_15634,6.1,600,0.001,1.5,ES / FR 2,https://api.ecomhub.app/public/products/featuredImage-1747232494126-5a9ae00f.jpeg,https://app.ecomhub.app,18.0,
ecomhub,3f15ff1b-c430-4421-a610-5848a3864ec2,PROBIODIGEST 60 Cápsulas,552115,7.64,900,0.5,1.5,Espanha 7,https://api.ecomhub.app/public/products/featuredImage-1763049061402-f0b97f40.jpg,https://app.ecomhub.app,18.0,
ecomhub,3709d67c-1ea3-4631-b3a6-24e7324ad738,Corretor de postura ajustável e respirável -pacote com 26-  conforto e alívio diários,backpain_13741,4.2,700,0.9,1.5,ES / FR 2,https://api.ecomhub.app/public/products/featuredImage-1753203489192-7ee049bf.png,https://app.ecomhub.app,18.0,
ecomhub,198e155f-3aa8-44bb-b8ff-586022d22726,Combo 3 unidades de creme,packcosmetica,10.0,6200,0.5,1.5,ES / FR 2,https://api.ecomhub.app/,https://app.ecomhub.app,18.0,
ecomhub,d0195cc8-58cc-4a98-8959-87a495b77c98,CORRETOR DE POSTURA  JUVENIL,correctorsensor_15378,3.02,500,0.001,1.5,ES / FR 2,https://api.ecomhub.app/public/products/featuredImage-1733761631022-47e88e17.jpeg,https://app.ecomhub.app,18.0,
ecomhub,6bb28e83-db3c-4a7a-8942-d2da99176b88,SKIN COLLAGEN PLUS 90 Cápsulas,552068,7.9,800,0.5,1.5,Espanha 7,https://api.ecomhub.app/public/products/featuredImage-1763048827948-8088e4fa.jpg,https://app.ecomhub.app,18.0,
ecomhub,980c97d4-0758-4968-bb93-05c7da96b182,Brinquedo Voador Manual,air_toy14876,4.07,800,0.001,1.5,ES / FR 2,https://api.ecomhub.app/public/products/featuredImage-1734025905545-e0ef0887.JPG,https://app.ecomhub.app,18.0,
ecomhub,e1f48a81-632d-4d56-ba7e-53f4c1207819,Sérum Eelhoe para Rugas,eelhoearrugas,4.1,1300,0.001,1.5,ES / FR 2,https://api.ecomhub.app/public/products/featuredImage-1733400059779-2567feb8.jpeg,https://app.ecomhub.app,18.0,
ecomhub,da3955d5-544e-4f47-845e-c40a14c7dc31,Combo de 2 Unidades da Luz Magnetica com Sensor,luzmagnetica_15479,11.2,700,0.001,1.5,ES / FR 2,https://api.ecomhub.app/public/products/featuredImage-1762362206861-b2f46e59.png,https://app.ecomhub.app,18.0,
ecomhub,8e3ed677-4aa9-4b76-a6a9-7026510c668b,Creme de sebo bovino - bálsamo de sebo com mel - recipiente de plástico,evilgoods_15913,4.2,1400,0.9,1.5,ES / FR 2,https://api.ecomhub.app/public/products/featuredImage-1751121629655-c568c32f.jpg,https://app.ecomhub.app,18.0,
ecomhub,b6eaa1ea-4f49-40b7-9a04-6b40e4a2e7a5,VITAMINA C LIPOSOMADA LIPOSOVIT-C 90 Cápsulas,552232,8.31,700,0.5,1.5,Espanha 7,https://api.ecomhub.app/public/products/featuredImage-1763043048133-220af1b0.jpg,https://app.ecomhub.app,18.0,
ecomhub,232f1282-fc82-4c64-9cbb-b4e2cecb8bab,Projetor Astronauta,astronauta_v-8053,11.72,3000,0.001,1.5,ES / FR 2,https://api.ecomhub.app/public/products/featuredImage-1732885875307-0827a5f2.jpg,https://app.ecomhub.app,18.0,
ecomhub,cadcf9ce-e6e1-40df-a4c4-fc5b66ae16db,INMUNO 30 Cápsulas,552035,5.45,700,0.5,1.5,Espanha 7,https://api.ecomhub.app/public/products/featuredImage-1763042272074-45d957e8.jpg,https://app.ecomhub.app,18.0,
ecomhub,919d0710-e0e7-482e-bd88-610c364f7d21,FÉRTIL M 45 Cápsulas  mais 45 Cápsulas,552028,8.28,800,0.5,1.5,Espanha 7,https://api.ecomhub.app/public/products/featuredImage-1763050338682-c90eb4c7.jpg,https://app.ecomhub.app,18.0,
ecomhub,cca1275b-0d87-4c74-b9ed-e04c80ce50a1,combo 3 Cremes com detox para os pés,EMCremawart,10.15,700,0.001,1.5,Espanha 1,https://api.ecomhub.app/,https://app.ecomhub.app,18.0,
ecomhub,0ea00cce-2724-42c3-b775-13b5d1b7fba4,Marmita Térmica Elétrica 2 em 1 com Recipiente de Aço,34-bn3381,11.2,1300,0.001,1.5,ES / FR 2,https://api.ecomhub.app/public/products/featuredImage-1733752919372-70f1e0d7.jpg,https://app.ecomhub.app,18.0,
ecomhub,0e074f4c-c6af-4d5c-a518-69c6f5fa1ea8,Adesivos Analgésicos para Dor no Joelho,kneepatch_15499,1.7,500,0.001,1.5,ES / FR 2,https://api.ecomhub.app/public/products/featuredImage-1737049943268-cd2d8eb6.jpeg,https://app.ecomhub.app,18.0,
ecomhub,8ba1d80a-b5e0-4d60-a478-f018db3d2b95,Primer de Maquiagem Hidratante,primerkarite24k,3.6,600,0.001,1.5,ES / FR 2,https://api.ecomhub.app/public/products/featuredImage-1733330348434-df895c7b.jpeg,https://app.ecomhub.app,18.0,
ecomhub,a946480d-c8dc-4a1c-8922-86a47ce8351a,Aparador de Cabelo Dermaplace Flawless,cortapelo_8434921012132,3.56,1200,0.001,1.5,ES / FR 2,https://api.ecomhub.app/public/products/featuredImage-1746239018777-b5ba8e9f.jpeg,https://app.ecomhub.app,18.0,
ecomhub,89a6d9f4-a26b-4685-93c3-6ed60d0dbdcb,Spray de sérum facial hidratante EELHOE com trufas brancas,eelhoetruffas,4.2,600,0.9,1.5,ES / FR 2,https://api.ecomhub.app/public/products/featuredImage-1751121967534-c51572f0.jpg,https://app.ecomhub.app,18.0,
ecomhub,2c47232f-7cc6-4f10-a020-63389552d50d,VITAMINA D3 e K2 60 Capsulas,552126,5.33,800,0.5,1.5,Espanha 7,https://api.ecomhub.app/public/products/featuredImage-1763045617190-64a00351.jpg,https://app.ecomhub.app,18.0,
ecomhub,005502dd-159d-49e9-87cd-85a597504816,Probiótico Vaginal em capsulas,8432173005049,3.95,700,0.5,1.8,Espanha 6,https://api.ecomhub.app/public/products/featuredImage-1776258019113-a7cef204.jpeg,https://app.ecomhub.app,18.0,
ecomhub,7af86a26-4d18-415e-ba3b-b5b6a8291376,Creme Termo Firmador com Óleo de Café Verde OCEAURA,cremgrancafeverd,4.1,1100,0.001,1.5,ES / FR 2,https://api.ecomhub.app/public/products/featuredImage-1737126694512-a2a0ff0c.jpeg,https://app.ecomhub.app,18.0,
ecomhub,06c54833-3972-4467-a558-ac8dfce68540,Combo de 3 unidades do Creme de sebo bovino,evilgoods_15913,12.6,1400,0.9,1.5,ES / FR 2,https://api.ecomhub.app/public/products/featuredImage-1770730345553-7596633b.png,https://app.ecomhub.app,18.0,
ecomhub,71b46dd2-90fc-4d98-9ea3-1a14ac5d416d,COLÁGENO HIDROLIZADO TIPO II 160 Cápsulas,552105,9.98,900,0.5,1.5,Espanha 7,https://api.ecomhub.app/public/products/featuredImage-1769612369339-b86a5d2f.jpeg,https://app.ecomhub.app,18.0,
ecomhub,ba07cfde-fa6a-49f6-9065-103bcfe77212,VECOSFLAT  60 Cápsulas,552076,6.43,600,0.5,1.5,Espanha 7,https://api.ecomhub.app/public/products/featuredImage-1763049374251-7514af57.jpg,https://app.ecomhub.app,18.0,
ecomhub,10fd7310-88b3-4422-99bd-199ef79ddefa,ASHWAGANDHA 1500 MG 100 Cápsulas,552157,8.15,700,0.5,1.5,Espanha 7,https://api.ecomhub.app/public/products/featuredImage-1763047415926-ec828bf0.jpg,https://app.ecomhub.app,18.0,
ecomhub,05ab71df-512c-40b1-b447-c2071dffc3c6,SKIN BEAUTY PROBIÓTICOS 30 Cápsulas,552135,7.41,700,0.5,1.5,Espanha 7,https://api.ecomhub.app/public/products/featuredImage-1763048672811-68922d95.jpg,https://app.ecomhub.app,18.0,
ecomhub,2081e653-db68-44c3-93f9-1604bd64c854,VITAMINA C 90 Cápsulas,552088,6.24,700,0.5,1.5,Espanha 7,https://api.ecomhub.app/public/products/featuredImage-1763042746591-aec3a8aa.jpg,https://app.ecomhub.app,18.0,
ecomhub,0c6dd90a-768e-4e53-8fcf-78dc631bee4a,TENDOBALANCE 300 gr,552070,10.21,800,0.5,1.5,Espanha 7,https://api.ecomhub.app/public/products/featuredImage-1763041866213-e6b85665.jpg,https://app.ecomhub.app,18.0,
ecomhub,9943c92b-8070-4ed9-929a-d5f1d9bc197c,Encapsulado Adipovecos,552023,6.86,900,0.5,1.5,Espanha 7,https://api.ecomhub.app/public/products/featuredImage-1762458475437-001fef12.png,https://app.ecomhub.app,18.0,
ecomhub,01d81a1d-1726-4601-b431-4f8827c7ab6f,ANSIOVECOS 60 Cápsulas,552050,7.56,900,0.5,1.5,Espanha 7,https://api.ecomhub.app/public/products/featuredImage-1763047716692-14cfb211.png,https://app.ecomhub.app,18.0,
ecomhub,0ac866f8-230b-4f78-bdb1-14e31b1502c3,Tiras Blanqueadoras Moradas Smilekit,tiras_16610,3.9,600,0.9,1.5,ES / FR 2,https://api.ecomhub.app/public/products/featuredImage-1774447958568-89f45caf.png,https://app.ecomhub.app,18.0,
ecomhub,6d32a01b-3d5c-4510-8d9c-4babc94ec33b,Himalayan Shilajit Gummies - Energia - Vitalidade e Desempenho Natural,shilajit_16059,4.7,600,0.4,1.5,ES / FR 2,https://api.ecomhub.app/public/products/featuredImage-1760528257241-3d1bf05d.jpeg,https://app.ecomhub.app,18.0,
ecomhub,98b583d1-2777-43ac-a7db-ab32685d856c,Tratamento Capilar com Colágeno 200 ml - Repara - Hidrata e Fortalece o Seu Cabelo,minimask_15832,3.6,700,0.9,1.5,ES / FR 2,https://api.ecomhub.app/public/products/featuredImage-1748655727398-805592d7.png,https://app.ecomhub.app,18.0,
ecomhub,1ed6002a-937c-4ff4-bc54-072ac70b3da2,COENZIMA Q10 60 Cápsulas,552008,6.11,600,0.5,1.5,Espanha 7,https://api.ecomhub.app/public/products/featuredImage-1763051199428-c0dbdbb9.jpg,https://app.ecomhub.app,18.0,
ecomhub,250193ce-d8c1-4eed-a2a5-c9e1841dd71f,Combo de 2 unidades do Creme de sebo bovino,evilgoods_15913,8.4,1500,0.9,1.5,ES / FR 2,https://api.ecomhub.app/public/products/featuredImage-1770730429324-11e1248f.png,https://app.ecomhub.app,18.0,
ecomhub,a0d48d7f-a859-4c60-a666-8e9e0a64ecf1,Labubu Mistery Box,ali:15861,5.2,600,0.9,1.5,ES / FR 2,https://api.ecomhub.app/public/products/featuredImage-1752060601728-5621dd1f.jpeg,https://app.ecomhub.app,18.0,
ecomhub,ec2befe9-6d4b-41ca-b37b-49159b2e6f73,NOOTRÓPICO 110 Cápsulas,552201,7.57,900,0.5,1.5,Espanha 7,https://api.ecomhub.app/public/products/featuredImage-1763047947466-b3605873.jpg,https://app.ecomhub.app,18.0,
ecomhub,fc8484e3-e2cb-4776-bb27-862b3f90eeac,Encapsulados - FAT - BURNER 100 Cápsulas,552100,8.54,800,0.5,1.5,Espanha 7,https://api.ecomhub.app/public/products/featuredImage-1763040274158-e0a59527.jpg,https://app.ecomhub.app,18.0,
ecomhub,59dd712b-ff82-4c77-bfb6-313a2102f782,Encapsulado Libidol H,552029,6.38,600,0.5,1.5,Espanha 7,https://api.ecomhub.app/public/products/featuredImage-1762459180566-75fab516.png,https://app.ecomhub.app,18.0,
ecomhub,917b6268-c1ca-40a0-bdca-c2ce05a008cc,Sonny Angels - Figuras Colecionáveis,sonyangel_verde,2.7,500,0.001,1.5,ES / FR 2,https://api.ecomhub.app/public/products/featuredImage-1733404428294-36e73c47.jpeg,https://app.ecomhub.app,18.0,
ecomhub,23229251-3d84-4c2c-a233-abcc95a38382,FÉRTIL H 45 Cápsulas mais 45 Cápsulas,552027,7.57,600,0.5,1.5,Espanha 7,https://api.ecomhub.app/public/products/featuredImage-1763050073383-bdff5895.jpg,https://app.ecomhub.app,18.0,
ecomhub,604cd08e-8027-4373-b69c-145dcb1e6b3f,Powerbank Magnético Sem Fio,powerbankqg7_v-7626,7.5,1200,0.001,1.5,ES / FR 2,https://api.ecomhub.app/public/products/featuredImage-1738250458656-dfccc73a.jpeg,https://app.ecomhub.app,18.0,
ecomhub,56282e01-f9d3-4e9b-9eca-cb83d4eaa7b8,Aparador de Barba SK-3003,afeitadora_14790,5.09,1300,0.001,1.5,ES / FR 2,https://api.ecomhub.app/public/products/featuredImage-1733485119172-b87fece5.jpg,https://app.ecomhub.app,18.0,
ecomhub,55fc4ffa-1d1b-4db9-8d3f-79f476cea58a,Creme antienvelhecimento para pescoço e colo,cremacuelloescot,4.2,800,0.9,1.5,ES / FR 2,https://api.ecomhub.app/public/products/featuredImage-1750873797689-ed770732.jpg,https://app.ecomhub.app,18.0,
ecomhub,66bd30ca-078a-4dab-a881-e523b08d56a7,ENCAPSULADO PROBIOTICO MICROBIOTA COM GLUTAMINA,552161-1,7.64,800,0.5,1.5,Espanha 7,https://api.ecomhub.app/public/products/featuredImage-1772219841748-43b80c6d.png,https://app.ecomhub.app,18.0,
ecomhub,b87f7907-cca4-4fc4-9d07-57bb59d51fbd,Encapsulado NAD Youth Capsules,nad-sup,5.0,800,0.5,1.5,ES / FR 2,https://api.ecomhub.app/public/products/featuredImage-1770317157463-0462ecde.jpeg,https://app.ecomhub.app,18.0,
ecomhub,eb33a958-09eb-4a40-9d47-0ce1b9abb50b,Barbeador VGR,afeitadora_13644,9.68,800,0.001,1.5,ES / FR 2,https://api.ecomhub.app/public/products/featuredImage-1733744906760-31604f3d.jpg,https://app.ecomhub.app,18.0,
ecomhub,a99340e7-0ddb-4942-9559-cc644ca39e2b,Combo de 4 Unidades Máscara de Colágeno,biomaskcollagem,14.8,600,0.9,1.5,ES / FR 2,https://api.ecomhub.app/public/products/featuredImage-1747854725421-b80c41c9.jpeg,https://app.ecomhub.app,16.0,
ecomhub,22654903-28d8-4c3d-8556-4a17ffdaf281,Câmera de Ação Green Lyca,gopro_gl69415,18.2,800,0.5,1.5,ES / FR 2,https://api.ecomhub.app/public/products/featuredImage-1759749470130-30d3630c.png,https://app.ecomhub.app,16.0,
ecomhub,20704f73-4749-44bc-b3e8-e7fb2c7eec07,BISGLICINATO MAGNESIO 200 Capsulas,552204,7.1,500,0.5,1.5,Espanha 7,https://api.ecomhub.app/public/products/featuredImage-1763051347486-566938ae.jpg,https://app.ecomhub.app,16.0,
ecomhub,fb48d10f-5761-4cb1-9675-9fc20a398ea1,Balança de cozinha digital de bambu,basculam2_v-14378,5.7,500,0.9,1.5,ES / FR 2,https://api.ecomhub.app/public/products/featuredImage-1748089271945-b7d1d4cd.jpg,https://app.ecomhub.app,16.0,
ecomhub,224c94db-1655-47b4-97f4-c48ac87f036d,Power Bank 10000mAh PD 22 5W com cabos integrados,powerban_gl69559,5.2,500,0.9,1.5,ES / FR 2,https://api.ecomhub.app/public/products/featuredImage-1747064753938-7a72209a.png,https://app.ecomhub.app,16.0,
ecomhub,02618d18-00d8-4b1d-a23b-b5157e8fc0b0,ONICOPIL 60 Cápsulas,552012,6.01,500,0.5,1.5,Espanha 7,https://api.ecomhub.app/public/products/featuredImage-1763048351849-969249e8.jpg,https://app.ecomhub.app,16.0,
ecomhub,1caa6724-3205-478f-b254-7c79be66cbdc,Meias Quentes e Elegantes com Efeito Transparente,pantermicotrans_15622,4.88,500,0.001,1.5,ES / FR 2,https://api.ecomhub.app/public/products/featuredImage-1737127553422-2104575a.jpeg,https://app.ecomhub.app,16.0,
ecomhub,8b27fee4-93ec-4292-bcfd-cbc951857ddb,Combo do Airpod Branco e AirPod P9 Branco,airpods-caja_14875,18.9,800,0.001,1.5,ES / FR 2,https://api.ecomhub.app/public/products/featuredImage-1751975840146-c6bde93b.jpeg,https://app.ecomhub.app,16.0,
ecomhub,5a1dc4f3-be5f-4a14-bdcd-c8d761b218af,Combo da Pistola de Jato de Alta Pressão e Mini Lanterna Recargável com Zoom,cleangun_15478,25.59,600,0.001,1.5,ES / FR 2,https://api.ecomhub.app/public/products/featuredImage-1751369789526-1d3dcabd.jpeg,https://app.ecomhub.app,16.0,
ecomhub,994fe710-414d-4530-9830-b7de8ad90520,ASHWAGANDHA KSM-66 ECO 100 Capsulas,552211,9.73,500,0.5,1.5,Espanha 7,https://api.ecomhub.app/public/products/featuredImage-1763046213278-08c3c4dc.jpg,https://app.ecomhub.app,16.0,
ecomhub,f65aeaf8-9532-45d0-83d6-d74a33d0e2e0,Conjunto de joias douradas aleatórias com caixa de joias em formato de coração,joyasdocor_15915,6.3,500,0.9,1.5,ES / FR 2,https://api.ecomhub.app/public/products/featuredImage-1775407287870-7de2b73f.png,https://app.ecomhub.app,16.0,
ecomhub,8782b3e7-0692-4ad5-a879-203c3f9896ec,Combo de 3 Perfumes Masculinos CONTRATIPO - CREED SILVER MOUNTAIN - Savage - MIDNIGHT BLUE EDP 100ML BLUE DE CHANEL,em-dynavenueculture,16.2,900,0.5,1.5,Espanha 1,https://api.ecomhub.app/public/products/featuredImage-1758811594106-0f477a8c.jpeg,https://app.ecomhub.app,16.0,
ecomhub,75e1702a-d3d2-46aa-b6c9-e09ff0861067,Esterilizador de Escova de Dentes,esterelicepi_13724,5.57,500,0.001,1.5,ES / FR 2,https://api.ecomhub.app/public/products/featuredImage-1734028161832-c54cca21.JPG,https://app.ecomhub.app,16.0,
ecomhub,7a1a614e-7f06-479d-bff8-61948d20d3fc,Base de Maquiagem CC com Abacate - Hidratante - Corretiva e Multifuncional - Controle de Oleosidade - Cobertura Natural,ccaguacate_15512,3.41,400,0.001,1.5,ES / FR 2,https://api.ecomhub.app/public/products/featuredImage-1746722095433-69cef55d.jpeg,https://app.ecomhub.app,16.0,
ecomhub,de6ec63d-9dbb-40ec-bbb9-fa4cce815be6,Esfera voadora controlada manualmente,helicopte_v-7187,5.05,500,0.9,1.5,ES / FR 2,https://api.ecomhub.app/public/products/featuredImage-1771873145067-9714b596.png,https://app.ecomhub.app,16.0,
ecomhub,a07af083-2922-4617-a3a1-70fde776ff2e,Ventilador 2 em 1 - portátil de mão e de mesa,venti_gl69755,2.2,400,0.9,1.5,ES / FR 2,https://api.ecomhub.app/public/products/featuredImage-1759511505105-79fafeff.png,https://app.ecomhub.app,16.0,
ecomhub,68706d36-8be1-4d27-9533-5c147b674dd4,ENZIMAS DIGESTIVAS 60 Cápsulas,552078,6.78,500,0.5,1.5,Espanha 7,https://api.ecomhub.app/public/products/featuredImage-1763049868007-34fadeb4.jpg,https://app.ecomhub.app,16.0,
ecomhub,a0716d11-1b63-4b41-b9e4-f396a428544f,Mini pistola de massagem,pistolamasaje_14101,12.74,500,0.001,1.5,ES / FR 2,https://api.ecomhub.app/public/products/featuredImage-1733490920940-9610448d.jpeg,https://app.ecomhub.app,16.0,
ecomhub,acf066d6-8023-440d-955b-1e9e7b910fab,Combo do Airpod Branco e AirPod P9 Verde,airpods-caja_14875,18.9,1000,0.001,1.5,ES / FR 2,https://api.ecomhub.app/public/products/featuredImage-1751975858572-2861c41d.jpeg,https://app.ecomhub.app,16.0,
ecomhub,41b9d663-7112-4969-af86-0c9ea7379097,Batom matte,pintamate6,5.55,500,0.001,1.5,ES / FR 2,https://api.ecomhub.app/public/products/featuredImage-1733935764605-cc86d172.jpeg,https://app.ecomhub.app,16.0,
ecomhub,a85efbec-772d-414d-8ddc-6892eb98c3c6,combo de 3 Cremes removedor de verruga,EMCremawart,8.85,500,0.001,1.5,Espanha 1,https://api.ecomhub.app/,https://app.ecomhub.app,16.0,
ecomhub,9ff1a593-6ddf-4bac-b58e-19285d97e9a5,Combo do Airpod Branco e AirPod P9 Azul,airpods-caja_14875,18.9,1000,0.001,1.5,ES / FR 2,https://api.ecomhub.app/public/products/featuredImage-1751975807989-907c7f6e.jpeg,https://app.ecomhub.app,16.0,
ecomhub,c02f6ef6-1f5b-4ff0-8a46-19850969c2a1,Depilador Facial,depiladorfacial_13330,3.05,400,0.001,1.5,ES / FR 2,https://api.ecomhub.app/public/products/featuredImage-1733761467921-279db14a.jpeg,https://app.ecomhub.app,16.0,
ecomhub,88e11a48-811c-4d1a-9e5a-5c0035c3bede,Fones de ouvido sem fio TWS com cancelamento de ruído eletrônico,auric_gl69679,6.9,500,0.9,1.5,ES / FR 2,https://api.ecomhub.app/public/products/featuredImage-1775046606238-2253318d.png,https://app.ecomhub.app,16.0,
ecomhub,97953e7c-6b23-4621-be80-6b9398f1b4f2,Combo de 5 unidades da Máscara de Colágeno,biomaskcollagem,18.5,600,0.9,1.5,ES / FR 2,https://api.ecomhub.app/public/products/featuredImage-1747850922995-ecdf7822.png,https://app.ecomhub.app,16.0,
ecomhub,1bf50e89-38ec-41ad-83fa-33b28acb335b,Conjunto de facas de cozinha corrugadas,setcuchillo-16048,6.4,500,0.9,1.5,ES / FR 2,https://api.ecomhub.app/public/products/featuredImage-1775045698850-8be733d0.png,https://app.ecomhub.app,16.0,
ecomhub,14234cfb-4e60-406e-ab72-ee2f8aaf0ed7,Combo de 3 Perfumes Femininos,em-dynamore,16.2,873700,0.5,1.5,Espanha 1,https://api.ecomhub.app/public/products/featuredImage-1740871141468-7050c265.png,https://app.ecomhub.app,16.0,
ecomhub,2d934291-2fd9-4247-9858-ccc71c350691,Espremedor Automático,autoexprimidor_6985423365421,8.61,500,0.001,1.5,ES / FR 2,https://api.ecomhub.app/public/products/featuredImage-1734026590098-b4e6cc92.JPG,https://app.ecomhub.app,16.0,
ecomhub,1e181cb5-3e75-4e57-b772-b2c22e113220,ISOFLAVONAS DE SOJA - CALCIO - MAGNESIO - ZINC 75,552184,5.53,500,0.5,1.5,Espanha 7,https://api.ecomhub.app/public/products/featuredImage-1763050506631-5db78ffb.jpg,https://app.ecomhub.app,16.0,
ecomhub,c17eed81-3987-4a04-b4ad-5a3d23124bfc,Combo de duas unidades da Mini pistola de massagem,pistolamasaje_14101,12.74,500,0.001,1.5,ES / FR 2,https://api.ecomhub.app/public/products/featuredImage-1751974008916-4a078f68.png,https://app.ecomhub.app,16.0,
ecomhub,da94ba1d-15fc-42ec-8ad5-9f3d2d70bd39,Drone dobrável com câmera 4K  Tecnologia compacta e profissional,dron15648,15.7,700,0.9,1.5,ES / FR 2,https://api.ecomhub.app/public/products/featuredImage-1764170416591-a8cc3d7e.png,https://app.ecomhub.app,16.0,
ecomhub,2981c77b-6a23-4acd-9573-b6aa6e728f53,Creme para varizes Ximonth,varicosa,4.2,500,0.9,1.5,ES / FR 2,https://api.ecomhub.app/public/products/featuredImage-1776041835309-e0394643.png,https://app.ecomhub.app,16.0,
ecomhub,32d69a0f-acfd-4873-b2a6-8a8539253ca9,VECOSLAX 30 Cápsulas,552069,5.3,500,0.5,1.5,Espanha 7,https://api.ecomhub.app/public/products/featuredImage-1763049535656-32c00ec4.jpg,https://app.ecomhub.app,16.0,
ecomhub,7124e2af-abd4-4931-9646-0636f44640fc,Livro de som de aprendizagem em espanhol,librobebe_14659,5.09,500,0.001,1.5,ES / FR 2,https://api.ecomhub.app/public/products/featuredImage-1733486576040-11cd41d6.jpeg,https://app.ecomhub.app,16.0,
ecomhub,6223d85d-7d70-4760-a76a-7648b88c658c,Combo de 3 Unidades Máscara de Colágeno,biomaskcollagem,11.1,500,0.9,1.5,ES / FR 2,https://api.ecomhub.app/public/products/featuredImage-1747854379062-9edbb94c.jpeg,https://app.ecomhub.app,16.0,
ecomhub,7552dade-2359-4aee-9171-d3e5629de84c,Pistola de Bolhas de Sabão com 10 Furos - Diversão Automática de Alto Impacto,pistoladeb_15067,3.3,400,0.9,1.5,ES / FR 2,https://api.ecomhub.app/public/products/featuredImage-1771871408823-a218c973.png,https://app.ecomhub.app,16.0,
ecomhub,7a376b4a-7ed1-473a-9fcb-4fc5b755e0dd,CREATINA 3000 MG 160 Cápsulas,552158,6.15,500,0.5,1.5,Espanha 7,https://api.ecomhub.app/public/products/featuredImage-1763051752882-fb3eb62b.jpg,https://app.ecomhub.app,16.0,
ecomhub,12917bec-7b14-4f0d-a645-0905cccdd97a,Combo com 3 Unidades Adesivos Analgésicos para Dor no Joelho,kneepatch_15499,5.1,500,0.001,1.5,ES / FR 2,https://api.ecomhub.app/public/products/featuredImage-1765897574789-8428a96e.jpeg,https://app.ecomhub.app,16.0,
ecomhub,2b1648e4-5b4e-4cbb-9760-17fb542c19a6,Combo de 4 Unidades da Luz Magnetica com Sensor,luzmagnetica_15479,22.4,700,0.001,1.5,ES / FR 2,https://api.ecomhub.app/public/products/featuredImage-1762362462107-5a001b96.png,https://app.ecomhub.app,16.0,
ecomhub,70068825-10a8-4623-b2db-9d61c7239d23,CONTORNO DOS OLHOS 4 EM 1 REPARA E NUTRE 20GR SADOER,contornosakura,3.45,400,0.9,1.5,ES / FR 2,https://api.ecomhub.app/public/products/featuredImage-1746631691454-61273de6.jpeg,https://app.ecomhub.app,16.0,
ecomhub,40b78eab-d436-47ec-9a99-8f192c708e17,Garrafa de água,botellaoso_15338,4.58,400,0.001,1.5,ES / FR 2,https://api.ecomhub.app/public/products/featuredImage-1733334742534-74806a88.jpeg,https://app.ecomhub.app,14.0,
ecomhub,addd6c32-4718-417a-828f-43c8c26d2976,Conjunto de utensílios de cozinha de silicone 12 peças,10289,8.7,400,0.001,1.5,ES / FR 2,https://api.ecomhub.app/public/products/featuredImage-1733486728326-c9581025.jpg,https://app.ecomhub.app,14.0,
ecomhub,1ec5fc9b-b62a-4b86-aacf-4b084bb26265,Shampoo SADOER com Óleo de Batana 400ml,batanabig,6.0,400,0.9,1.5,ES / FR 2,https://api.ecomhub.app/public/products/featuredImage-1765971763509-e84c8961.png,https://app.ecomhub.app,14.0,
ecomhub,d57a62a4-42b1-49a8-9482-1fc88e4a67ae,Combo de 2 unidades dos Tapetes de Carro Universais,tapeteuniversala,10.2,400,0.9,1.5,ES / FR 2,https://api.ecomhub.app/public/products/featuredImage-1753874363930-392a0f9c.jpg,https://app.ecomhub.app,14.0,
ecomhub,cb4f46eb-2395-4185-84f6-8a2dfb94ceb4,Sprays para promover o crescimento capilar e melhorar a saúde do couro cabeludo,prorevitaeelhoe,4.2,400,0.9,1.5,ES / FR 2,https://api.ecomhub.app/public/products/featuredImage-1750873511518-2e7568b1.jpg,https://app.ecomhub.app,14.0,
ecomhub,94b3ddbd-fb33-428a-b05d-44b09350780f,Máscara Bluetooth para Dormir,antifazblue_13844,4.84,400,0.001,1.5,ES / FR 2,https://api.ecomhub.app/public/products/featuredImage-1734036171017-8b952c4b.jpg,https://app.ecomhub.app,14.0,
ecomhub,740da34b-f654-46d8-be9f-f320148e1589,Máscara Facial de Rosa Damascena,mascarillarosas_46004,2.53,300,0.001,1.5,ES / FR 2,https://api.ecomhub.app/public/products/featuredImage-1733694158726-d7e61967.JPG,https://app.ecomhub.app,14.0,
ecomhub,f6762e14-1c17-4f23-be06-290193f04faa,Luzes LED com Controle Remoto - Conjunto de 3 Unidades,led3set_14740,4.43,400,0.001,1.5,ES / FR 2,https://api.ecomhub.app/public/products/featuredImage-1733484779095-1e67dd95.jpeg,https://app.ecomhub.app,14.0,
ecomhub,3274e8cb-8c8e-4f03-b5fa-7bedc2c8b8c3,Lanterna portátil - 400 mAh - visor LED - zoom telescópico,linterna_gl70081,2.9,300,0.9,1.5,ES / FR 2,https://api.ecomhub.app/public/products/featuredImage-1776437815216-f21e3463.png,https://app.ecomhub.app,14.0,
ecomhub,7270fed1-3ba5-4067-90d2-a611feb749a1,Depilador de Sobrancelhas Finishing Touch Flawless,depicejas_13330,2.4,300,0.9,1.5,ES / FR 2,https://api.ecomhub.app/public/products/featuredImage-1746018924978-9c294c18.jpeg,https://app.ecomhub.app,14.0,
ecomhub,16940467-d972-4b4b-8d61-b5431df85f4a,Afeitadora Surker Ouro,afeitaoro_14459,6.62,400,0.001,1.5,ES / FR 2,https://api.ecomhub.app/public/products/featuredImage-1733497062023-afe1bdc7.jpg,https://app.ecomhub.app,14.0,
ecomhub,04011daa-d7ad-41b4-a1b0-cdcc779c1ca5,Creme firmador para o contorno dos olhos,tensor_16131,3.7,400,0.9,1.5,ES / FR 2,https://api.ecomhub.app/public/products/featuredImage-1776045116292-6e17ce8d.png,https://app.ecomhub.app,14.0,
ecomhub,bd7759bd-fc76-4ac4-86a9-e3ac0e410f49,Dispositivo de Streaming Full HD,display_gl69611,8.7,400,0.001,1.5,ES / FR 2,https://api.ecomhub.app/public/products/featuredImage-1737128007449-c4ad2962.png,https://app.ecomhub.app,14.0,
ecomhub,38e03aa2-0d71-41f2-8523-37a246b3bf54,Máscara Facial com Carvão de Bambu,mascarilla_46953,2.53,300,0.001,1.5,ES / FR 2,https://api.ecomhub.app/public/products/featuredImage-1733693648950-64f5c1e3.JPG,https://app.ecomhub.app,14.0,
ecomhub,38e71d24-f06e-40ed-abf1-fa6d4b96da59,Boneca Princess Aerocraft,munecprinc_14827,4.38,400,0.001,1.5,ES / FR 2,https://api.ecomhub.app/public/products/featuredImage-1733752781565-5b8c4ac5.jpeg,https://app.ecomhub.app,14.0,
ecomhub,31e25734-048a-423a-ac47-a2a61f50fa59,Protetor Bucal Antirroncos,protebucal_15704,7.2,400,0.001,1.5,ES / FR 2,https://api.ecomhub.app/public/products/featuredImage-1733314767347-2667671c.jpeg,https://app.ecomhub.app,14.0,
ecomhub,c81c2f2c-9c09-404e-92ab-35e073896998,Máscara Facial com Vitamina C,mascarilla_46855,2.53,300,0.001,1.5,ES / FR 2,https://api.ecomhub.app/public/products/featuredImage-1747229405642-e7733510.jpeg,https://app.ecomhub.app,14.0,
ecomhub,53b8ef83-a2d7-4a20-bb29-837d38e7270d,Combo de Três unidades da Mini pistola de massagem,pistolamasaje_14101,38.22,500,0.001,1.5,ES / FR 2,https://api.ecomhub.app/public/products/featuredImage-1751975451837-f9c4d382.png,https://app.ecomhub.app,14.0,
ecomhub,fc7dbe82-730b-43ba-828e-6a561b473bfb,Body Fitness,bodyfit_13897,5.6,400,0.001,1.5,ES / FR 2,https://api.ecomhub.app/public/products/featuredImage-1746724737588-ba208734.jpeg,https://app.ecomhub.app,14.0,
ecomhub,227f91ba-81b8-40dc-ad81-b6881ae2d27b,Tenis Fast Pro Branco,EMFastproblanco40,10.0,400,0.001,1.5,Espanha 1,https://api.ecomhub.app/public/products/featuredImage-1718710147620-a62f62dc.jpg,https://app.ecomhub.app,14.0,
ecomhub,972b1406-b08b-48c7-92e7-b1ae48bffd41,Leitor de cartão multifuncional,multifun_gl69385,2.75,300,0.9,1.5,ES / FR 2,https://api.ecomhub.app/public/products/featuredImage-1765975682497-d1a0b976.png,https://app.ecomhub.app,14.0,
ecomhub,d4b114fc-d2dc-4e39-a072-3f24796817b4,SADOER Creme de Olhos Vitamina C 20g,sadoervitamc20g,2.55,300,0.9,1.5,ES / FR 2,https://api.ecomhub.app/public/products/featuredImage-1748655994909-5e5556d2.png,https://app.ecomhub.app,14.0,
ecomhub,263c454f-2b73-4954-aafb-883ec3ceb35e,Batom Matte 12,12pintamate_h1016,7.64,400,0.001,1.5,ES / FR 2,https://api.ecomhub.app/public/products/featuredImage-1733504222854-693acac9.jpeg,https://app.ecomhub.app,14.0,
ecomhub,56bd4cf4-3cef-44eb-b873-4ef79472d350,Motosserra elétrica MX-60006A,sierra_8266138,18.7,500,0.9,1.5,ES / FR 2,https://api.ecomhub.app/public/products/featuredImage-1776044935735-498e53aa.png,https://app.ecomhub.app,14.0,
ecomhub,b62e35be-c225-492a-8b05-9b22b06aa23b,Máscara Facial Hidratante de Romã,mascarilla_46956,2.53,300,0.001,1.5,ES / FR 2,https://api.ecomhub.app/public/products/featuredImage-1733694326006-b69888e3.jpg,https://app.ecomhub.app,14.0,
ecomhub,13f1baf7-5bac-44e6-bfca-0ab05b54be10,Depiladora por fricção de cristal,depicristal_14706,2.49,300,0.001,1.5,ES / FR 2,https://api.ecomhub.app/public/products/featuredImage-1733487598159-4808d52f.jpeg,https://app.ecomhub.app,14.0,
ecomhub,ac6491ad-ed54-42de-aa18-622eb1a1967f,Combo do Creme Facial Antisinais e Massageador Facial,masajeled_15477,12.2,400,0.001,1.5,ES / FR 2,https://api.ecomhub.app/public/products/featuredImage-1751975304441-352f95c6.jpeg,https://app.ecomhub.app,14.0,
ecomhub,ec4b4b24-859e-4689-97da-3bbb7fc3d216,Body  Emagrecedor,bodyslimbeige15192_l,5.09,400,0.001,1.5,ES / FR 2,https://api.ecomhub.app/public/products/featuredImage-1749301487142-58d86efe.png,https://app.ecomhub.app,14.0,
ecomhub,ab2b5481-59da-4a27-a50e-b1b55dc91139,Aquecedor Elétrico Portátil Plugável 1000W 110-220V com Controle Remoto - Calor Instantâneo e Seguro,flame_15627,10.7,400,0.9,1.5,ES / FR 2,https://api.ecomhub.app/public/products/featuredImage-1759509142593-5afa8cdc.png,https://app.ecomhub.app,14.0,
ecomhub,fa46b788-abeb-4bc6-8b0b-38a23989bf9f,Máscara Facial de Carvão,mascarilla_46005,2.53,300,0.001,1.5,ES / FR 2,https://api.ecomhub.app/public/products/featuredImage-1733693771390-cf7f5810.JPG,https://app.ecomhub.app,14.0,
ecomhub,1049ac28-6067-40b7-ad6f-5b4c0d50a795,Liquidificador portátil de 380ml compacto e recarregável,batidora_13443,8.1,400,0.9,1.5,ES / FR 2,https://api.ecomhub.app/public/products/featuredImage-1769607927620-f42c298b.png,https://app.ecomhub.app,14.0,
ecomhub,12a3cd62-937f-4e1d-94c8-8c4817652800,Creme Exfoliante com 3 porcento de Niacinamida,crema_se003,2.33,300,0.001,1.5,ES / FR 2,https://api.ecomhub.app/public/products/featuredImage-1733693273511-e8789592.JPG,https://app.ecomhub.app,14.0,
ecomhub,d3041b7f-ea4b-49e5-85d4-543159b9f521,Máscara Facial com Aloé Vera,mascarilla_46002,2.53,300,0.001,1.5,ES / FR 2,https://api.ecomhub.app/public/products/featuredImage-1733693861519-0976440b.JPG,https://app.ecomhub.app,14.0,
ecomhub,d5741156-d911-4602-acad-76d1dbc5d45e,Combo de Colar 7 VC  CAIXA e Body  Emagrecedor Bege L,bodyslimbeige15192_l,9.67,400,0.001,1.5,ES / FR 2,https://api.ecomhub.app/public/products/featuredImage-1751645837406-7ab4dc00.jpg,https://app.ecomhub.app,14.0,
ecomhub,250ba6b3-a101-45a6-bdbe-336e9dc209a8,Máscara Facial Ácido Hialurônico PACK 4 unidades,mask-4uds_46954,7.63,400,0.001,1.5,ES / FR 2,https://api.ecomhub.app/public/products/featuredImage-1733402415544-ebde94dd.jpeg,https://app.ecomhub.app,14.0,
ecomhub,86958aa8-b724-498f-891d-01967225a57f,Pulso Microelétrico para Abdómen,pulsabdomin_15368,5.6,400,0.001,1.5,ES / FR 2,https://api.ecomhub.app/public/products/featuredImage-1732882339062-70703aa1.jpg,https://app.ecomhub.app,14.0,
ecomhub,fb1b94d8-b429-45c0-acd6-43f0e2bfee3a,Creme Moisture CC,emcremamoisturecc,5.1,300,0.3,1.5,Espanha 1,https://api.ecomhub.app/public/products/featuredImage-1718009783258-d62dbbb6.jpg,https://app.ecomhub.app,12.0,
ecomhub,04717be0-f85c-46f0-b9d4-c3bd61d9bd6a,Filtro Desague,filtrodesague_8202403213014,2.03,200,0.001,1.5,ES / FR 2,https://api.ecomhub.app/public/products/featuredImage-1733494419844-11f81947.jpeg,https://app.ecomhub.app,12.0,
ecomhub,d6b2d2f3-70c8-49de-8ed0-1740abecd385,Base em bastão,basebarra,5.2,300,0.9,1.5,ES / FR 2,https://api.ecomhub.app/public/products/featuredImage-1776044266410-53ba4519.png,https://app.ecomhub.app,12.0,
ecomhub,68a8fa9f-27ec-4688-87b3-08614f9bd38e,Máscaras Faciais Hidratantes SADOER - Nutrição e Luminosidade para uma Pele Radiante,mascarillasandia,2.0,200,0.1,1.5,ES / FR 2,https://api.ecomhub.app/public/products/featuredImage-1740764010224-f5571a49.JPG,https://app.ecomhub.app,12.0,
ecomhub,ebd7187f-7f5e-441b-9460-bb72ab491246,Combo Gafas TR90,gafastransp_caja,7.12,300,0.001,1.5,ES / FR 2,https://api.ecomhub.app/public/products/featuredImage-1751974514317-7a5d2bc9.jpg,https://app.ecomhub.app,12.0,
ecomhub,39798ee4-d5ac-4052-9798-efa2d9ff0c5f,Combo de 2 Unidades de Máscara de Colágeno,biomaskcollagem,7.4,300,0.9,1.5,ES / FR 2,https://api.ecomhub.app/public/products/featuredImage-1747853808024-30090d84.jpeg,https://app.ecomhub.app,12.0,
ecomhub,2e7ff7bb-663e-4677-b6a1-d4df3330416d,Dispensador de sabão automático inteligente,dispensado_13853,9.1,300,0.9,1.5,ES / FR 2,https://api.ecomhub.app/public/products/featuredImage-1770834602620-3221533c.png,https://app.ecomhub.app,12.0,
ecomhub,4a9dc6f7-45de-49bf-b7d2-ac90d4d3063f,Cinta Corset 2 em 1 Corset Redutor e Modelador,packcors_14231,6.09,300,0.001,1.5,ES / FR 2,https://api.ecomhub.app/public/products/featuredImage-1736801231170-6c6dcbcc.jpg,https://app.ecomhub.app,12.0,
ecomhub,32bd6240-a33c-466c-bc16-4400fdc129da,Máscara Facial Reparadora,mascarilla_46001,2.53,200,0.001,1.5,ES / FR 2,https://api.ecomhub.app/public/products/featuredImage-1733694245024-4752d84b.JPG,https://app.ecomhub.app,12.0,
ecomhub,c2879a29-19a1-4496-8712-94f0828ba016,REPELENTE,repelente_14540,2.85,200,0.001,1.5,ES / FR 2,https://api.ecomhub.app/public/products/featuredImage-1733330819391-8286f5b6.jpeg,https://app.ecomhub.app,12.0,
ecomhub,da736e03-42fe-476f-807c-c48cecb76cec,Combo de 6 Unidades da Luz Magnetica com Sensor,luzmagnetica_15479,33.6,400,0.001,1.5,ES / FR 2,https://api.ecomhub.app/public/products/featuredImage-1762362606025-07cf9c68.png,https://app.ecomhub.app,12.0,
ecomhub,540859e7-b9d9-41de-83aa-40e028d9a377,Suporte para Seios,chstsupp_14584,3.55,300,0.001,1.5,ES / FR 2,https://api.ecomhub.app/public/products/featuredImage-1732883980775-6b66921f.jpg,https://app.ecomhub.app,12.0,
ecomhub,a84b1e1d-0a99-4520-b81d-99af1433cb0c,Lâmpada Solar,luz_14456,7.64,300,0.001,1.5,ES / FR 2,https://api.ecomhub.app/public/products/featuredImage-1733406737854-430dc805.png,https://app.ecomhub.app,12.0,
ecomhub,9c2016a9-6658-4c76-8eb5-4c123fbc9f22,BASE DE TELEFONE CELULAR,baselapt_gl69812,1.0,200,0.9,1.5,ES / FR 2,https://api.ecomhub.app/public/products/featuredImage-1747054310771-30d06685.jpg,https://app.ecomhub.app,12.0,
ecomhub,9e3ca765-965e-4e27-aaf0-1c05a80030d7,Ventilador portátil de mão de 400mAh,ventilad_gl69875,2.0,200,0.9,1.5,ES / FR 2,https://api.ecomhub.app/public/products/featuredImage-1747057616206-3b0b55ae.png,https://app.ecomhub.app,12.0,
ecomhub,5e532ae6-a2a2-40de-9cb9-21bdaae89d20,Limpador Facial Tratamento de Bolhas,burbjlimp_14431,7.2,300,0.001,1.5,ES / FR 2,https://api.ecomhub.app/public/products/featuredImage-1733922157732-f29bc902.jpg,https://app.ecomhub.app,12.0,
ecomhub,d2738212-efea-4dd9-861f-4d1b092502f4,Máscara facial de argila com vitamina C SADOER,mascarillavitaminac,3.2,200,0.9,1.5,ES / FR 2,https://api.ecomhub.app/public/products/featuredImage-1748088954721-2acee49f.png,https://app.ecomhub.app,12.0,
ecomhub,f2ddbbcf-901a-41a5-9dae-fdcdef02550b,Pente Elétrico,peine_14354,9.17,300,0.001,1.5,ES / FR 2,https://api.ecomhub.app/public/products/featuredImage-1732799795650-5a617e5f.jpg,https://app.ecomhub.app,12.0,
ecomhub,b8d0cd1a-7110-4598-a326-5334e109f43e,Espumador de leite elétrico portátil,espumadord_14528,2.65,200,0.9,1.5,ES / FR 2,https://api.ecomhub.app/public/products/featuredImage-1770836724884-3ce6c880.png,https://app.ecomhub.app,12.0,
ecomhub,c3fdaa0f-97d8-49ee-af8f-9d883fad7838,Massageador Cervical por Pulso,cervicalpulso_15189,5.55,300,0.001,1.5,ES / FR 2,https://api.ecomhub.app/public/products/featuredImage-1733937668856-670e9bce.png,https://app.ecomhub.app,12.0,
ecomhub,cf8c4e8e-d938-417c-a10f-2219ec5d0ba6,Fones de ouvido esportivos sem fio F9 com tela LED e estojo de carregamento de 2000 mAh,aurif9_v-8421,4.15,300,0.9,1.5,ES / FR 2,https://api.ecomhub.app/public/products/featuredImage-1746212382542-c67abaf7.jpeg,https://app.ecomhub.app,12.0,
ecomhub,a9a47c90-5642-4877-879d-c4119e9e867d,Combo de Colar 7 VC  CAIXA e Body  Emagrecedor Bege,bodyslimbeige15192_m,9.67,300,0.001,1.5,ES / FR 2,https://api.ecomhub.app/public/products/featuredImage-1751567578362-044b18cd.jpg,https://app.ecomhub.app,12.0,
ecomhub,a9da2524-8a13-4ee2-b51c-41bad1391b8c,Tampa de Silicone,tapasilicona_8563246310606,2.54,200,0.001,1.5,ES / FR 2,https://api.ecomhub.app/public/products/featuredImage-1733494525517-a0053cef.jpeg,https://app.ecomhub.app,12.0,
ecomhub,0f2a9d3e-7e8a-4050-945d-ffbae9b652aa,SADOER Limpador Facial com Extrato de Abacate 100g - Hidratação e Limpeza Profunda para uma Pele Radiante,extractaguacates,3.45,200,0.9,1.5,ES / FR 2,https://api.ecomhub.app/public/products/featuredImage-1748656224560-e4e72cb9.png,https://app.ecomhub.app,12.0,
ecomhub,a95ff63e-8f61-4775-ae78-e27a1c1083bf,Batedeira elétrica multifuncional para cozinha,batidora_gl9338,1.0,200,0.9,1.5,ES / FR 2,https://api.ecomhub.app/public/products/featuredImage-1769193254756-6c600918.png,https://app.ecomhub.app,12.0,
ecomhub,03d7afe9-44d4-4282-afab-82c490ff40ed,Luz LED com Gestos de Mão para Automóvel,ledmanoautomovil_15696,5.7,300,0.001,1.5,ES / FR 2,https://api.ecomhub.app/public/products/featuredImage-1737049750010-07ce5c04.jpeg,https://app.ecomhub.app,12.0,
ecomhub,422cb55e-b69d-494b-813d-0eefe6ee49bb,Monitor Cardíaco Heart Rate Monitor,hrm-health,4.5,300,0.036,1.5,Removida,https://api.ecomhub.app/public/products/featuredImage-1765385056036-d99f676e.png,https://app.ecomhub.app,12.0,
ecomhub,ce5c57f3-7b71-454f-9319-647853fbca55,Caneta Limpadora Multifuncional,bolilimpia_14744,2.03,200,0.001,1.5,ES / FR 2,https://api.ecomhub.app/public/products/featuredImage-1733492372195-db51a0a1.jpg,https://app.ecomhub.app,12.0,
ecomhub,cf7fe5b3-da77-4f9e-ae4d-80de2bcb1d95,Ventilador portátil de 3 velocidades,venti_bolsillo14945,3.15,200,0.001,1.5,ES / FR 2,https://api.ecomhub.app/public/products/featuredImage-1733494111295-f08c41cf.jpeg,https://app.ecomhub.app,12.0,
ecomhub,c51750ea-ca81-4ce8-8fad-2af5a0c0c9e2,Almofada para pernas,legpill_13441,3.55,300,0.001,1.5,ES / FR 2,https://api.ecomhub.app/public/products/featuredImage-1746215789479-aa7557f5.jpeg,https://app.ecomhub.app,12.0,
ecomhub,24c03501-6acc-4f2e-9bfc-254b9718165e,Ferro de Engomar a Vapor Portátil,planropa_14949,8.66,300,0.001,1.5,ES / FR 2,https://api.ecomhub.app/public/products/featuredImage-1733693077368-df0e5a95.jpg,https://app.ecomhub.app,12.0,
ecomhub,7fb33cbc-5ed3-49bd-8389-c635fe66701f,Loção Corporal Nutritiva com Abacate 200ml,locioncorpoaguac,3.1,200,0.001,1.5,ES / FR 2,https://api.ecomhub.app/public/products/featuredImage-1737119220999-364cc7d0.jpeg,https://app.ecomhub.app,12.0,
ecomhub,a466e7cc-b74f-43a0-89c0-978ce00b5917,Óculos de Leitura Progressivos com Bloqueio de Luz Azul,gafaslh_1509,1.7,200,0.2,1.5,ES / FR 2,https://api.ecomhub.app/public/products/featuredImage-1740072781016-dd0c773a.jpg,https://app.ecomhub.app,12.0,
ecomhub,b31eea1c-0799-4513-97be-9e27abfd4bc9,Massajador intenso térmico,masajeterm_15250,12.74,300,0.001,1.5,ES / FR 2,https://api.ecomhub.app/public/products/featuredImage-1737548644538-14ebfe5a.jpeg,https://app.ecomhub.app,12.0,
ecomhub,de928a7b-c42b-4c3a-8a4b-9ce0f911103f,Limpador de pincéis,limpiapincel_15418,3.05,200,0.001,1.5,ES / FR 2,https://api.ecomhub.app/public/products/featuredImage-1736786508336-c70886eb.jpeg,https://app.ecomhub.app,12.0,
ecomhub,89530dd7-6f83-44f5-a993-22de4ee07f0f,Dispensador de Mel,miel_15256,3.36,200,0.001,1.5,ES / FR 2,https://api.ecomhub.app/public/products/featuredImage-1734035709675-62bda5c8.JPG,https://app.ecomhub.app,12.0,
ecomhub,634c6870-cf59-41cb-ba66-284fe481be08,Cinta Redutora de Cintura,fajacint_13830,4.58,300,0.001,1.5,ES / FR 2,https://api.ecomhub.app/public/products/featuredImage-1732884157729-6a06dbaf.png,https://app.ecomhub.app,12.0,
ecomhub,59c36536-ceef-4edd-ad15-8076b174352c,Creme antirrugas com ácido hialurônico e funcho-marinho,cremahinojo,3.4,200,0.9,1.5,ES / FR 2,https://api.ecomhub.app/public/products/featuredImage-1775770832956-1326cd56.png,https://app.ecomhub.app,12.0,
ecomhub,509876f1-cc55-42b5-b77d-55f66c70f869,Liquidificador Portátil,batipajita_15181,5.09,300,0.001,1.5,ES / FR 2,https://api.ecomhub.app/public/products/featuredImage-1734036357580-1998171e.jpg,https://app.ecomhub.app,12.0,
ecomhub,bef3250a-cbb9-417f-a967-67a6b44448db,Combo de 2 unidades Joelheira,rodillera_15360,5.5,300,0.001,1.5,ES / FR 2,https://api.ecomhub.app/public/products/featuredImage-1751370431653-2f4ae88d.jpeg,https://app.ecomhub.app,12.0,
ecomhub,c16f80c3-5b0a-4a31-b43f-f75a2cebc9c1,Macaco de Pelúcia,monopeluch_14999,3.4,200,0.001,1.5,ES / FR 2,https://api.ecomhub.app/public/products/featuredImage-1736944787054-48dfa2f5.jpeg,https://app.ecomhub.app,12.0,
ecomhub,1e4e80c7-45ea-4c3d-bf68-608e52472a40,Frasco spray de azeite de oliva de 100ml  preciso e elegante,aceitespra_13932,2.65,200,0.9,1.5,ES / FR 2,https://api.ecomhub.app/public/products/featuredImage-1769606521118-15f12bcb.png,https://app.ecomhub.app,12.0,
ecomhub,06b5fbd0-3f17-466c-813a-0de10885821a,Shampoo HOEGO com Queratina Hidrolisada e Alecrim 100ml,romeroch,4.2,300,0.9,1.5,ES / FR 2,https://api.ecomhub.app/public/products/featuredImage-1775047588736-b5d6f502.png,https://app.ecomhub.app,12.0,
ecomhub,26cc7f5c-40bc-4368-996a-a715558d78f1,Aquecedor de pés,turmalina_15267,2.03,200,0.001,1.5,ES / FR 2,https://api.ecomhub.app/public/products/featuredImage-1733487168355-1b283d72.jpeg,https://app.ecomhub.app,12.0,
ecomhub,97baa610-e702-45f6-adf7-23b4c7c7dd72,Máscara Labial de Niacinamida - Ácido Hialurônico - Esqualano - 10g,mascarillaescual,2.95,200,0.9,1.5,ES / FR 2,https://api.ecomhub.app/public/products/featuredImage-1749470373773-0d0bdef2.jpg,https://app.ecomhub.app,12.0,
ecomhub,05327e1b-5362-4c1f-8af3-cb876b32ed3e,Rosa Eterna,cajaregalorosa,6.1,300,0.001,1.5,ES / FR 2,https://api.ecomhub.app/public/products/featuredImage-1737037361611-7cc6d714.jpeg,https://app.ecomhub.app,12.0,
ecomhub,be39a940-b2e2-4767-8a81-a1a423be746f,Contorno de Olhos Iluminador com Vitamina C - 20g,contornilumvitac,3.2,200,0.9,1.5,ES / FR 2,https://api.ecomhub.app/public/products/featuredImage-1749430409302-3067dbe2.jpg,https://app.ecomhub.app,12.0,
ecomhub,70b3a623-dfca-4aee-b75d-70e8d212c055,Essência de Rosas com Ácido Hialurônico,acidhialuronicorosa,3.2,200,0.9,1.5,ES / FR 2,https://api.ecomhub.app/public/products/featuredImage-1748088570915-b0e2d1ec.jpg,https://app.ecomhub.app,12.0,
ecomhub,6528124b-8734-4886-b95a-8cd0b5482c77,EELHOE Shampoo Tinta Preta 3 em 1,eelhoetinte3en1,4.6,300,0.001,1.5,ES / FR 2,https://api.ecomhub.app/public/products/featuredImage-1738277599215-c92902b8.jpeg,https://app.ecomhub.app,12.0,
ecomhub,602bc3d4-0391-4b8a-96a4-c14bfa2b51d3,Colar Trevo Love,luckycajaplta_07,3.87,300,0.001,1.5,ES / FR 2,https://api.ecomhub.app/public/products/featuredImage-1733331204238-67f8fcd4.jpeg,https://app.ecomhub.app,12.0,
ecomhub,6078afe4-2777-4bcf-b2a9-a8b2214de691,Ventilador Portátil de Mão 400mAh Compacto Recarregável e Refrescante em Qualquer Lugar,ventilad_gl69877,3.4,200,0.9,1.5,ES / FR 2,https://api.ecomhub.app/public/products/featuredImage-1745934074455-d386572c.jpeg,https://app.ecomhub.app,12.0,
ecomhub,f0141e91-d6bc-4cf3-b1db-1fe37718184b,Cortador de alimentos 4 em 1,cortadormulti_7630054106453,6.26,300,0.001,1.5,ES / FR 2,https://api.ecomhub.app/public/products/featuredImage-1733494745450-d560a1de.jpeg,https://app.ecomhub.app,12.0,
ecomhub,a6c6717c-7bf5-4ebd-a2a5-869c21b1007c,Joelheiras Esportivas,rodillera_15360,2.75,200,0.001,1.5,ES / FR 2,https://api.ecomhub.app/public/products/featuredImage-1738247831553-0b53805b.jpeg,https://app.ecomhub.app,12.0,
ecomhub,049925ab-20e5-4d19-ac5e-cd0daec41d1d,Massajador Facial Lifting EMS,masajeled_15477,7.62,300,0.001,1.5,ES / FR 2,https://api.ecomhub.app/public/products/featuredImage-1733695072706-219e1d68.JPG,https://app.ecomhub.app,12.0,
ecomhub,dfd08894-557a-479b-82e7-e505e9ea8a04,Sérum Firmador com Colágeno - Niacinamida - Ácido Hialurônico - 30ml,serumacidohialur,3.2,200,0.9,1.5,ES / FR 2,https://api.ecomhub.app/public/products/featuredImage-1749470623826-7c95068e.jpg,https://app.ecomhub.app,12.0,
ecomhub,17c65cd2-9449-4e59-80c0-5ef2e1ea1ad3,Ventilador portátil de mão de 500mAh,minifan_gl70390,2.9,200,0.9,1.5,ES / FR 2,https://api.ecomhub.app/public/products/featuredImage-1776045876754-2b3807d6.png,https://app.ecomhub.app,12.0,
ecomhub,3b1934af-458e-4beb-a905-2bd85dce6d40,Rolo tira pelos de mascotes,rodillopelo_15407,5.6,300,0.001,1.5,ES / FR 2,https://api.ecomhub.app/public/products/featuredImage-1733753579780-8ad75a28.jpeg,https://app.ecomhub.app,12.0,
ecomhub,158261a9-3be6-4226-a719-7a64494a4469,Ventilador de pescoço M2,cuello_16093,8.7,300,0.9,1.5,ES / FR 2,https://api.ecomhub.app/public/products/featuredImage-1776045571766-b9f5478b.png,https://app.ecomhub.app,12.0,
ecomhub,58eccb10-266d-44e2-9bff-4df48d9435d5,Dispensador de azeite,dispensadoraceit_14623,2.54,200,0.001,1.5,ES / FR 2,https://api.ecomhub.app/public/products/featuredImage-1733504354449-ae1a002f.jpeg,https://app.ecomhub.app,12.0,
ecomhub,9ee754f9-8e79-44e0-8c2f-60878a7b28c2,Combo de 2 Unidades do Óculos Zoom Autofoco  e caixa,gafastransp_caja,7.12,300,0.001,1.5,ES / FR 2,https://api.ecomhub.app/public/products/featuredImage-1758817890201-2d5a5eaf.png,https://app.ecomhub.app,12.0,
ecomhub,1d5ad7e4-6ea1-47a0-94b9-6ebe24754fb2,Branqueador dental UV,blanqueadoruv_13439,3.51,300,0.001,1.5,ES / FR 2,https://api.ecomhub.app/public/products/featuredImage-1733762740759-04aaa9f0.jpeg,https://app.ecomhub.app,12.0,
ecomhub,bf5a3fec-d881-4cff-aa8d-24fbf7cd995d,Candeeiro de mesa curvo,lampcurv_14791,4.94,300,0.001,1.5,ES / FR 2,https://api.ecomhub.app/public/products/featuredImage-1733144109601-bc24cc48.jpeg,https://app.ecomhub.app,12.0,
ecomhub,5ed48e48-15e1-4c9c-b372-20968bf67be5,Limpador Demaquilante de Cereja 150 ml - Angeala,cereza150mlangea,3.45,200,0.9,1.5,ES / FR 2,https://api.ecomhub.app/public/products/featuredImage-1766420363013-dfc87fb7.png,https://app.ecomhub.app,12.0,
ecomhub,ae569d5e-0e54-43fe-aa27-e5e667fd469b,Suporte colar para pescoço,collarin_15370,2.34,200,0.001,1.5,ES / FR 2,https://api.ecomhub.app/public/products/featuredImage-1733754015582-6c8d673c.jpeg,https://app.ecomhub.app,12.0,
ecomhub,20f455f4-e9be-4af3-817a-22e47dd43f89,Pistola de água de alta pressão,hidropresion_14193,4.58,300,0.001,1.5,ES / FR 2,https://api.ecomhub.app/public/products/featuredImage-1733487013830-f275211d.jpeg,https://app.ecomhub.app,12.0,
ecomhub,ad2ec003-968e-489b-8b8e-153d3bfbd676,Sérum Ampola Antioxidante Refrescante com Vitamina C,serumvitaminacam,3.2,200,0.9,1.5,ES / FR 2,https://api.ecomhub.app/public/products/featuredImage-1746797378463-8939a384.png,https://app.ecomhub.app,12.0,
ecomhub,eea76a48-6609-4eac-bed5-5f3ba37732dd,Mouse sem fio,ratoninal_g-1126,3.2,200,0.9,1.5,ES / FR 2,https://api.ecomhub.app/public/products/featuredImage-1746632703580-6ebea452.jpeg,https://app.ecomhub.app,12.0,
ecomhub,c92eef49-1d45-4b8e-9ac3-ca60b7e18497,Pelúcia Cachorro Pug,peluchepug_14991,3.4,200,0.001,1.5,ES / FR 2,https://api.ecomhub.app/public/products/featuredImage-1736944362158-857d031c.jpeg,https://app.ecomhub.app,12.0,
ecomhub,22023fc1-01cf-4121-9b1c-eb4e36a9272d,Combo de 2 Unidades Body Emagrecedor Bege e Preto,bodyslimbeige15192_m,10.18,300,0.001,1.5,ES / FR 2,https://api.ecomhub.app/public/products/featuredImage-1751648720991-98028a22.jpeg,https://app.ecomhub.app,12.0,
ecomhub,a2af901a-be0a-419f-8c9b-8f657e0e6867,Leggings térmicas com forro de veludo,legtermico_15622,4.7,300,0.001,1.5,ES / FR 2,https://api.ecomhub.app/public/products/featuredImage-1738168705315-47bc6a05.jpg,https://app.ecomhub.app,12.0,
ecomhub,8c870f45-dc87-4974-86bf-bd63ada25a60,Essência Antirrugas de Abacate Orgânico - 30ml,antiarrugasaguac,3.2,200,0.9,1.5,ES / FR 2,https://api.ecomhub.app/public/products/featuredImage-1749433161215-87752254.jpg,https://app.ecomhub.app,12.0,
ecomhub,f1ba762f-eb6b-462d-9cc9-509bcac1da72,Creme facial hidratante antioxidante de cúrcuma para pele delicada 60g BIOAQUA,tumericream,4.2,300,0.9,1.5,ES / FR 2,https://api.ecomhub.app/public/products/featuredImage-1775048047183-d2e0713c.png,https://app.ecomhub.app,12.0,
ecomhub,4d020233-e24b-4dd3-8db4-66ca256dc197,Lanterna Mini Multiuso,minilintern_8518383403100,2.03,200,0.001,1.5,ES / FR 2,https://api.ecomhub.app/public/products/featuredImage-1733499993868-da9f5274.jpeg,https://app.ecomhub.app,12.0,
ecomhub,7759f731-2e75-4b51-a996-f8f100e5f8f5,Pochete para Celular,bolsadepo_v-8323,3.0,200,0.001,1.5,ES / FR 2,https://api.ecomhub.app/public/products/featuredImage-1738246665403-64dfe98d.jpeg,https://app.ecomhub.app,12.0,
ecomhub,408a83cf-9887-430b-961e-802700d7616c,Máscara Facial de Abacate Clareadora e Rejuvenescedora,clarificanteagua,2.2,200,0.9,1.5,ES / FR 2,https://api.ecomhub.app/public/products/featuredImage-1747937915058-1bdead91.jpg,https://app.ecomhub.app,12.0,
ecomhub,a30d0245-7084-4baa-b5fa-3aea2064dd89,Tampão para garrafa de Vinho,taponvinovacio_14306,2.54,200,0.001,1.5,ES / FR 2,https://api.ecomhub.app/public/products/featuredImage-1733416752029-04ce259e.jpeg,https://app.ecomhub.app,12.0,
ecomhub,766d2710-747a-4f20-81d6-923c6a291e7e,Tapetes de carro universais,tapeteuniversala,5.1,300,0.9,1.5,ES / FR 2,https://api.ecomhub.app/public/products/featuredImage-1749433657646-65d437b1.jpg,https://app.ecomhub.app,12.0,
ecomhub,2c8a92d4-0654-409f-9682-c0ea1086870a,Humidificador LED rosa,humidificador_14029,4.15,300,0.001,1.5,ES / FR 2,https://api.ecomhub.app/public/products/featuredImage-1733753035858-ab3abc6d.jpeg,https://app.ecomhub.app,12.0,
ecomhub,14ffeb27-1cff-4319-8d52-55d46e72013e,Almofada Protetora para os pés,tiptoe_15326,0.91,200,0.001,1.5,ES / FR 2,https://api.ecomhub.app/public/products/featuredImage-1746215967196-b5c3c002.png,https://app.ecomhub.app,12.0,
ecomhub,2a7e26ad-04a3-487d-989b-682aaeab7857,Afiador de Facas Profissional Tungstênio,afilador_14213,3.03,200,0.001,1.5,ES / FR 2,https://api.ecomhub.app/public/products/featuredImage-1733500220867-f550236b.jpeg,https://app.ecomhub.app,12.0,
ecomhub,1876dcd8-7b56-4fe0-b676-b4a1df268db5,Escova Dental ultrassônica,cepiultson_14092,5.09,300,0.001,1.5,ES / FR 2,https://api.ecomhub.app/public/products/featuredImage-1733486679947-f9fbad21.jpeg,https://app.ecomhub.app,12.0,
ecomhub,1bafd17e-5736-4c6a-a18a-6bc6ca43d0f9,Mini Evasadora  com 3 Bolsas,vaciocon_3bolsas,4.99,300,0.001,1.5,ES / FR 2,https://api.ecomhub.app/public/products/featuredImage-1733502766280-7e4c608a.jpeg,https://app.ecomhub.app,12.0,
ecomhub,817c3179-467a-4b2e-92eb-817a5dca45cf,Escova Alisadora para Homens,cepibarba_15353,3.56,300,0.001,1.5,ES / FR 2,https://api.ecomhub.app/public/products/featuredImage-1732887209789-adc40f6a.jpg,https://app.ecomhub.app,12.0,
ecomhub,8815933e-d864-460b-8121-62e258b07651,Aquecedor de Tomada 400 Watts,calefa400w_15210,7.15,300,0.001,1.5,ES / FR 2,https://api.ecomhub.app/public/products/featuredImage-1746239564408-5765e2f6.jpeg,https://app.ecomhub.app,12.0,
ecomhub,c7ebb98a-9d39-42f2-96d4-76d5a6c8bab1,Combo de 4 unidades Joelheira,rodillera_15360,11.0,300,0.001,1.5,ES / FR 2,https://api.ecomhub.app/public/products/featuredImage-1751973807129-7b156d80.jpeg,https://app.ecomhub.app,12.0,
ecomhub,910e0cf6-6776-40f2-94cb-8f2a7c28bb31,Máscara Facial de Abacate,mascarilla_46952,2.53,200,0.001,1.5,ES / FR 2,https://api.ecomhub.app/public/products/featuredImage-1733694483054-af205aef.jpg,https://app.ecomhub.app,12.0,
ecomhub,41c68797-d953-48bf-8d83-3269a14452b9,Unicórnio de Pelúcia Macia,15005,3.4,200,0.001,1.5,ES / FR 2,https://api.ecomhub.app/public/products/featuredImage-1736944556652-bcfa9e03.jpeg,https://app.ecomhub.app,12.0,
ecomhub,df24f8fb-9051-4e19-9efa-7e359f3bc03d,Sérum Facial Iluminador e Refrescante de Romã - 50ml,serumfaciailumin,3.2,200,0.9,1.5,ES / FR 2,https://api.ecomhub.app/public/products/featuredImage-1749431154865-0bf72744.jpg,https://app.ecomhub.app,12.0,
ecomhub,89b6e4c4-d9b8-41e4-8cd3-6a24cb7ea725,Cabo USB-C para Lightning,tipoclig_gl69477,3.2,200,0.001,1.5,ES / FR 2,https://api.ecomhub.app/public/products/featuredImage-1737034664507-33697e18.jpeg,https://app.ecomhub.app,12.0,
ecomhub,bd0f2da4-14ad-4bdc-8d60-2191238e9766,Combo de 2 Unidades Body Emagrecedor Bege,bodyslimbeige15192_m,10.18,300,0.001,1.5,ES / FR 2,https://api.ecomhub.app/public/products/featuredImage-1750450862044-5f6e66a7.png,https://app.ecomhub.app,12.0,
ecomhub,8bfe374e-077f-4c25-a70d-b7c1dfeb0ecd,Carregador ultra rápido de coche 45w,cargcoche_v-7904,3.7,300,0.5,1.5,ES / FR 2,https://api.ecomhub.app/public/products/featuredImage-1773948442768-56eeba48.png,https://app.ecomhub.app,12.0,
ecomhub,4f986a38-c230-47ae-95ee-00360862daa0,Travesseiro inflável para o pescoço,traccion_15369,3.4,200,0.9,1.5,ES / FR 2,https://api.ecomhub.app/public/products/featuredImage-1765389784927-0b8cecaf.png,https://app.ecomhub.app,12.0,
ecomhub,a5562c35-6a4b-42c7-9c80-a461809f8c42,Sérum para unhas com veneno de abelha 50ml - Tratamento antifúngico e cuidado intensivo,nailfungus,3.7,300,0.9,1.5,ES / FR 2,https://api.ecomhub.app/public/products/featuredImage-1765979053518-8f257eda.png,https://app.ecomhub.app,12.0,
ecomhub,4a47bc61-0b32-41c8-9f37-60782cbc0099,Contorno de Olhos Hidratante com Ácido Hialurônico e Rosa - 20g,ojoshialuronicor,3.2,200,0.9,1.5,ES / FR 2,https://api.ecomhub.app/public/products/featuredImage-1749430219525-5e7535d6.jpg,https://app.ecomhub.app,12.0,
ecomhub,3000c83e-c840-4e95-ad4c-b4bce5471f37,Adesivo para Acne com Hidrocolóides - SADOER,hidrocoloidesacn,2.45,200,0.9,1.5,ES / FR 2,https://api.ecomhub.app/public/products/featuredImage-1749470784529-3aa8ad31.jpg,https://app.ecomhub.app,12.0,
ecomhub,e62a3c0c-ff08-48f9-8662-90ef904616ab,Apoio para tornozelo,soportetobillo_14329,1.72,200,0.001,1.5,ES / FR 2,https://api.ecomhub.app/public/products/featuredImage-1733403108489-fce7592a.jpeg,https://app.ecomhub.app,12.0,
ecomhub,97b7fd4c-ea22-43e0-ace6-a959743d178e,Rosa Preservada,rosagrande_15734,7.7,300,0.001,1.5,ES / FR 2,https://api.ecomhub.app/public/products/featuredImage-1752075146025-0bdbe052.jpg,https://app.ecomhub.app,12.0,
ecomhub,6a0c1e2b-3c72-4ee3-b6a8-e8acc7db96d2,Carregador Veicular Dual USB e USB C  Com Carga Rápida e Compacta,cargador_gl69688,3.7,300,0.9,1.5,ES / FR 2,https://api.ecomhub.app/public/products/featuredImage-1746464045770-3c6e73f8.jpeg,https://app.ecomhub.app,12.0,
ecomhub,0e239d0f-a1dc-4fa8-9391-d5082e19afb5,Suporte para tornozelo,tobilloverde_13895,2.34,200,0.001,1.5,ES / FR 2,https://api.ecomhub.app/public/products/featuredImage-1733403179401-58f7ff70.png,https://app.ecomhub.app,12.0,
ecomhub,13dd9486-ae36-44d3-b91e-b5b033f8ddf1,Combo com 4 Adesivos Analgésicos para Dor no Joelho,kneepatch_15499,6.8,300,0.001,1.5,ES / FR 2,https://api.ecomhub.app/public/products/featuredImage-1764336571297-b3a730c2.png,https://app.ecomhub.app,12.0,
ecomhub,46a897fd-48ae-4d54-ba8a-4ed73262aec9,Limpador Facial Clareador e Iluminador com 5 Vitaminas C Intensas - 100ml,limpiadorfacialc,3.45,200,0.9,1.5,ES / FR 2,https://api.ecomhub.app/public/products/featuredImage-1749429905893-74b99f7e.jpg,https://app.ecomhub.app,12.0,
ecomhub,a4074052-8300-4069-9b9c-230ca40ceb72,Cápsulas de Óleo Essencial Antirrugas SADOER 5 em 1 50g,sadoer5en150ml,4.9,200,0.9,1.5,ES / FR 2,https://api.ecomhub.app/public/products/featuredImage-1776434170499-a4a9c59a.png,https://app.ecomhub.app,10.0,
ecomhub,ca89ad3f-bf88-42dd-8d3b-68658ba38e7e,transmissores FM de carro,fmtransmi_g-1232,3.6,200,0.9,1.5,ES / FR 2,https://api.ecomhub.app/public/products/featuredImage-1750080644722-c4dbea11.png,https://app.ecomhub.app,10.0,
ecomhub,b828dcd5-dfaf-4ece-b449-c9b26dcc4ab1,Caixa de Som Bluetooth TG337,tgspeaker_v-7460,7.7,200,0.001,1.5,ES / FR 2,https://api.ecomhub.app/public/products/featuredImage-1737652568874-1cc6de25.jpeg,https://app.ecomhub.app,10.0,
ecomhub,4dc54860-f77a-4a5e-b238-7226267c7824,Pulverizador de Óleo - 200 ml,15545,2.1,100,0.001,1.5,ES / FR 2,https://api.ecomhub.app/public/products/featuredImage-1736858182523-ccedd746.jpeg,https://app.ecomhub.app,10.0,
ecomhub,53b90bb7-bc58-4369-8b39-f041ecab7bd3,Spray Antiparasitário para Pets 100 ml - Retinol Complex,antiparasitomasc,5.65,200,0.9,1.5,ES / FR 2,https://api.ecomhub.app/public/products/featuredImage-1766341191312-76666768.png,https://app.ecomhub.app,10.0,
ecomhub,cde01a58-d7d3-4337-9428-e7e21ecd398b,Almofadas de Borracha para Máquinas de Lavar,almolavadora_15344,2.13,100,0.001,1.5,ES / FR 2,https://api.ecomhub.app/public/products/featuredImage-1733331102737-e35d0a2a.jpeg,https://app.ecomhub.app,10.0,
ecomhub,a6df2312-06db-4315-8ee9-b79d2ec6ca65,Protetor Solar Beauty of Joseon,jo_8809782555508,4.58,200,0.001,1.5,ES / FR 2,https://api.ecomhub.app/public/products/featuredImage-1733695007377-a582a511.jpg,https://app.ecomhub.app,10.0,
ecomhub,5d956d6b-c1cd-4f89-a017-4b473acd3524,Paleta de Maquiagem COCO URBAN - Completa e Profissional,paletacocourban,11.2,200,0.9,1.5,ES / FR 2,https://api.ecomhub.app/public/products/featuredImage-1765978708623-b6334c1f.png,https://app.ecomhub.app,10.0,
ecomhub,915cfc61-46b2-4e95-9029-e461b4392d11,Aplicador de cílios postiços de plástico - Precisão e posicionamento perfeito,aplicador_16103,1.0,100,0.9,1.5,ES / FR 2,https://api.ecomhub.app/public/products/featuredImage-1774452866454-a057abd4.png,https://app.ecomhub.app,10.0,
ecomhub,d56891f3-c567-4bf8-858e-3e1f6e9a998f,Super Bronzer 200ml Complexo de Retinol,superbronceador,5.65,200,0.9,1.5,ES / FR 2,https://api.ecomhub.app/public/products/featuredImage-1760443625020-774f1845.png,https://app.ecomhub.app,10.0,
ecomhub,175d6fac-924b-4d22-9943-8928e43e55cd,Creme Antiarrugas Reafirmante de Duplo Efeito,reafirmantdoblef,6.65,200,0.9,1.5,ES / FR 2,https://api.ecomhub.app/public/products/featuredImage-1747424417835-c1c54b7a.jpg,https://app.ecomhub.app,10.0,
ecomhub,5c68c639-972d-4464-a2c2-114f3463ffc7,Cortador de filme plástico com trava de segurança,dispensado_14356,6.3,200,0.9,1.5,ES / FR 2,https://api.ecomhub.app/public/products/featuredImage-1770833903019-05c598f2.png,https://app.ecomhub.app,10.0,
ecomhub,4e04f044-21c1-4b76-9d95-3655140a209b,Pack de Massageador de Pés  Acessórios,piesyartic_,8.84,200,0.001,1.5,ES / FR 2,https://api.ecomhub.app/public/products/featuredImage-1732882025554-2290ec80.jpg,https://app.ecomhub.app,10.0,
ecomhub,7ce48690-0442-4573-b709-7b1a134b9cd2,Cortador de legumes multifuncional,picadordev_14140,12.15,200,0.9,1.5,ES / FR 2,https://api.ecomhub.app/public/products/featuredImage-1775406122617-317dbfeb.png,https://app.ecomhub.app,10.0,
ecomhub,a7c33428-7c4d-4698-bf77-25d0b8a70fe0,Abajur de mesa com proteção para os olhos,desklamp_gl69779,6.7,200,0.9,1.5,ES / FR 2,https://api.ecomhub.app/public/products/featuredImage-1746799864656-6a193cc7.png,https://app.ecomhub.app,10.0,
ecomhub,c83a6319-88d0-486b-a63b-80a32bf928ab,Pelúcia de Porquinho,peluchecer_15013,4.4,200,0.001,1.5,ES / FR 2,https://api.ecomhub.app/public/products/featuredImage-1736944973777-a6f737c6.jpeg,https://app.ecomhub.app,10.0,
ecomhub,a599b313-f6de-4140-8c27-9729d931c5e5,Cinta Completa de Uma Peça,fajacomplt_13461,4.58,200,0.001,1.5,ES / FR 2,https://api.ecomhub.app/public/products/featuredImage-1732884842446-67cbff77.jpg,https://app.ecomhub.app,10.0,
ecomhub,ec85f695-b06e-428b-9723-666f84ca19d6,Candeeiro de mesa LED de cristal,lamp_14646,9.17,200,0.001,1.5,ES / FR 2,https://api.ecomhub.app/public/products/featuredImage-1733143398287-ae911c75.jpeg,https://app.ecomhub.app,10.0,
ecomhub,f30f6e5c-32aa-4769-bdbb-122d86390590,Torneira com 3 velocidades ajustáveis,grifo_ab-j306,2.18,100,0.001,1.5,ES / FR 2,https://api.ecomhub.app/public/products/featuredImage-1733485206750-073875cf.jpeg,https://app.ecomhub.app,10.0,
ecomhub,eabc4f4d-4029-413c-8cbd-2bff9fd51efc,Cortador de Legumes Multifuncional 8 em 1,picado8en1_14571,10.1,200,0.9,1.5,ES / FR 2,https://api.ecomhub.app/public/products/featuredImage-1776435129379-e0d363da.png,https://app.ecomhub.app,10.0,
ecomhub,5e92f0a1-fbc8-4ec3-9702-801e77ed0c02,Adesivos EELHOE para alívio da dor no joelho - 10 unidades - Alívio localizado e prático,eelhoeparches10p,3.4,100,0.9,1.5,ES / FR 2,https://api.ecomhub.app/public/products/featuredImage-1774452156236-91251558.png,https://app.ecomhub.app,10.0,
ecomhub,e771ac88-a698-4572-acfd-3461baaaf132,Mochila Antirroubo para Homem,bandolera_15534,7.64,200,0.001,1.5,ES / FR 2,https://api.ecomhub.app/public/products/featuredImage-1733694067652-9e01b812.jpg,https://app.ecomhub.app,10.0,
ecomhub,e04d96d1-648d-4b47-9b8f-72b3f36176c8,Adesivos Invisíveis para Calcanhar,talonera_15328,1.52,100,0.001,1.5,ES / FR 2,https://api.ecomhub.app/public/products/featuredImage-1746208666371-8d99b285.jpeg,https://app.ecomhub.app,10.0,
ecomhub,fbe8f0b1-6323-4aa9-9813-d32781b65250,Creme Anti-Idade com Colágeno e Peptídeo Ativo - 50ML,antiarrugasplapt,4.65,200,0.9,1.5,ES / FR 2,https://api.ecomhub.app/public/products/featuredImage-1747482771139-662cf170.jpg,https://app.ecomhub.app,10.0,
ecomhub,cf8cf00a-72fc-4ff8-aa35-a4d515f0b97e,Creme Hidratante Rejuvenescedora com Aloe Vera,cremhidraloevera,4.1,200,0.001,1.5,ES / FR 2,https://api.ecomhub.app/public/products/featuredImage-1737051692429-9bf296aa.png,https://app.ecomhub.app,10.0,
ecomhub,91c2e419-b3e8-437e-af23-a3f76ade6dd9,Humidificador Bule Mágico,humidifitetera,11.1,200,0.001,1.5,ES / FR 2,https://api.ecomhub.app/public/products/featuredImage-1737029762668-1b5014b6.jpeg,https://app.ecomhub.app,10.0,
ecomhub,c038cdff-7aaf-40bc-a84c-8044738ce0d3,Pistola de bolhas de mini metralhadora,miniburbuja_14203,3.05,100,0.001,1.5,ES / FR 2,https://api.ecomhub.app/public/products/featuredImage-1733486912161-5aefe64d.jpeg,https://app.ecomhub.app,10.0,
ecomhub,825d8f67-fa8e-476a-81af-aacd645c0b6b,Creme Facial Iluminador Arbutina,hidrataciontrane,3.9,200,0.9,1.5,ES / FR 2,https://api.ecomhub.app/public/products/featuredImage-1774445862381-8a83b4c0.png,https://app.ecomhub.app,10.0,
ecomhub,b6ab9c72-8d8f-47a8-bcf6-f0fe2037bba4,Kit de Costura Profissional 72 Peças,costura72p_15345,2.1,100,0.9,1.5,ES / FR 2,https://api.ecomhub.app/public/products/featuredImage-1747054809870-065b7942.png,https://app.ecomhub.app,10.0,
ecomhub,ccec56a9-e2e3-4b1e-97b4-430b9f077fe9,Espumador e batedor  2 em 1,espumador_14226,4.07,200,0.001,1.5,ES / FR 2,https://api.ecomhub.app/public/products/featuredImage-1733334850741-9088c18b.jpeg,https://app.ecomhub.app,10.0,
ecomhub,95d9c3ed-59af-4674-aa7a-42af8292666f,Pack Massajador Facial e Máscara de Chá Verde,packmasaje-tverd,8.11,200,0.001,1.5,ES / FR 2,https://api.ecomhub.app/public/products/featuredImage-1733695221138-1c3ccf60.jpg,https://app.ecomhub.app,10.0,
ecomhub,fbff8134-795e-4e99-ad13-5d82e2117cc4,Prancha de cabelo profissional de alta precisão,plancha_14445,11.3,200,0.9,1.5,ES / FR 2,https://api.ecomhub.app/public/products/featuredImage-1776258169352-dbbd55a8.png,https://app.ecomhub.app,10.0,
ecomhub,9e457eb6-e102-4b0d-a802-79cdd4cb9c2b,Máquina de massagem facial firmadora e lifting HUAYUGEYAO,maquinhuayugeyao,6.65,200,0.9,1.5,ES / FR 2,https://api.ecomhub.app/public/products/featuredImage-1747423020215-05f450e6.jpg,https://app.ecomhub.app,10.0,
ecomhub,a611d0e1-29ac-4ae3-8cac-38bb3cccbee3,Espumador e batedor,espumador_14528,2.34,100,0.001,1.5,ES / FR 2,https://api.ecomhub.app/public/products/featuredImage-1733401526475-e8d611f2.jpeg,https://app.ecomhub.app,10.0,
ecomhub,25c9cf5a-d014-43ec-b32b-e3a512989ac5,Creme Facial anti sinais,cremaantied_15535,4.58,200,0.001,1.5,ES / FR 2,https://api.ecomhub.app/public/products/featuredImage-1733490074752-e283a1ee.jpeg,https://app.ecomhub.app,10.0,
ecomhub,ef1faf62-c3fa-4596-bcb0-ee52acb76224,Máscara Facial Hidratante de Romã,mascarigranada,4.65,200,0.9,1.5,ES / FR 2,https://api.ecomhub.app/public/products/featuredImage-1747922334317-1b52732d.jpeg,https://app.ecomhub.app,10.0,
ecomhub,f04f8a7d-41c8-4c5c-819c-83931d93b79a,Carregador magnético sem fio de 10000 mAh com fonte de alimentação com fio,powerban_gl69780,9.8,200,0.9,1.5,ES / FR 2,https://api.ecomhub.app/public/products/featuredImage-1747062527234-9b1841b3.png,https://app.ecomhub.app,10.0,
ecomhub,cb835443-581a-4ef9-8bf9-64bde829a462,Compressor de Ar Portátil 300 PSI Inflador Elétrico para Pneus de Carro,compreso_gl69832,8.7,200,0.9,1.5,ES / FR 2,https://api.ecomhub.app/public/products/featuredImage-1745929199847-37dfa8b5.jpg,https://app.ecomhub.app,10.0,
ecomhub,7618f069-0b97-461f-85ee-2d194dab0d69,Barbeador elétrico rotativo para homens,maquina_gl69971,11.3,200,0.9,1.5,ES / FR 2,https://api.ecomhub.app/public/products/featuredImage-1746796257980-e2917a10.jpg,https://app.ecomhub.app,10.0,
ecomhub,8bf86c77-cd7d-4ff5-9b18-a38460b21bc0,Essência Facial Clareadora Iluminadora - 45ML,blanqueadoilumin,5.2,200,0.9,1.5,ES / FR 2,https://api.ecomhub.app/public/products/featuredImage-1747485990351-0670bb0c.png,https://app.ecomhub.app,10.0,
ecomhub,12793311-21c1-40f4-82ca-2569a61fb8ae,Torneira Giratória,grifogiratorio_1024680135790,4.53,200,0.001,1.5,ES / FR 2,https://api.ecomhub.app/public/products/featuredImage-1733762834139-c99f9a98.jpeg,https://app.ecomhub.app,10.0,
ecomhub,b6921000-74c3-4e13-9e6d-e330edf3eb3b,Creme Reafirmante com Placenta de Ninho de Pássaro - 50g,placentanidodepa,4.7,200,0.9,1.5,ES / FR 2,https://api.ecomhub.app/public/products/featuredImage-1747489863832-e59b80c1.png,https://app.ecomhub.app,10.0,
ecomhub,19590d0d-7cf2-41ba-94e4-bf61516799ff,Máscara de Cílios Voluminizadora e Curvadora,mascaratigre,3.7,200,0.001,1.5,ES / FR 2,https://api.ecomhub.app/public/products/featuredImage-1733326374259-46eedb70.jpeg,https://app.ecomhub.app,10.0,
ecomhub,4653cfee-5a3f-41bc-b137-aa4b6cc71444,Combo de 4 Unidades SÉRUM CLAREADOR,blancodiente_15232,10.0,200,0.001,1.5,ES / FR 2,https://api.ecomhub.app/public/products/featuredImage-1751917535286-896a8e7d.jpeg,https://app.ecomhub.app,10.0,
ecomhub,04dcb9f4-963f-4276-b702-26efd237319a,Elefante de Pelúcia Macia,elefantefe_15014,4.4,200,0.001,1.5,ES / FR 2,https://api.ecomhub.app/public/products/featuredImage-1736943715297-d9488b57.jpeg,https://app.ecomhub.app,10.0,
ecomhub,7ca6a669-8f4f-4067-a060-260358aecb83,Creme Facial de Nata Batida com Colágeno 50 ml - Retinol Complex,natamontada50ml,5.65,200,0.9,1.5,ES / FR 2,https://api.ecomhub.app/public/products/featuredImage-1766342598098-a512275a.png,https://app.ecomhub.app,10.0,
ecomhub,f2e977fd-53dc-44f9-8257-ea26f5271689,Combo de 2 unidades SÉRUM CLAREADOR,blancodiente_15232,5.0,200,0.001,1.5,ES / FR 2,https://api.ecomhub.app/public/products/featuredImage-1751917301181-60a5318d.jpeg,https://app.ecomhub.app,10.0,
ecomhub,4d524227-6d98-4b7c-bcde-edf47890711f,Aparador Elétrico Suave e Sem Irritação,rasurado_gl69976,11.3,200,0.9,1.5,ES / FR 2,https://api.ecomhub.app/public/products/featuredImage-1745927780473-695743e2.jpg,https://app.ecomhub.app,10.0,
ecomhub,059647da-de39-4426-860d-38c539ed5668,Creme Anti-Idade Multiefecto Pro-Xylane - 50ML,multieproxylaine,6.2,200,0.9,1.5,ES / FR 2,https://api.ecomhub.app/public/products/featuredImage-1747485075646-0e051fca.png,https://app.ecomhub.app,10.0,
ecomhub,a2bdeb1e-c8ab-4284-bf95-9f58453d5742,Fones de Ouvido com Tela,aur_panta_v-7311,10.7,200,0.001,1.5,ES / FR 2,https://api.ecomhub.app/public/products/featuredImage-1734033627841-8c8beb16.JPG,https://app.ecomhub.app,10.0,
ecomhub,46d6b4ab-88cb-4ca9-a857-6a14a9bc8017,Creme Facial Anti-Idade com Caviar Proxilano,cremacaviarproxi,6.1,200,0.001,1.5,ES / FR 2,https://api.ecomhub.app/public/products/featuredImage-1737133696254-2b5fad0a.jpeg,https://app.ecomhub.app,10.0,
ecomhub,00a14107-8924-4931-8288-ce0c85edabf9,Aparador elétrico 3 em 1 para barba nariz e cabelo,cortapel_gl69973,8.7,200,0.9,1.5,ES / FR 2,https://api.ecomhub.app/public/products/featuredImage-1745946153078-5e3718e0.jpeg,https://app.ecomhub.app,10.0,
ecomhub,b622bbfc-2f8b-4efa-a37b-4046c067e78c,Combo de 2 unidades do Adesivo Detox para Pés,parchepies_15317,4.68,200,0.001,1.5,ES / FR 2,https://api.ecomhub.app/public/products/featuredImage-1755605419880-4f958a83.jpeg,https://app.ecomhub.app,10.0,
ecomhub,28074e55-8214-416f-86ae-59aaf732bca3,Mini aerador para vinhos tintos,miniairead_14526,2.6,100,0.9,1.5,ES / FR 2,https://api.ecomhub.app/public/products/featuredImage-1776439137949-c428b880.png,https://app.ecomhub.app,10.0,
ecomhub,f8c5ed7b-032e-44a7-b2f5-4f5f69a3e7fa,Escova elétrica para remoção de pelos de animais de estimação,pethair_14293,6.7,200,0.9,1.5,ES / FR 2,https://api.ecomhub.app/public/products/featuredImage-1765314346479-1796e2cf.png,https://app.ecomhub.app,10.0,
ecomhub,812f35f4-57cb-4034-96df-1d031665a7e9,Divisor HDMI 4K 1 Entrada 2 Saídas Simultâneas,hdmi4kdi_gl69408,4.6,200,0.9,1.5,ES / FR 2,https://api.ecomhub.app/public/products/featuredImage-1745933429764-46428803.jpeg,https://app.ecomhub.app,10.0,
ecomhub,f386dfc8-1d7c-4c77-9f21-974e4d60dc3c,Máscara Capilar com Queratina Líquida,mascacapilquerat,4.4,200,0.001,1.5,ES / FR 2,https://api.ecomhub.app/public/products/featuredImage-1737133350884-15b26f2b.png,https://app.ecomhub.app,10.0,
ecomhub,9ef4d025-f1b0-4a29-8397-5987135d0d66,Bolsa Multiuso para Celular,bolsacelu_v-8322,2.6,100,0.9,1.5,ES / FR 2,https://api.ecomhub.app/public/products/featuredImage-1746465732301-7712c575.jpg,https://app.ecomhub.app,10.0,
ecomhub,1fae451e-ce28-4771-a0d3-eed1d2a498da,Henna profissional para sobrancelhas castanhas - 15ml - 15ml,hennamarroncejas,3.7,200,0.9,1.5,ES / FR 2,https://api.ecomhub.app/public/products/featuredImage-1749471080419-97e2ef0f.jpg,https://app.ecomhub.app,10.0,
ecomhub,77b0fee8-2d69-4a52-89b0-88a3dfc0dffe,Maleta de Maquiagem Profissional,maletamaq_15717,9.7,200,0.001,1.5,ES / FR 2,https://api.ecomhub.app/public/products/featuredImage-1737035167013-cc02a268.jpeg,https://app.ecomhub.app,10.0,
ecomhub,68ad32dd-e5c1-47d5-9d48-b86ace734210,Luzes LED Azul,lucesled50,2.5,100,0.001,1.5,ES / FR 2,https://api.ecomhub.app/public/products/featuredImage-1733230049294-8a43fd60.jpeg,https://app.ecomhub.app,10.0,
ecomhub,99b17cca-27fe-4b9c-a6db-41348ff901cc,Henna profissional para sobrancelhas pretas - 15ml - 15ml,hennanegrocejas,3.7,200,0.9,1.5,ES / FR 2,https://api.ecomhub.app/public/products/featuredImage-1749434598355-787cf8ac.jpg,https://app.ecomhub.app,10.0,
ecomhub,5a9582d8-2a84-479b-a18c-dc7344b655d8,Combo do Ventilador de pescoço fresco e sem hélices e Ventilador portátil de 3 velocidades,cuelloventila_14788,7.22,200,0.001,1.5,ES / FR 2,https://api.ecomhub.app/public/products/featuredImage-1752585562022-b5bc657d.png,https://app.ecomhub.app,10.0,
ecomhub,0bd98cfd-d8c8-41b1-9bbb-65521810ca2c,Prancha de cabelo profissional de alto desempenho F13,alizadorf1_14099,9.9,200,0.9,1.5,ES / FR 2,https://api.ecomhub.app/public/products/featuredImage-1769191679604-4261b987.png,https://app.ecomhub.app,10.0,
ecomhub,dbbd26f9-4f2a-4dfb-bf10-8b8638cd9393,Tornozeleira,tobillera,2.74,100,0.001,1.5,ES / FR 2,https://api.ecomhub.app/public/products/featuredImage-1734034122308-18c8ed3b.JPG,https://app.ecomhub.app,10.0,
ecomhub,1d71e574-c405-4b10-925b-a332845d5b1b,Torneira giratória com 5 velocidades,grifo_ab-j308,3.05,100,0.001,1.5,ES / FR 2,https://api.ecomhub.app/public/products/featuredImage-1733935921500-3ecc4af4.jpeg,https://app.ecomhub.app,10.0,
ecomhub,51cba3aa-86ef-454b-8b19-bb49876bba02,Creme Facial Revitalizante com Colágeno,cremarevital_0608,4.59,200,0.001,1.5,ES / FR 2,https://api.ecomhub.app/public/products/featuredImage-1733406885874-0f6f0896.jpg,https://app.ecomhub.app,10.0,
ecomhub,fe44b774-3b17-4b3b-9de3-290edbe717a2,Sérum Ativador Celular com Abacate e Hialuronato de Sódio,serum2en1aguacat,3.1,100,0.001,1.5,ES / FR 2,https://api.ecomhub.app/public/products/featuredImage-1737119461495-2f76b949.png,https://app.ecomhub.app,10.0,
ecomhub,c1912094-da81-46b1-9659-88b2d9dd5621,Garrafa para água,botellaperro_14708,5.09,200,0.001,1.5,ES / FR 2,https://api.ecomhub.app/public/products/featuredImage-1733402948289-328dfee3.jpeg,https://app.ecomhub.app,10.0,
ecomhub,9bc239d9-5ff7-4e9b-b2c7-8e29c7850cb3,Rolo de massagem facial Jade,rodilljade_14047,5.2,200,0.9,1.5,ES / FR 2,https://api.ecomhub.app/public/products/featuredImage-1747051969169-738d9a5c.png,https://app.ecomhub.app,10.0,
ecomhub,86db4679-2bdd-4c19-9e01-9b0da8cfa034,Pistola de Massagem,masaje_g-1509,10.2,200,0.5,1.5,ES / FR 2,https://api.ecomhub.app/public/products/featuredImage-1760547839691-79c3a29f.jpg,https://app.ecomhub.app,10.0,
ecomhub,148a4eef-21e6-49fd-bef9-6c0869f366d8,Pincel esfoliante facial,exfolia_rosa-13397,3.51,200,0.001,1.5,ES / FR 2,https://api.ecomhub.app/public/products/featuredImage-1733321314989-f1ad2278.jpeg,https://app.ecomhub.app,10.0,
ecomhub,cf74cdd8-8b7a-45aa-9197-c7a2a0892052,Contorno de Olhos Reafirmante Antiarrugas com Placenta de Ovelha - 50g,placentadeovejan,4.7,200,0.9,1.5,ES / FR 2,https://api.ecomhub.app/public/products/featuredImage-1747489636130-5a3d7945.png,https://app.ecomhub.app,10.0,
ecomhub,b1340ee2-5222-4432-935f-8b01bd6689e9,Cabo USB 2 em 1,cabl2en1_gl69607,2.6,100,0.001,1.5,ES / FR 2,https://api.ecomhub.app/public/products/featuredImage-1737034902613-0c892226.jpeg,https://app.ecomhub.app,10.0,
ecomhub,9be61d2d-52e5-4163-a023-45cfb766c32a,Caixa de Som Bluetooth M9 Mini,speakerm9_v-5702,5.7,200,0.001,1.5,ES / FR 2,https://api.ecomhub.app/public/products/featuredImage-1746886229183-62609f30.jpeg,https://app.ecomhub.app,10.0,
ecomhub,24515252-6547-4169-85fb-13a63f5cba29,PISTOLA DE BURBUJAS ANGEL,burbujas_15395,5.6,200,0.001,1.5,ES / FR 2,https://api.ecomhub.app/public/products/featuredImage-1733505112979-c647df96.jpeg,https://app.ecomhub.app,10.0,
ecomhub,b90a8a91-3b2f-4280-a055-495bbdef2d9e,Creme Facial Hidratante com Colágeno para Rejuvenescimento e Elasticidade da Pele,cremaperla-tuz,7.15,200,0.001,1.5,ES / FR 2,https://api.ecomhub.app/public/products/featuredImage-1737127089574-e684fbef.jpeg,https://app.ecomhub.app,10.0,
ecomhub,9ee7ef24-be90-4941-94b1-ddb78d9c97c4,Capa de sofá marrom,fundasofad_13715,9.5,200,0.9,1.5,ES / FR 2,https://api.ecomhub.app/public/products/featuredImage-1776463330917-ed45e870.png,https://app.ecomhub.app,10.0,
ecomhub,420c4245-baef-4ceb-80a3-8845e9ac045b,Creme Rejuvenescedor e Preenchedor com Colágeno e Peptídeo Ativo - 50ML,colagenoypeptido,4.7,200,0.9,1.5,ES / FR 2,https://api.ecomhub.app/public/products/featuredImage-1747484208597-65962832.png,https://app.ecomhub.app,10.0,
ecomhub,29331b82-2f33-48f8-b5f6-747ca3810d9f,Creme Facial Clareadora com Extrato de Pérola,cremaextracperla,4.1,200,0.001,1.5,ES / FR 2,https://api.ecomhub.app/public/products/featuredImage-1737052164959-162acc73.jpeg,https://app.ecomhub.app,10.0,
ecomhub,9311fd7d-9962-45f4-96ae-547b0c91507c,Creme facial Bianco Latte 110ml DDonna,bianco-cream,3.2,100,0.9,1.5,ES / FR 2,https://api.ecomhub.app/public/products/featuredImage-1775048456534-2857cd49.png,https://app.ecomhub.app,10.0,
ecomhub,84eeec72-c612-49a7-8dbb-25ae0db0a75d,Máscara Facial Ácido Hialurônico,mascara_46954,2.53,100,0.001,1.5,ES / FR 2,https://api.ecomhub.app/public/products/featuredImage-1733409670264-7d5978c0.jpeg,https://app.ecomhub.app,10.0,
ecomhub,6481fcd8-07e4-4bd2-89c2-89d988eee7ec,Mini Móvel,minimovilv-6126,10.7,200,0.001,1.5,ES / FR 2,https://api.ecomhub.app/public/products/featuredImage-1734036653264-80c7bf42.JPG,https://app.ecomhub.app,10.0,
ecomhub,bca76866-eea9-4219-a02a-3c013fb17513,Máscara EELHOE Absorvente de Colágeno,eelhoemask_15681,3.97,200,0.001,1.5,ES / FR 2,https://api.ecomhub.app/public/products/featuredImage-1756991353344-a5af3413.jpeg,https://app.ecomhub.app,10.0,
ecomhub,1b88119b-8aa8-4a86-9afe-847d23c5af1a,Máscara reparadora e calmante de aloe vera,reparadoraalover,4.65,200,0.9,1.5,ES / FR 2,https://api.ecomhub.app/public/products/featuredImage-1749433828502-752c5740.jpg,https://app.ecomhub.app,10.0,
ecomhub,752c42c6-916d-47a0-939a-acb078c8ca1a,Bolígrafo 3D,boli3d_14676,9.17,200,0.001,1.5,ES / FR 2,https://api.ecomhub.app/public/products/featuredImage-1733926199007-15f500cb.jpeg,https://app.ecomhub.app,10.0,
ecomhub,5eb2a142-31cd-451e-82ab-011ee7ce2eac,Máscara Capilar Reparadora 500ml,maskpelo_15621,4.49,200,0.001,1.5,ES / FR 2,https://api.ecomhub.app/public/products/featuredImage-1733407696922-2fea1ab0.jpg,https://app.ecomhub.app,10.0,
ecomhub,1d1700e3-9159-49ac-9fe2-c457a92beeca,Camara de Segurança,soportechupito_13858,4.58,200,0.001,1.5,ES / FR 2,https://api.ecomhub.app/public/products/featuredImage-1733490504287-2a3c4443.jpeg,https://app.ecomhub.app,10.0,
ecomhub,a45106fe-6490-4487-85df-17e96327b2a9,Óleo Capilar Arabian Essence 100 ml,aceitecabellokis,4.2,200,0.9,1.5,ES / FR 2,https://api.ecomhub.app/public/products/featuredImage-1765974356303-12ec30a7.png,https://app.ecomhub.app,10.0,
ecomhub,ba214d0a-24b2-4d2c-9213-3df34974b43c,Combo de 3 unidades Joelheira,rodillera_15360,8.25,200,0.001,1.5,ES / FR 2,https://api.ecomhub.app/public/products/featuredImage-1751973566632-91ade1b1.jpeg,https://app.ecomhub.app,10.0,
ecomhub,bea594a8-dd32-4a9e-8df8-7d6f87770020,SÉRUM CLAREADOR,blancodiente_15232,2.5,100,0.001,1.5,ES / FR 2,https://api.ecomhub.app/public/products/featuredImage-1741032881261-609f94ad.jpeg,https://app.ecomhub.app,10.0,
ecomhub,84b3231a-c138-44d0-828d-6d3eb3ab66bf,Paleta de Maquiagem ONEYIOO,paletadeoneyioo2,11.2,200,0.9,1.5,ES / FR 2,https://api.ecomhub.app/public/products/featuredImage-1765978411157-18b51ac4.png,https://app.ecomhub.app,10.0,
ecomhub,24751948-f5bc-46b6-a4e2-9c06c56c513a,Massageador Facial EMS,eyepulse_15275,4.53,200,0.001,1.5,ES / FR 2,https://api.ecomhub.app/public/products/featuredImage-1733922450272-aba178ff.jpeg,https://app.ecomhub.app,10.0,
ecomhub,7dfdee43-a13b-4278-a3be-67c9ff08ef20,Protetor solar universal dobrável para carro,parasol,5.2,200,0.9,1.5,ES / FR 2,https://api.ecomhub.app/public/products/featuredImage-1753362365649-a9a953d2.png,https://app.ecomhub.app,10.0,
ecomhub,a5f1e982-1320-47fc-9533-f9f55f5039be,Máscara Facial Iluminadora de Laranja,mascariluminador,2.2,100,0.9,1.5,ES / FR 2,https://api.ecomhub.app/public/products/featuredImage-1747937369827-47ea3d57.jpg,https://app.ecomhub.app,10.0,
ecomhub,7b26c739-e2fb-4054-ae36-a94f64f0e54b,Fone de ouvido sem fio Bluetooth AirMax,cascappl-bla-v-7017,7.7,200,0.5,1.5,ES / FR 2,https://api.ecomhub.app/public/products/featuredImage-1776784441711-2a4e7920.png,https://app.ecomhub.app,10.0,
ecomhub,07838495-9178-485b-97d7-e224aa9abb88,Pelúcia de Unicórnio,unicornio_15004,3.4,100,0.001,1.5,ES / FR 2,https://api.ecomhub.app/public/products/featuredImage-1736945332869-2b0fefe1.jpeg,https://app.ecomhub.app,10.0,
ecomhub,2bf0ccd8-3155-4a6d-909f-36aae43bdbdb,Detox para os pés,emdetoxpies10,2.1,100,0.3,1.5,Espanha 1,https://api.ecomhub.app/public/products/featuredImage-1718628241768-766b2c88.png,https://app.ecomhub.app,10.0,
ecomhub,9e4386d7-7450-4271-8f7b-b9842d34be2c,Cílios magnéticos,pestaredon_15200,1.52,100,0.001,1.5,ES / FR 2,https://api.ecomhub.app/public/products/featuredImage-1759260467009-791db623.png,https://app.ecomhub.app,10.0,
ecomhub,3f6da513-f8d3-43e1-b629-ecee817361a0,Creme Elástico Essencial com Colágeno Polipeptídico 10g - 2 Seringas de 5g de Alta Firmeza e Precisão,peptidocollageno,4.4,200,0.9,1.5,ES / FR 2,https://api.ecomhub.app/public/products/featuredImage-1774452526941-8e5a7109.png,https://app.ecomhub.app,10.0,
ecomhub,81422131-8af8-4452-bc50-228ac4ade95d,Dispensador automático de água para garrafão,dispensado_13915,12.3,200,0.9,1.5,ES / FR 2,https://api.ecomhub.app/public/products/featuredImage-1770832961988-e4f69ef7.png,https://app.ecomhub.app,10.0,
ecomhub,b844d765-3643-4c42-957c-decc3e640e82,Barbeador IPX5,ipx5_13502,11.72,200,0.001,1.5,ES / FR 2,https://api.ecomhub.app/public/products/featuredImage-1733744711969-ce69cf4a.jpg,https://app.ecomhub.app,10.0,
ecomhub,38f59654-8412-4fac-9da4-542df910daf6,Óleo Capilar de Queratina KORMESIC 100ml,aceitekormesic,3.9,200,0.9,1.5,ES / FR 2,https://api.ecomhub.app/public/products/featuredImage-1776465093464-3e96051d.png,https://app.ecomhub.app,10.0,
ecomhub,5822d27f-72c5-4cac-b488-eb1534840a98,Carrinho de brinquedo com controle remoto High Fun,cocheteled_14727,30.5,300,0.9,1.5,ES / FR 2,https://api.ecomhub.app/public/products/featuredImage-1769609694871-727a4406.png,https://app.ecomhub.app,10.0,
ecomhub,25dcbd56-d278-472a-867c-b91f633c3489,Máscara Capilar de Queratina,maskamalfi,5.1,200,0.001,1.5,ES / FR 2,https://api.ecomhub.app/public/products/featuredImage-1733401341417-ef5ca3a8.jpeg,https://app.ecomhub.app,10.0,
ecomhub,bce91847-797f-4c7a-9ef6-11b2150ac323,Hidratante Sedoso de Abacate Orgânico - 50ml,sedosaguacateorg,4.2,200,0.9,1.5,ES / FR 2,https://api.ecomhub.app/public/products/featuredImage-1749432634367-4af74a5d.jpg,https://app.ecomhub.app,10.0,
ecomhub,56e90dbb-eada-4d84-a929-738ed4538807,Luva de cinco dedos para remoção de pelos de animais de estimação,guantespar_14243,2.1,100,0.9,1.5,ES / FR 2,https://api.ecomhub.app/public/products/featuredImage-1771873429427-992d6450.png,https://app.ecomhub.app,10.0,
ecomhub,efe45f83-547b-4d9f-9fcd-bc10e9565378,Combo 2 unidades Luzes LED em Cascada para Decoração,luznavidad_15242,10.2,200,0.001,1.5,ES / FR 2,https://api.ecomhub.app/public/products/featuredImage-1763384921602-603d31f1.png,https://app.ecomhub.app,10.0,
ecomhub,caebda66-80fe-46be-8988-dc4fac03fad1,Lanterna Solar Multifuncional,lampmltif_sd-5735,6.11,200,0.001,1.5,ES / FR 2,https://api.ecomhub.app/public/products/featuredImage-1732802425239-abf8b5c3.jpg,https://app.ecomhub.app,10.0,
ecomhub,31d36b9b-7b4f-443f-9cd2-cde8500b60b3,Pinguim de Pelúcia Suave e Fofo,pinguinosu_15655,3.5,200,0.001,1.5,ES / FR 2,https://api.ecomhub.app/public/products/featuredImage-1737723883127-466b7b11.png,https://app.ecomhub.app,10.0,
ecomhub,a138d265-1271-4b7f-88d5-1d13d33199a8,Cinto de fitness para correção postural e suporte lombar,cinturonfi_14551,5.7,200,0.9,1.5,ES / FR 2,https://api.ecomhub.app/public/products/featuredImage-1769603976640-ce14df21.png,https://app.ecomhub.app,10.0,
ecomhub,41cf06ef-fdcb-4514-aaca-786b3041cc60,Limpador Facial Orgânico Purificante de Abacate - 100g,organicoaguacatp,3.45,100,0.9,1.5,ES / FR 2,https://api.ecomhub.app/public/products/featuredImage-1749432337454-205d17d6.jpg,https://app.ecomhub.app,10.0,
ecomhub,b103f9a3-9a8e-4a84-bf5b-699b68753bb0,Humidificador luna,lunahumi_14183,7.64,200,0.001,1.5,ES / FR 2,https://api.ecomhub.app/public/products/featuredImage-1733144538801-36bc911d.jpeg,https://app.ecomhub.app,10.0,
ecomhub,5eedec8c-dc77-44d3-8b90-93394f1376a1,Gel de massagem calmante para articulações Ximonth,gelarticulaximon,4.2,200,0.9,1.5,ES / FR 2,https://api.ecomhub.app/public/products/featuredImage-1752067673959-a5326092.png,https://app.ecomhub.app,10.0,
ecomhub,74a924de-eb28-48a5-a000-880a24505cbb,Creme Facial de Criopreservação Milagrosa para Glóbulos Brancos - 50ML,criopreservacion,6.65,200,0.9,1.5,ES / FR 2,https://api.ecomhub.app/public/products/featuredImage-1747485724693-62674355.png,https://app.ecomhub.app,10.0,
ecomhub,2be4a7cb-eac4-4d73-8bf3-f732b85251ea,Mini teclado sem fio com mouse Touchpad e retroiluminação LED,miniteclado_gl69440,5.6,200,0.001,1.5,ES / FR 2,https://api.ecomhub.app/public/products/featuredImage-1733409889862-9b0c768d.jpg,https://app.ecomhub.app,10.0,
ecomhub,c1475e1a-efa9-4ad2-92e6-e8c0f6cbe43d,Gorro ventilador,capvent_15439,4.07,200,0.001,1.5,ES / FR 2,https://api.ecomhub.app/public/products/featuredImage-1733491448970-9717104f.jpeg,https://app.ecomhub.app,10.0,
ecomhub,4835776f-e953-45f3-b84a-45c5fc01729c,Sérum Facial 2 em 1 com Óleo de Melaleuca e Colágeno 30ml,aceitearbolt30ml,3.2,100,0.9,1.5,ES / FR 2,https://api.ecomhub.app/public/products/featuredImage-1760445473829-e0fedbda.png,https://app.ecomhub.app,10.0,
ecomhub,5751124f-27e8-4639-9e1b-81565326857a,Cabeçal para banho bidê,cabezalbidet_6978020540162,5.6,200,0.001,1.5,ES / FR 2,https://api.ecomhub.app/public/products/featuredImage-1733486924780-6ffa5b84.jpeg,https://app.ecomhub.app,10.0,
ecomhub,716eb2a9-1110-41ca-a430-da0929e6463a,Cortador 3 em 1 Precisão Total para Barba Cabelo e Nariz,cortapel_gl69975,9.7,200,0.9,1.5,ES / FR 2,https://api.ecomhub.app/public/products/featuredImage-1745931255472-695036e8.png,https://app.ecomhub.app,10.0,
ecomhub,449b6636-6a0c-4b25-8efc-3deb674d379a,Suporte magnéticas de anel duplo,soported_gl69364,2.6,100,0.9,1.5,ES / FR 2,https://api.ecomhub.app/public/products/featuredImage-1750080905575-7edd75bb.png,https://app.ecomhub.app,10.0,
ecomhub,6d186b85-db8d-43b8-bbe3-926f67d4efa1,Combo de 3 unidades do  Massageador de Pés,piesyartic_,26.52,300,0.001,1.5,ES / FR 2,https://api.ecomhub.app/public/products/featuredImage-1751650275336-9bd27711.jpg,https://app.ecomhub.app,10.0,
ecomhub,50b86fa1-1027-4ee0-b258-d1fbc52793ae,Combo de 1 Unidade do Massajador Facial Lifting EMS e 2 Unidade do Sérum Firmador com Colágeno - Niacinamida - Ácido Hialurônico - 30ml,masajeled_15477,14.02,300,0.001,1.5,ES / FR 2,https://api.ecomhub.app/public/products/featuredImage-1756995570372-0cc2bd64.jpeg,https://app.ecomhub.app,10.0,
ecomhub,0523f6bb-cbb1-4846-b923-c21300f0cb7b,Travesseiro cervical ergonômico de silicone,siliconalm_13963,6.3,200,0.9,1.5,ES / FR 2,https://api.ecomhub.app/public/products/featuredImage-1769191129853-21b1719a.png,https://app.ecomhub.app,10.0,
ecomhub,bada0cad-95c2-41a6-b85e-5ba7a9f48f9f,Aspirador de pó portátil potente e compacto para carro,miniaspira_13821,5.7,200,0.9,1.5,ES / FR 2,https://api.ecomhub.app/public/products/featuredImage-1769187620480-de138805.png,https://app.ecomhub.app,10.0,
ecomhub,5029e6dc-7144-4afc-8cb7-b9b4aa28a9e2,Óleo Essencial Reparação de Colágeno 50ml,aceite-eelhoe,4.0,200,0.001,1.5,ES / FR 2,https://api.ecomhub.app/public/products/featuredImage-1737033520485-55b8e614.jpeg,https://app.ecomhub.app,10.0,
ecomhub,0723cc4e-5b44-48b6-9d35-a1ae88d2955e,Capa para Console,fundaconsola_15735,3.1,100,0.001,1.5,ES / FR 2,https://api.ecomhub.app/public/products/featuredImage-1737127280792-f747f3b0.jpeg,https://app.ecomhub.app,10.0,
ecomhub,bf10e988-cecc-4fc9-9519-b74cab1af7ab,Analgésico Corporal Bálsamo de Cavalo 250 ml - Retinol Complex,balscaballo250ml,5.65,200,0.9,1.5,ES / FR 2,https://api.ecomhub.app/public/products/featuredImage-1766420128716-e01f2ba1.png,https://app.ecomhub.app,10.0,
ecomhub,2e55375d-7835-4954-a1a7-ab712fbad1d5,Combo de 1 Unidade do Massajador Facial Lifting EMS e 1 Unidade do Sérum Firmador com Colágeno - Niacinamida - Ácido Hialurônico - 30ml,masajeled_15477,10.82,200,0.001,1.5,ES / FR 2,https://api.ecomhub.app/public/products/featuredImage-1756995280309-5c1b81f2.jpeg,https://app.ecomhub.app,10.0,
ecomhub,2218ed46-be74-4a66-be61-f672707f6f1f,Loção Corporal Branco Latte 200ml DDonna,bianco-lotion,3.2,100,0.9,1.5,ES / FR 2,https://api.ecomhub.app/public/products/featuredImage-1775049332010-1d207e06.png,https://app.ecomhub.app,10.0,
ecomhub,422fdef6-deea-4baf-a94f-6dbaa258c59f,Protetor Solar SPF50 PA Blanqueadora - 50g,protecsolarspf50,5.2,200,0.9,1.5,ES / FR 2,https://api.ecomhub.app/public/products/featuredImage-1747488953405-17d10d99.png,https://app.ecomhub.app,10.0,
ecomhub,b0ebb660-69df-4ca7-ac0d-eff2aacf7f29,Dispensador de água automático,dispensado_13839,6.3,200,0.9,1.5,ES / FR 2,https://api.ecomhub.app/public/products/featuredImage-1770833637503-c515e4e3.png,https://app.ecomhub.app,10.0,
ecomhub,57d638c9-888c-4e2e-b3ff-8746bcfa5185,Reposição de Pano para Mopa com Balde - 1 unidade,repuestomopa,1.01,100,0.001,1.5,ES / FR 2,https://api.ecomhub.app/public/products/featuredImage-1733693162929-559870ad.jpg,https://app.ecomhub.app,10.0,
ecomhub,9cbd1e5a-e827-47e9-9aab-2b0e444ee756,Escova para Lavar Pratos,cepillo_15543,2.54,100,0.001,1.5,ES / FR 2,https://api.ecomhub.app/public/products/featuredImage-1733406810909-1ca3acba.jpg,https://app.ecomhub.app,10.0,
ecomhub,8cb186f6-9a8a-483f-8baa-104a77cde56f,Pods Descartáveis Fizzy Pandora 12000 Caladas Vape,pods-blueberry,6.7,200,0.001,1.5,ES / FR 2,https://api.ecomhub.app/public/products/featuredImage-1737050501070-1d4b8beb.jpeg,https://app.ecomhub.app,10.0,
ecomhub,92904ae9-4d1a-4e0b-97e7-e0c02f215c6f,Cabo de Carga Multi 3 em 1 120cm 25w,multcable_gl9277,2.8,100,0.001,1.5,ES / FR 2,https://api.ecomhub.app/public/products/featuredImage-1746883926446-c7bc75c7.jpeg,https://app.ecomhub.app,10.0,
ecomhub,a20c0d4a-4a91-4c12-a53e-1ae0e7b20e96,KAHI Wrinkle Bounce Multi Bálsamo Hidratante Facial,kahiwrinklebounc,6.6,200,0.001,1.5,ES / FR 2,https://api.ecomhub.app/public/products/featuredImage-1737051824372-8fcae25b.jpeg,https://app.ecomhub.app,10.0,
ecomhub,fd516de7-6f38-41dc-a3e7-88619006bb2b,Corretor de Tom de Pele,base-tum_6905624880547,6.6,200,0.001,1.5,ES / FR 2,https://api.ecomhub.app/public/products/featuredImage-1737125018218-4facc2cc.jpeg,https://app.ecomhub.app,10.0,
ecomhub,2a4d9de8-78dd-470a-b048-c0f19c144a03,Body Mist Premium Shimmer Sweet,mistpremshisweet,4.6,200,0.001,1.5,ES / FR 2,https://api.ecomhub.app/public/products/featuredImage-1737133090184-14a78ea8.jpeg,https://app.ecomhub.app,10.0,
ecomhub,059040ed-2cca-431f-88c9-a1c62ab921d1,Aquecedor Portátil 900W com Temporizador Programável,calefactor900-redo_15208,7.7,200,0.001,1.5,ES / FR 2,https://api.ecomhub.app/public/products/featuredImage-1737124588025-04b5fb98.jpeg,https://app.ecomhub.app,10.0,
ecomhub,67673379-609a-4464-88eb-c972fb2963e2,Cabo de Carga 3 em 1,cabletic_gl69608,2.8,100,0.001,1.5,ES / FR 2,https://api.ecomhub.app/public/products/featuredImage-1737727545123-3e5a99fa.jpeg,https://app.ecomhub.app,10.0,
ecomhub,09a6d1aa-14c2-4927-b8a0-9c0c04762634,Creme facial firmador Bioaqua com baba de caracol 60g,babacream,4.2,200,0.9,1.5,ES / FR 2,https://api.ecomhub.app/public/products/featuredImage-1775048229985-a43a6f5c.png,https://app.ecomhub.app,10.0,
ecomhub,0458ef2b-ce6a-4306-93d8-50b0198c2b7e,Sérum Iluminador Vitamina C Skin,serumvitacboost,5.9,200,0.001,1.5,ES / FR 2,https://api.ecomhub.app/public/products/featuredImage-1737032030177-6a03f7d1.png,https://app.ecomhub.app,10.0,
ecomhub,8b8da66c-d7d9-47ec-8cdc-8ae500a845d1,Balança de cozinha eletrônica com visor LED e copo medidor,bascula_v-14379,7.3,200,0.9,1.5,ES / FR 2,https://api.ecomhub.app/public/products/featuredImage-1769186109839-fe77f3da.png,https://app.ecomhub.app,10.0,
ecomhub,69ab72b1-8494-47f5-a5f1-546c8138ac20,Organizador de sapatos em tecido com 3 compartimentos - Prático e funcional,organizado_14898,5.65,200,0.9,1.5,ES / FR 2,https://api.ecomhub.app/public/products/featuredImage-1769543824349-eb976ce7.png,https://app.ecomhub.app,10.0,
ecomhub,14ecdd19-f2ba-47b6-9dfa-9ddafe23fcf3,Máscara Facial com Efeito Lifting,mascarilla_46003,2.53,100,0.001,1.5,ES / FR 2,https://api.ecomhub.app/public/products/featuredImage-1747233727954-719c204d.jpeg,https://app.ecomhub.app,10.0,
ecomhub,1883989c-a8e9-4b7f-9b07-d74e66de78b6,Secador de cabelo potente e funcional,cepillo3en_13812,12.3,200,0.9,1.5,ES / FR 2,https://api.ecomhub.app/public/products/featuredImage-1769604938248-29ed7fca.png,https://app.ecomhub.app,10.0,
ecomhub,63731161-1a8c-464c-bc28-5bb07a4a82bf,Mini Helicóptero Radiocontrolado,helicopter_14826,5.6,200,0.001,1.5,ES / FR 2,https://api.ecomhub.app/public/products/featuredImage-1732801519163-088a7ac3.jpg,https://app.ecomhub.app,10.0,
ecomhub,1efc22ff-6102-4d1b-a41b-1b506dcb5b5e,Porta-copos expansível para carro,portavas_gl69184,3.2,100,0.9,1.5,ES / FR 2,https://api.ecomhub.app/public/products/featuredImage-1750079722254-fa64d253.jpg,https://app.ecomhub.app,10.0,
ecomhub,0f9a95f8-cc71-45d8-b7f4-9fa7c8007c99,Cabideiro 150x96x45cm,perchero_150,12.74,200,0.001,1.5,ES / FR 2,https://api.ecomhub.app/public/products/featuredImage-1746882952009-0a78c509.jpeg,https://app.ecomhub.app,10.0,
ecomhub,67028067-917f-4c81-a8f7-9059e6b92871,Creme Facial Detox Anti-Poluição SPF30,cremdetoxpoluci,6.7,200,0.001,1.5,ES / FR 2,https://api.ecomhub.app/public/products/featuredImage-1737133503348-be30a74c.png,https://app.ecomhub.app,10.0,
ecomhub,9fd83186-a61c-40a0-a23e-2f80b86da340,Projetor Galáxia,galaxylamp_v-7005,10.7,200,0.001,1.5,ES / FR 2,https://api.ecomhub.app/public/products/featuredImage-1734027700363-24a5f1a8.JPG,https://app.ecomhub.app,10.0,
ecomhub,b1789d5b-7c66-409b-a132-45c6def968c5,Modelador de Cabelo em Formato de Gato,rizadordep_15170,10.7,200,0.9,1.5,ES / FR 2,https://api.ecomhub.app/public/products/featuredImage-1776258378998-9d8c82ea.png,https://app.ecomhub.app,10.0,
ecomhub,4313368c-1fc6-4599-9bb5-a470c7191996,Taça Misturadora,taza_13814,7.13,200,0.001,1.5,ES / FR 2,https://api.ecomhub.app/public/products/featuredImage-1733486136628-2970f6c7.jpeg,https://app.ecomhub.app,10.0,
ecomhub,80a3cfd4-3ce2-461b-b9dc-5a72d07220c5,Suporte de chão para tablets e celulares,soportevertical_v-6761,2.2,100,0.9,1.5,ES / FR 2,https://api.ecomhub.app/public/products/featuredImage-1748089643583-71bbeb59.jpg,https://app.ecomhub.app,10.0,
ecomhub,2d5e28f4-8674-4fe6-922b-7807834dd0cf,Creme para Contorno de Olhos com Colágeno,contornoojos,4.07,200,0.001,1.5,ES / FR 2,https://api.ecomhub.app/public/products/featuredImage-1752072251194-3e5254cc.png,https://app.ecomhub.app,10.0,
ecomhub,1edaa2f3-e55d-4d63-a256-479ec2eea5b8,Sérum Revitalizador para Pele com Colágeno e Abacate 5 em 1,tuzaguacate,4.6,200,0.001,1.5,ES / FR 2,https://api.ecomhub.app/public/products/featuredImage-1737116633790-5db8b7d0.jpeg,https://app.ecomhub.app,10.0,
ecomhub,ad7018cd-4ea6-4d82-b662-91256a2a377d,Kit Gel e Pó para Sobrancelhas,setpolvosparacej,4.2,200,0.9,1.5,ES / FR 2,https://api.ecomhub.app/public/products/featuredImage-1745946836609-2617e837.jpeg,https://app.ecomhub.app,10.0,
ecomhub,20c08edc-fd28-4180-8532-d0a1d3926b4f,Escova Secadora e Alisadora,cepillmulti_14537,6.67,200,0.001,1.5,ES / FR 2,https://api.ecomhub.app/public/products/featuredImage-1734033720150-986ddeeb.JPG,https://app.ecomhub.app,10.0,
ecomhub,aef25a7d-7e2c-4846-a719-9413e1f50c24,Massageador Facial em Forma de Varinha,varitaled_15375,7.63,200,0.001,1.5,ES / FR 2,https://api.ecomhub.app/public/products/featuredImage-1732885419432-df4ccfac.jpg,https://app.ecomhub.app,10.0,
ecomhub,e4ab453d-aa52-471d-92e6-60065ebdc5e5,Ferro de passar roupa portátil pequeno,miniplanch_14351,10.7,200,0.9,1.5,ES / FR 2,https://api.ecomhub.app/public/products/featuredImage-1776254562339-a5ce4a30.png,https://app.ecomhub.app,10.0,
ecomhub,a55c7fa3-6cf6-4245-a16c-22825942e85f,Adesivo Detox para Pés,parchepies_15317,2.34,100,0.001,1.5,ES / FR 2,https://api.ecomhub.app/public/products/featuredImage-1733926568529-556e5e11.jpeg,https://app.ecomhub.app,10.0,
ecomhub,848b44f5-2874-40c3-b68f-77cc8e5e352a,Combo de 2 Unidades Protetor solar universal dobrável para carro,parasol,10.4,200,0.9,1.5,ES / FR 2,https://api.ecomhub.app/public/products/featuredImage-1753373846301-375d5217.png,https://app.ecomhub.app,10.0,
ecomhub,8df46c84-0a5a-48c6-82f5-93a1732d1a2c,Jarra Elétrica Fervedor Rápido Seguro e Eficiente para o Lar,jarraelec_du0898,9.2,200,0.9,1.5,ES / FR 2,https://api.ecomhub.app/public/products/featuredImage-1746015739455-442a43c2.jpeg,https://app.ecomhub.app,10.0,
ecomhub,68c3abac-4613-4ffa-8766-f5014aa216e7,Suportes magnéticos para painel de carro com rotação de 360,soportem_gl69527,5.6,200,0.9,1.5,ES / FR 2,https://api.ecomhub.app/public/products/featuredImage-1750079069288-005199f7.png,https://app.ecomhub.app,10.0,
ecomhub,a27e99d8-59a4-4480-a5f5-a44bcf82c1d6,Contorno dos Olhos Essência Árabe com Colágeno 30 ml - Kiss Beauty,contornojosescen,3.7,200,0.9,1.5,ES / FR 2,https://api.ecomhub.app/public/products/featuredImage-1766340112051-d49ddc6a.png,https://app.ecomhub.app,10.0,
ecomhub,91a98ce9-1092-4d53-9eef-34d921133fed,Adaptador PD20W Universal Com Carga Rápida e Compatibilidade Total,pd20wuniversal,13.3,200,0.9,1.5,ES / FR 2,https://api.ecomhub.app/public/products/featuredImage-1746024657278-2000b3b7.jpeg,https://app.ecomhub.app,10.0,
ecomhub,c44e769a-b9e3-4792-ab83-71aa3ec80f56,Tira LED RGB 3m,tiraled_g-1484,5.2,200,0.9,1.5,ES / FR 2,https://api.ecomhub.app/public/products/featuredImage-1746469149371-05f68cba.jpeg,https://app.ecomhub.app,10.0,
ecomhub,719f5e6e-fe2b-49ac-870c-7b4f2600ee43,Smartwatch SA200 Série 9,sa200,7.7,200,0.001,1.5,ES / FR 2,https://api.ecomhub.app/public/products/featuredImage-1740071754800-52777707.jpg,https://app.ecomhub.app,10.0,
ecomhub,28669641-d790-44e1-a1cc-9119f806e317,Joelheiras de espuma ultra grossas,rodillerajardin_14396,5.6,200,0.001,1.5,ES / FR 2,https://api.ecomhub.app/public/products/featuredImage-1733486720700-56018a4a.jpeg,https://app.ecomhub.app,10.0,
ecomhub,5d695621-175c-454f-95a7-f5bb0455c425,Contorno de Olhos Roll-On com Colágeno - 30ML,rollonconcolagen,4.7,200,0.9,1.5,ES / FR 2,https://api.ecomhub.app/public/products/featuredImage-1747488667338-631a2df9.png,https://app.ecomhub.app,10.0,
ecomhub,b36fa062-4180-4b35-b3df-46864271a330,Creme Facial Antirrugas com Caviar e Proxilano,cremcaviarproxi,4.6,200,0.001,1.5,ES / FR 2,https://api.ecomhub.app/public/products/featuredImage-1737119702622-be57851d.jpeg,https://app.ecomhub.app,10.0,
ecomhub,9b88be35-85c5-45c1-8e69-03220946a0d3,Capa para Sofá de 3 lugares,fundasofa_8419348035353,7.64,200,0.001,1.5,ES / FR 2,https://api.ecomhub.app/public/products/featuredImage-1733410375857-a4dd9cb3.jpg,https://app.ecomhub.app,10.0,
ecomhub,b91c3ba0-cf18-43c0-bc79-c139e2ccbdad,Suporte para celular para pendurar no pescoço,soportece_v-7259,4.1,200,0.9,1.5,ES / FR 2,https://api.ecomhub.app/public/products/featuredImage-1750080173519-c1a26fdf.jpg,https://app.ecomhub.app,10.0,
ecomhub,75730e31-6e94-4b4c-a744-0132f0ffdf14,Prensa de Alho 2 em 1,prenajos_w68-592,2.8,100,0.001,1.5,ES / FR 2,https://api.ecomhub.app/public/products/featuredImage-1737028999053-e09d1d59.jpeg,https://app.ecomhub.app,10.0,
ecomhub,267c0c82-99a8-4db2-94f2-7113ec6a8bdf,MÁSCARA PRETA VOLUME A PROVA DAGUA,mascaraolauty,3.4,100,0.9,1.5,ES / FR 2,https://api.ecomhub.app/public/products/featuredImage-1774447767273-59bbe34e.png,https://app.ecomhub.app,10.0,
ecomhub,2ed6f4d4-6ae1-4af1-ab19-4758bb793ff5,Kit 4 em 1 Beauty,beauty_14154,7.64,200,0.001,1.5,ES / FR 2,https://api.ecomhub.app/public/products/featuredImage-1733748862923-3d616efd.jpg,https://app.ecomhub.app,10.0,
ecomhub,b6a8e2ea-9c43-4192-8b73-038da521a4b7,Creme Facial Anti-Idade Preenchedora Essencial,cremantiarrurell,5.6,200,0.001,1.5,ES / FR 2,https://api.ecomhub.app/public/products/featuredImage-1737134579111-17e50326.jpeg,https://app.ecomhub.app,10.0,
ecomhub,2dc175cb-b56a-49f2-99be-0a40e60d75b8,Caixa de Som Clip 3 Pro,clip3_7641865463,8.7,200,0.001,1.5,ES / FR 2,https://api.ecomhub.app/public/products/featuredImage-1737653348848-697a2617.jpeg,https://app.ecomhub.app,10.0,
ecomhub,83bc2ba2-9cbb-447c-a18b-945d722b4d3f,Máscara Facial Rejuvenescedora de Colágeno - 3 Passos,facialrejuvenece,4.65,200,0.9,1.5,ES / FR 2,https://api.ecomhub.app/public/products/featuredImage-1749434013665-ac7e7717.jpg,https://app.ecomhub.app,10.0,
ecomhub,f6f35b82-6d9a-428e-b440-b3ef14fce4a6,Ventilador dobrável,ventilaplegable_gl69291,6.11,200,0.001,1.5,ES / FR 2,https://api.ecomhub.app/public/products/featuredImage-1733492849352-54bc550f.jpeg,https://app.ecomhub.app,10.0,
ecomhub,cb54e195-7796-4220-84f8-f19ff8d99b36,Spray Eliminador de Odores para Pets 100 ml - Retinol Complex,eliminaolormasco,5.65,200,0.9,1.5,ES / FR 2,https://api.ecomhub.app/public/products/featuredImage-1766341563154-e6dcec11.png,https://app.ecomhub.app,10.0,
ecomhub,2dcc3d16-5af4-482c-91e9-586aa8d29275,Multi Cabo de Carregamento 3 em 1 Retrátil 100W Carga Rápida USB C,retracti_gl69803,4.6,200,0.9,1.5,ES / FR 2,https://api.ecomhub.app/public/products/featuredImage-1745943937711-8859c0a8.jpeg,https://app.ecomhub.app,10.0,
ecomhub,0f57bccc-fa86-4db3-9ab5-27748277500a,Creme Facial de Sangue de Dragão,antiedaddragon,5.0,200,0.2,1.5,ES / FR 2,https://api.ecomhub.app/public/products/featuredImage-1740072624148-c733a7cd.jpg,https://app.ecomhub.app,10.0,
ecomhub,e3aa33f7-d05e-447e-ae68-cf6ecb8bc5ed,Tiranossauro de Pelúcia Macio,tiranosaur_14995,3.4,100,0.001,1.5,ES / FR 2,https://api.ecomhub.app/public/products/featuredImage-1736945710217-be5a1340.jpeg,https://app.ecomhub.app,10.0,
ecomhub,5f20a42e-ace7-4800-a441-b3a757d17da9,Mini Liquidificador de Frutas 380ml Portátil e Recarregável,batidorapo_15141,7.5,200,0.9,1.5,ES / FR 2,https://api.ecomhub.app/public/products/featuredImage-1769607095440-57abeaf9.png,https://app.ecomhub.app,10.0,
ecomhub,0dd50fa5-986d-404a-b9d1-efc5ead288e7,Luz Solar Exterior com Suporte,luz_ab-ta107,6.62,200,0.001,1.5,ES / FR 2,https://api.ecomhub.app/public/products/featuredImage-1732801923700-eff16017.jpg,https://app.ecomhub.app,10.0,
ecomhub,7e2c42e8-9290-4944-aebf-407ac30a4337,Cabo USB-C a USB-C 60W - Carga Rápida,cablecac_gl69476,3.1,100,0.001,1.5,ES / FR 2,https://api.ecomhub.app/public/products/featuredImage-1746885622925-fc8b6d2f.jpeg,https://app.ecomhub.app,10.0,
ecomhub,a0bf67aa-5985-4f50-99ce-6dac15896755,Contorno de Olhos Iluminador com Vitamina C Ativa - Niacinamida 20ml - Desperta Instantaneamente o Seu Olhar,contornoojosilum,3.2,100,0.9,1.5,ES / FR 2,https://api.ecomhub.app/public/products/featuredImage-1749429454899-a6c2744f.jpg,https://app.ecomhub.app,10.0,
ecomhub,bdb7b97d-cad2-45e5-a2df-445fc6fd9b4a,Gel e adesivo 10x14cm para alívio da dor - 1 unidade,parchedolor-cosmi,3.2,100,0.9,1.5,ES / FR 2,https://api.ecomhub.app/public/products/featuredImage-1765972590869-db088df2.png,https://app.ecomhub.app,10.0,
ecomhub,c0286fa5-fd4d-4187-8db7-0b16f1f60cd7,Suportes universais para motocicletas,soporteun_g-1186,3.8,200,0.9,1.5,ES / FR 2,https://api.ecomhub.app/public/products/featuredImage-1750080375300-76c415a1.png,https://app.ecomhub.app,10.0,
ecomhub,b5cd547d-c6e0-4b6c-93ac-3fb9b4b284aa,Sérum Firmador com Retinol Booster 30ml,retinolshot30ml,4.2,200,0.9,1.5,ES / FR 2,https://api.ecomhub.app/public/products/featuredImage-1770836479850-be0d9757.png,https://app.ecomhub.app,10.0,
ecomhub,920a4dc4-a298-4fda-9ca9-479cc632f014,Garrafa térmica compacta e elegante de aço inoxidável com capacidade para 350 ml,botellater_14373,5.95,200,0.9,1.5,ES / FR 2,https://api.ecomhub.app/public/products/featuredImage-1769606284934-4d098514.png,https://app.ecomhub.app,10.0,
ecomhub,1b51a13c-b558-4383-a1ed-627b1fe2172a,Jogo de Mesa - Cofrinho Dinossauro,juegohucha,11.2,200,0.001,1.5,ES / FR 2,https://api.ecomhub.app/public/products/featuredImage-1733236083471-3e67d02b.jpeg,https://app.ecomhub.app,10.0,
ecomhub,3a3cebce-643e-4151-a95e-62ef771bee89,Garrafa térmica de aço inoxidável de 500ml - Durável e elegante,botellater_14374,6.3,200,0.9,1.5,ES / FR 2,https://api.ecomhub.app/public/products/featuredImage-1769605889723-30152cd4.png,https://app.ecomhub.app,10.0,
ecomhub,66a759a2-52b2-4a70-b810-1c30620f249e,Sérum Facial Regenerador com Sangue de Dragão - 30ml,sangrededragon,5.2,200,0.9,1.5,ES / FR 2,https://api.ecomhub.app/public/products/featuredImage-1749469834069-cd784a07.png,https://app.ecomhub.app,10.0,
ecomhub,a17e2074-5e9c-4c88-8d42-2b731eb7fa99,Lâmpada Solar Recarregável,lmp_ab-ta134,7.64,200,0.001,1.5,ES / FR 2,https://api.ecomhub.app/public/products/featuredImage-1732802303850-d5f6c1c6.jpg,https://app.ecomhub.app,10.0,
ecomhub,fa0d0d88-440e-4bc6-99c8-f7f8e0acd348,Cortador de Legumes Manual Multifuncional,picadordev_14229,8.9,200,0.9,1.5,ES / FR 2,https://api.ecomhub.app/public/products/featuredImage-1776434976384-6dc06cd4.png,https://app.ecomhub.app,10.0,
ecomhub,a67e0699-288a-4683-af46-0bf7dcda6c8f,Limpafor e suporte de pinceis de maquiagem,limpiadormaquillaje_15410,3.05,100,0.001,1.5,ES / FR 2,https://api.ecomhub.app/public/products/featuredImage-1733754260261-4ad0dc66.jpeg,https://app.ecomhub.app,10.0,
ecomhub,689eb529-4e67-4575-b9cf-932302f4d70f,Estimulador Muscular de Glúteos EMS,estimulaculo_14082,3.71,200,0.001,1.5,ES / FR 2,https://api.ecomhub.app/public/products/featuredImage-1733936616438-c62fe99c.jpeg,https://app.ecomhub.app,10.0,
ecomhub,60494ea8-366b-4df8-a5d8-fd8a5fed97c9,Rizador automático sem fio de ondulação,autoriza_13924,9.24,200,0.001,1.5,ES / FR 2,https://api.ecomhub.app/public/products/featuredImage-1733493106775-d47ad05d.jpeg,https://app.ecomhub.app,10.0,
ecomhub,0472fbd3-b073-42d4-acdb-e58c047a4327,Mini Evasadora com 10 Bolsas,vaciocon_10bolsas,7.13,200,0.001,1.5,ES / FR 2,https://api.ecomhub.app/public/products/featuredImage-1733502851701-4c653ddf.jpeg,https://app.ecomhub.app,10.0,
ecomhub,425fb2ed-16b4-4a44-8d12-0c391899041b,Corretor de Joanetes com ajustador,EMAlineaDedo,6.6,200,0.001,1.5,Espanha 1,https://api.ecomhub.app/public/products/featuredImage-1718640874953-db1704a5.png,https://app.ecomhub.app,10.0,
ecomhub,b92c51ee-4e51-4d8b-9207-95aab722e24a,Prancha de cabelo profissional de alta precisão,alizadorde_13887,12.3,200,0.9,1.5,ES / FR 2,https://api.ecomhub.app/public/products/featuredImage-1769192617691-a26559e1.png,https://app.ecomhub.app,10.0,
ecomhub,f891dccd-4297-4d12-ba56-05b016ee8bb6,Violent Fan X8 - Ventilador portátil ultra potente,aire_16070,9.2,200,0.9,1.5,ES / FR 2,https://api.ecomhub.app/public/products/featuredImage-1765977096343-f747048a.png,https://app.ecomhub.app,10.0,
ecomhub,20b9a902-c4da-4852-8a5d-679cc96e35c7,montagens magnéticas para carros,soportema_g-1076,3.6,200,0.9,1.5,ES / FR 2,https://api.ecomhub.app/public/products/featuredImage-1750078721541-d0672602.png,https://app.ecomhub.app,10.0,
ecomhub,26fd7760-505d-4432-b9b1-c5ab5ddcc7b0,Mini tábua de vapor portátil,minplanch_14351,7.64,200,0.001,1.5,ES / FR 2,https://api.ecomhub.app/public/products/featuredImage-1733486357477-4c54ff5f.jpeg,https://app.ecomhub.app,10.0,
ecomhub,a561258b-0b9a-46de-8efd-5459880450a5,Varal Telescópico com Capacidade Máxima de Carga de 20kg,tendederot_15929,9.7,200,0.9,1.5,ES / FR 2,https://api.ecomhub.app/public/products/featuredImage-1760383679317-e34f018c.png,https://app.ecomhub.app,10.0,
ecomhub,1caf0703-3646-41c3-9bd8-5b4f11b815ef,Faixa de correção postural ajustável,bandasfitn_13764,5.1,200,0.9,1.5,ES / FR 2,https://api.ecomhub.app/public/products/featuredImage-1769603787582-c22cb310.png,https://app.ecomhub.app,10.0,
ecomhub,2339870d-4838-40b4-9238-9cba0fc36e00,Mini envasadora e 5 bolsas,vaciocon_5bolsas,5.6,200,0.001,1.5,ES / FR 2,https://api.ecomhub.app/public/products/featuredImage-1733502568028-6192043d.jpeg,https://app.ecomhub.app,10.0,
ecomhub,e73f9e49-2769-4a1b-9bea-b32a78786134,Shampoo para Cachorros 200 ml - Retinol Complex,champcachor200ml,5.65,200,0.9,1.5,ES / FR 2,https://api.ecomhub.app/public/products/featuredImage-1766340551792-d7ce5026.png,https://app.ecomhub.app,10.0,
ecomhub,5c6cbc24-e82b-48ce-9f89-5dc663ea8bb3,Conjunto de Brinquedos Dominó com Peças,domino_14319,9.66,200,0.001,1.5,ES / FR 2,https://api.ecomhub.app/public/products/featuredImage-1732799547392-37384944.jpg,https://app.ecomhub.app,10.0,
ecomhub,8d6fed52-f613-444c-80a9-8924c9ca85cd,PISTOLA DE BOLHAS,burbujaconejo_15392,4.58,200,0.001,1.5,ES / FR 2,https://api.ecomhub.app/public/products/featuredImage-1733504891924-6c7e7726.jpeg,https://app.ecomhub.app,10.0,
ecomhub,f0378cd3-6e41-4f60-9c43-ccfa47416149,Escova para Mascotes,cepilloperro_azul14583,3.0,100,0.001,1.5,ES / FR 2,https://api.ecomhub.app/public/products/featuredImage-1733762170683-9463b83d.png,https://app.ecomhub.app,10.0,
ecomhub,874ec33a-a742-4b0b-8835-6c84d86e4909,Óleo Capilar Essência Árabe com Colágeno 100 ml,aceiteparac100ml,4.2,200,0.9,1.5,ES / FR 2,https://api.ecomhub.app/public/products/featuredImage-1766339370104-a12d60a6.png,https://app.ecomhub.app,10.0,
ecomhub,56ee4a43-b359-46f7-8f0e-2d5b8dae0e60,Prancha para cabelos curtos,planchacurl_14042,11.72,200,0.001,1.5,ES / FR 2,https://api.ecomhub.app/public/products/featuredImage-1733496166730-77b94138.jpeg,https://app.ecomhub.app,10.0,
ecomhub,c5938403-0c39-4247-9618-89f9070ccf20,Mesinha de Cabeceira Branca,mesadenoch_15700,7.4,200,0.001,1.5,ES / FR 2,https://api.ecomhub.app/public/products/featuredImage-1736948934385-a4398a64.jpeg,https://app.ecomhub.app,10.0,
ecomhub,11d6a9ff-80fa-41fb-bcca-2c2b43f083da,Espelho com Luz LED,espejo_13654,7.13,200,0.001,1.5,ES / FR 2,https://api.ecomhub.app/public/products/featuredImage-1733421359053-e83bf6dd.jpeg,https://app.ecomhub.app,10.0,
ecomhub,0f54a786-1812-4911-9624-a7dbc9658165,Máscara Facial Antienvelhecimento e Suavizante de Aloe Vera - 3 Passos,calmanteantiedad,4.65,200,0.9,1.5,ES / FR 2,https://api.ecomhub.app/public/products/featuredImage-1749434319344-8ab6c5ab.jpg,https://app.ecomhub.app,10.0,
ecomhub,b1418769-34fa-45b0-9890-f7c27a30495e,Combo de Quatro unidades da Mini pistola de massagem,pistolamasaje_14101,50.96,400,0.001,1.5,ES / FR 2,https://api.ecomhub.app/public/products/featuredImage-1751974033707-8a5f2e7a.png,https://app.ecomhub.app,10.0,
ecomhub,9233d934-6fc1-4466-9079-53667e54922f,Caixa de Som TG-371,altavoztg_v-7816,7.2,200,0.001,1.5,ES / FR 2,https://api.ecomhub.app/public/products/featuredImage-1746886781747-5b2bc266.jpg,https://app.ecomhub.app,10.0,
ecomhub,54e1326e-d03a-4d1c-b572-0e42e0905135,Aspirador de pó portátil e potente para animais de estimação sem fio,aspiradora_14340,6.3,200,0.9,1.5,ES / FR 2,https://api.ecomhub.app/public/products/featuredImage-1770832664778-39308333.png,https://app.ecomhub.app,10.0,
ecomhub,281b815d-4a2f-4274-8370-b5a171733af2,Fita de Luz LED RGB 5,tiraled_g-1478,7.1,200,0.001,1.5,ES / FR 2,https://api.ecomhub.app/public/products/featuredImage-1737030086488-32f86484.jpeg,https://app.ecomhub.app,10.0,
ecomhub,45dd98e3-7c5b-4dde-a1a1-4966bff9dd5b,Loção Corporal Arabian Essence 500 ml,locioncorpo500ml,4.2,200,0.9,1.5,ES / FR 2,https://api.ecomhub.app/public/products/featuredImage-1765974686628-18878cb4.png,https://app.ecomhub.app,10.0,
ecomhub,bbd9d527-105e-4069-ad2f-4640b9bd5581,Garrafa de água em aço inoxidável de 500ml durável e elegante,botellaino_14004,8.1,200,0.9,1.5,ES / FR 2,https://api.ecomhub.app/public/products/featuredImage-1769605239242-cb365680.png,https://app.ecomhub.app,10.0,
ecomhub,dea8c74e-117d-4612-9f6d-09e5ac92108f,Combo com 2 Unidades Máscara Capilar Reparadora 500ml cada,maskpelo_15621,8.98,200,0.001,1.5,ES / FR 2,https://api.ecomhub.app/public/products/featuredImage-1764878380780-cc06eed5.png,https://app.ecomhub.app,10.0,
ecomhub,17dc9352-5852-492b-bc5f-2ad052ab7332,Óculos Zoom Autofoco  e caixa,gafastransp_caja,3.56,200,0.001,1.5,ES / FR 2,https://api.ecomhub.app/public/products/featuredImage-1732885362094-c6b5dccb.jpeg,https://app.ecomhub.app,10.0,
ecomhub,38f9d69c-facf-4ab6-aad4-33171b53be8b,Pistola de Bolhas com 76 Orifícios,burbuj_15068,8.15,200,0.001,1.5,ES / FR 2,https://api.ecomhub.app/public/products/featuredImage-1734025236792-0c3f9185.JPG,https://app.ecomhub.app,10.0,
ecomhub,63980f2d-1b36-4fdf-8cf8-f44e9d75afaf,Copo térmico com ventosa em formato de elefante 400ml - Divertido e seguro,calentador_13814,9.9,200,0.9,1.5,ES / FR 2,https://api.ecomhub.app/public/products/featuredImage-1769543385116-91c268ff.png,https://app.ecomhub.app,10.0,
ecomhub,8935811d-0766-4d84-b75f-487daa50d69e,Creme Facial Regenerador de Girassol,cremagirasol,5.5,200,0.001,1.5,ES / FR 2,https://api.ecomhub.app/public/products/featuredImage-1737123449174-fb8fa272.jpeg,https://app.ecomhub.app,10.0,
ecomhub,ab831a59-b395-454e-bf58-0cb41db726c5,Creme de Essência Rejuvenescedora - 50ML,escenciarejuvene,6.65,200,0.9,1.5,ES / FR 2,https://api.ecomhub.app/public/products/featuredImage-1747486365635-f432abe2.png,https://app.ecomhub.app,10.0,
ecomhub,cad7fb43-c5a3-40b4-9bc8-f5e266f63261,Avião Planador com Lançador,avionconca_14828,3.2,100,0.001,1.5,ES / FR 2,https://api.ecomhub.app/public/products/featuredImage-1737028158570-76db0cb9.jpeg,https://app.ecomhub.app,10.0,
ecomhub,bd75d8c3-b0db-4ba9-abb7-4aee434463c5,MISSHA M Perfect Cover BB Cream SPF42,bbcream_88063333,5.2,200,0.001,1.5,ES / FR 2,https://api.ecomhub.app/public/products/featuredImage-1737049570005-cabe2211.jpeg,https://app.ecomhub.app,10.0,
ecomhub,db8055cf-9005-4440-8dd4-06d64c514e04,Console portátil Q21 para dois jogadores,conso_16016,12.9,200,0.9,1.5,ES / FR 2,https://api.ecomhub.app/public/products/featuredImage-1775046973272-89cc49cf.png,https://app.ecomhub.app,10.0,
ecomhub,2db3adc9-6a8c-4de7-a706-c0bc7ab678fb,Suporte para copo,soportechupito_13858,4.58,200,0.001,1.5,ES / FR 2,https://api.ecomhub.app/public/products/featuredImage-1733490415448-b8795979.jpeg,https://app.ecomhub.app,10.0,
ecomhub,609d99cb-0907-4378-8d4d-4a7185f14be5,Máscara Facial Hidratante Suprema 24K,mascarillasup24k,4.65,200,0.9,1.5,ES / FR 2,https://api.ecomhub.app/public/products/featuredImage-1747917851431-95ea22c9.jpg,https://app.ecomhub.app,10.0,
ecomhub,6324a95a-5ef2-4932-b885-e8e2ec4ba803,Creme para Remoção de Cicatrizes 30g JAYSUING - Regeneração e Melhora Visível da Pele,cremajaysuing30g,4.4,200,0.9,1.5,ES / FR 2,https://api.ecomhub.app/public/products/featuredImage-1774446346477-e2130219.png,https://app.ecomhub.app,10.0,
ecomhub,9cecadcd-dccb-4dfc-9151-48c6711d75a3,Tripe 3D para Self,tripodemovil_14672,5.45,200,0.001,1.5,ES / FR 2,https://api.ecomhub.app/public/products/featuredImage-1733761981546-27b3b032.jpeg,https://app.ecomhub.app,10.0,
ecomhub,bdb20534-dde4-4f56-9690-2914d0600905,Cortador de Cabelo M2,afeitadora_13469,7.13,200,0.001,1.5,ES / FR 2,https://api.ecomhub.app/public/products/featuredImage-1733418873990-2e3905af.jpg,https://app.ecomhub.app,10.0,
ecomhub,4829fa3d-c2d3-4a40-a082-0117d1e0886a,Drone Mini,dronmini_14707,13.7,300,0.001,1.5,ES / FR 2,https://api.ecomhub.app/public/products/featuredImage-1732801105011-ce368ebd.jpg,https://app.ecomhub.app,10.0,
ecomhub,3b17da30-0f35-4e52-8786-b2ab6bd52e2c,Pelúcia Macio de Crocodilo,peluchcoco_14990,3.4,100,0.001,1.5,ES / FR 2,https://api.ecomhub.app/public/products/featuredImage-1736945541290-b8d2b7d1.jpeg,https://app.ecomhub.app,10.0,
ecomhub,16916966-6afe-4a15-8bfc-5d4269ea4497,Máscara à prova dágua BIG MAXX BLACK QIANXIU,mascaraqianxiu,4.7,200,0.9,1.5,ES / FR 2,https://api.ecomhub.app/public/products/featuredImage-1765977347209-52532783.png,https://app.ecomhub.app,10.0,
ecomhub,657574d3-724c-491e-a047-7f09bfa77483,Aspirador de pó portátil mini 2 em 1 compacto e multifuncional,miniaspira_15059,10.5,200,0.9,1.5,ES / FR 2,https://api.ecomhub.app/public/products/featuredImage-1769187912258-5024f08c.png,https://app.ecomhub.app,10.0,
ecomhub,ab139c32-bb26-4627-8210-fdd5cbff1d8a,Luz Solar de Parede AB-TA122,luz_ab-ta122,11.72,200,0.001,1.5,ES / FR 2,https://api.ecomhub.app/public/products/featuredImage-1732802102633-143b1132.jpg,https://app.ecomhub.app,10.0,
ecomhub,eccb8f6c-f15d-4f67-8d69-72bb09451dc8,CC Cream Angeala Repair 7 in One 50g,angealarep7inone,4.1,200,0.001,1.5,ES / FR 2,https://api.ecomhub.app/public/products/featuredImage-1737118793438-3dd12bb7.png,https://app.ecomhub.app,10.0,
ecomhub,19aa27a0-2bb6-48f6-a721-432b46daa76f,Resfriador Magnético para Celular,cooling_gl69632,6.7,200,0.001,1.5,ES / FR 2,https://api.ecomhub.app/public/products/featuredImage-1736951797163-a6ba4c5f.png,https://app.ecomhub.app,10.0,
ecomhub,dfe10080-204d-4df2-9e1c-171b625c66d7,suportes de mesa para braço preguiçoso,soportebr_v-7261,4.6,200,0.9,1.5,ES / FR 2,https://api.ecomhub.app/public/products/featuredImage-1750079964867-f5c23a36.jpg,https://app.ecomhub.app,10.0,
ecomhub,f6b97856-995e-4505-9ee6-8a7a61a22a65,Mini Envasadora,solominivacio_14723,4.07,200,0.001,1.5,ES / FR 2,https://api.ecomhub.app/public/products/featuredImage-1733330982995-a01ffd15.jpeg,https://app.ecomhub.app,10.0,
ecomhub,4864c81b-784f-4531-b00c-ee581e1aaf58,Conjunto de chaves de fenda 51 em 1,desto51en1_g-1231,7.19,200,0.001,1.5,ES / FR 2,https://api.ecomhub.app/public/products/featuredImage-1733487386965-771f63e8.jpeg,https://app.ecomhub.app,10.0,
ecomhub,f7d8556c-e5ac-42ae-acad-68af91c57a51,Ventilador USB de Mesa com Rodinha Dobrável Compacto e Portátil para Escritório,wheelfan_gl69309,8.2,200,0.9,1.5,ES / FR 2,https://api.ecomhub.app/public/products/featuredImage-1746017270463-8c3fba9e.jpeg,https://app.ecomhub.app,10.0,
ecomhub,6227674b-7ddc-460e-ae73-4091c5c3b45d,Balança de cozinha eletrônica de alta precisão,balanza_ao-78368,8.1,200,0.9,1.5,ES / FR 2,https://api.ecomhub.app/public/products/featuredImage-1769186431292-66aae724.png,https://app.ecomhub.app,10.0,
ecomhub,5e957257-7f17-4d93-833e-bbee379fdc2b,Sérum Facial de Niacinamida 30ml,serumnicmina30ml,3.2,100,0.9,1.5,ES / FR 2,https://api.ecomhub.app/public/products/featuredImage-1760444492556-462f3ac0.png,https://app.ecomhub.app,10.0,
ecomhub,bf778608-747f-4a8b-abad-c77ca99c7920,Batedeira elétrica multifuncional para cozinha,batidora_gl9337,12.7,200,0.9,1.5,ES / FR 2,https://api.ecomhub.app/public/products/featuredImage-1769193696092-0a89f8e4.png,https://app.ecomhub.app,10.0,
ecomhub,72318880-947f-4e21-948a-2e8af9a12695,Balança eletrônica de mão com gancho,escalaelesd-4208,3.1,100,0.001,1.5,ES / FR 2,https://api.ecomhub.app/public/products/featuredImage-1736940563129-21fd5bc7.jpeg,https://app.ecomhub.app,10.0,
